Student_ID,Student,Job_Profession
S1,S1,Astronomer
S2,S2,Astronomer
S3,S3,Astronomer
S4,S4,Astronomer
S5,S5,Astronomer
S6,S6,Astronomer
S7,S7,Astronomer
S8,S8,Astronomer
S9,S9,Astronomer
S10,S10,Astronomer
S11,S11,Astronomer
S12,S12,Astronomer
S13,S13,Astronomer
S14,S14,Astronomer
S15,S15,Astronomer
S16,S16,Astronomer
S17,S17,Astronomer
S18,S18,Astronomer
S19,S19,Astronomer
S20,S20,Astronomer
S21,S21,Astronomer
S22,S22,Astronomer
S23,S23,Astronomer
S24,S24,Astronomer
S25,S25,Astronomer
S26,S26,Astronomer
S27,S27,Astronomer
S28,S28,Astronomer
S29,S29,Astronomer
S30,S30,Astronomer
S31,S31,Astronomer
S32,S32,Astronomer
S33,S33,Astronomer
S34,S34,Astronomer
S35,S35,Astronomer
S36,S36,Astronomer
S37,S37,Astronomer
S38,S38,Astronomer
S39,S39,Astronomer
S40,S40,Astronomer
S41,S41,Astronomer
S42,S42,Astronomer
S43,S43,Astronomer
S44,S44,Astronomer
S45,S45,Astronomer
S46,S46,Astronomer
S47,S47,Astronomer
S48,S48,Astronomer
S49,S49,Astronomer
S50,S50,Astronomer
S51,S51,Geologist
S52,S52,Geologist
S53,S53,Geologist
S54,S54,Geologist
S55,S55,Geologist
S56,S56,Geologist
S57,S57,Geologist
S58,S58,Geologist
S59,S59,Geologist
S60,S60,Geologist
S61,S61,Geologist
S62,S62,Geologist
S63,S63,Geologist
S64,S64,Geologist
S65,S65,Geologist
S66,S66,Geologist
S67,S67,Geologist
S68,S68,Geologist
S69,S69,Geologist
S70,S70,Geologist
S71,S71,Geologist
S72,S72,Geologist
S73,S73,Geologist
S74,S74,Geologist
S75,S75,Geologist
S76,S76,Geologist
S77,S77,Geologist
S78,S78,Geologist
S79,S79,Geologist
S80,S80,Geologist
S81,S81,Geologist
S82,S82,Geologist
S83,S83,Geologist
S84,S84,Geologist
S85,S85,Geologist
S86,S86,Geologist
S87,S87,Geologist
S88,S88,Geologist
S89,S89,Geologist
S90,S90,Geologist
S91,S91,Geologist
S92,S92,Geologist
S93,S93,Geologist
S94,S94,Geologist
S95,S95,Geologist
S96,S96,Geologist
S97,S97,Geologist
S98,S98,Geologist
S99,S99,Geologist
S100,S100,Geologist
S101,S101,Marine Biologist
S102,S102,Marine Biologist
S103,S103,Marine Biologist
S104,S104,Marine Biologist
S105,S105,Marine Biologist
S106,S106,Marine Biologist
S107,S107,Marine Biologist
S108,S108,Marine Biologist
S109,S109,Marine Biologist
S110,S110,Marine Biologist
S111,S111,Marine Biologist
S112,S112,Marine Biologist
S113,S113,Marine Biologist
S114,S114,Marine Biologist
S115,S115,Marine Biologist
S116,S116,Marine Biologist
S117,S117,Marine Biologist
S118,S118,Marine Biologist
S119,S119,Marine Biologist
S120,S120,Marine Biologist
S121,S121,Marine Biologist
S122,S122,Marine Biologist
S123,S123,Marine Biologist
S124,S124,Marine Biologist
S125,S125,Marine Biologist
S126,S126,Marine Biologist
S127,S127,Marine Biologist
S128,S128,Marine Biologist
S129,S129,Marine Biologist
S130,S130,Marine Biologist
S131,S131,Marine Biologist
S132,S132,Marine Biologist
S133,S133,Marine Biologist
S134,S134,Marine Biologist
S135,S135,Marine Biologist
S136,S136,Marine Biologist
S137,S137,Marine Biologist
S138,S138,Marine Biologist
S139,S139,Marine Biologist
S140,S140,Marine Biologist
S141,S141,Marine Biologist
S142,S142,Marine Biologist
S143,S143,Marine Biologist
S144,S144,Marine Biologist
S145,S145,Marine Biologist
S146,S146,Marine Biologist
S147,S147,Marine Biologist
S148,S148,Marine Biologist
S149,S149,Marine Biologist
S150,S150,Marine Biologist
S151,S151,Veterinarian
S152,S152,Veterinarian
S153,S153,Veterinarian
S154,S154,Veterinarian
S155,S155,Veterinarian
S156,S156,Veterinarian
S157,S157,Veterinarian
S158,S158,Veterinarian
S159,S159,Veterinarian
S160,S160,Veterinarian
S161,S161,Veterinarian
S162,S162,Veterinarian
S163,S163,Veterinarian
S164,S164,Veterinarian
S165,S165,Veterinarian
S166,S166,Veterinarian
S167,S167,Veterinarian
S168,S168,Veterinarian
S169,S169,Veterinarian
S170,S170,Veterinarian
S171,S171,Veterinarian
S172,S172,Veterinarian
S173,S173,Veterinarian
S174,S174,Veterinarian
S175,S175,Veterinarian
S176,S176,Veterinarian
S177,S177,Veterinarian
S178,S178,Veterinarian
S179,S179,Veterinarian
S180,S180,Veterinarian
S181,S181,Veterinarian
S182,S182,Veterinarian
S183,S183,Veterinarian
S184,S184,Veterinarian
S185,S185,Veterinarian
S186,S186,Veterinarian
S187,S187,Veterinarian
S188,S188,Veterinarian
S189,S189,Veterinarian
S190,S190,Veterinarian
S191,S191,Veterinarian
S192,S192,Veterinarian
S193,S193,Veterinarian
S194,S194,Veterinarian
S195,S195,Veterinarian
S196,S196,Veterinarian
S197,S197,Veterinarian
S198,S198,Veterinarian
S199,S199,Veterinarian
S200,S200,Veterinarian
S201,S201,Nature photographer
S202,S202,Nature photographer
S203,S203,Nature photographer
S204,S204,Nature photographer
S205,S205,Nature photographer
S206,S206,Nature photographer
S207,S207,Nature photographer
S208,S208,Nature photographer
S209,S209,Nature photographer
S210,S210,Nature photographer
S211,S211,Nature photographer
S212,S212,Nature photographer
S213,S213,Nature photographer
S214,S214,Nature photographer
S215,S215,Nature photographer
S216,S216,Nature photographer
S217,S217,Nature photographer
S218,S218,Nature photographer
S219,S219,Nature photographer
S220,S220,Nature photographer
S221,S221,Nature photographer
S222,S222,Nature photographer
S223,S223,Nature photographer
S224,S224,Nature photographer
S225,S225,Nature photographer
S226,S226,Nature photographer
S227,S227,Nature photographer
S228,S228,Nature photographer
S229,S229,Nature photographer
S230,S230,Nature photographer
S231,S231,Nature photographer
S232,S232,Nature photographer
S233,S233,Nature photographer
S234,S234,Nature photographer
S235,S235,Nature photographer
S236,S236,Nature photographer
S237,S237,Nature photographer
S238,S238,Nature photographer
S239,S239,Nature photographer
S240,S240,Nature photographer
S241,S241,Nature photographer
S242,S242,Nature photographer
S243,S243,Nature photographer
S244,S244,Nature photographer
S245,S245,Nature photographer
S246,S246,Nature photographer
S247,S247,Nature photographer
S248,S248,Nature photographer
S249,S249,Nature photographer
S250,S250,Nature photographer
S251,S251,Recording engineer
S252,S252,Recording engineer
S253,S253,Recording engineer
S254,S254,Recording engineer
S255,S255,Recording engineer
S256,S256,Recording engineer
S257,S257,Recording engineer
S258,S258,Recording engineer
S259,S259,Recording engineer
S260,S260,Recording engineer
S261,S261,Recording engineer
S262,S262,Recording engineer
S263,S263,Recording engineer
S264,S264,Recording engineer
S265,S265,Recording engineer
S266,S266,Recording engineer
S267,S267,Recording engineer
S268,S268,Recording engineer
S269,S269,Recording engineer
S270,S270,Recording engineer
S271,S271,Recording engineer
S272,S272,Recording engineer
S273,S273,Recording engineer
S274,S274,Recording engineer
S275,S275,Recording engineer
S276,S276,Recording engineer
S277,S277,Recording engineer
S278,S278,Recording engineer
S279,S279,Recording engineer
S280,S280,Recording engineer
S281,S281,Recording engineer
S282,S282,Recording engineer
S283,S283,Recording engineer
S284,S284,Recording engineer
S285,S285,Recording engineer
S286,S286,Recording engineer
S287,S287,Recording engineer
S288,S288,Recording engineer
S289,S289,Recording engineer
S290,S290,Recording engineer
S291,S291,Recording engineer
S292,S292,Recording engineer
S293,S293,Recording engineer
S294,S294,Recording engineer
S295,S295,Recording engineer
S296,S296,Recording engineer
S297,S297,Recording engineer
S298,S298,Recording engineer
S299,S299,Recording engineer
S300,S300,Recording engineer
S301,S301,Audiologist
S302,S302,Audiologist
S303,S303,Audiologist
S304,S304,Audiologist
S305,S305,Audiologist
S306,S306,Audiologist
S307,S307,Audiologist
S308,S308,Audiologist
S309,S309,Audiologist
S310,S310,Audiologist
S311,S311,Audiologist
S312,S312,Audiologist
S313,S313,Audiologist
S314,S314,Audiologist
S315,S315,Audiologist
S316,S316,Audiologist
S317,S317,Audiologist
S318,S318,Audiologist
S319,S319,Audiologist
S320,S320,Audiologist
S321,S321,Audiologist
S322,S322,Audiologist
S323,S323,Audiologist
S324,S324,Audiologist
S325,S325,Audiologist
S326,S326,Audiologist
S327,S327,Audiologist
S328,S328,Audiologist
S329,S329,Audiologist
S330,S330,Audiologist
S331,S331,Audiologist
S332,S332,Audiologist
S333,S333,Audiologist
S334,S334,Audiologist
S335,S335,Audiologist
S336,S336,Audiologist
S337,S337,Audiologist
S338,S338,Audiologist
S339,S339,Audiologist
S340,S340,Audiologist
S341,S341,Audiologist
S342,S342,Audiologist
S343,S343,Audiologist
S344,S344,Audiologist
S345,S345,Audiologist
S346,S346,Audiologist
S347,S347,Audiologist
S348,S348,Audiologist
S349,S349,Audiologist
S350,S350,Audiologist
S351,S351,Sound editor
S352,S352,Sound editor
S353,S353,Sound editor
S354,S354,Sound editor
S355,S355,Sound editor
S356,S356,Sound editor
S357,S357,Sound editor
S358,S358,Sound editor
S359,S359,Sound editor
S360,S360,Sound editor
S361,S361,Sound editor
S362,S362,Sound editor
S363,S363,Sound editor
S364,S364,Sound editor
S365,S365,Sound editor
S366,S366,Sound editor
S367,S367,Sound editor
S368,S368,Sound editor
S369,S369,Sound editor
S370,S370,Sound editor
S371,S371,Sound editor
S372,S372,Sound editor
S373,S373,Sound editor
S374,S374,Sound editor
S375,S375,Sound editor
S376,S376,Sound editor
S377,S377,Sound editor
S378,S378,Sound editor
S379,S379,Sound editor
S380,S380,Sound editor
S381,S381,Sound editor
S382,S382,Sound editor
S383,S383,Sound editor
S384,S384,Sound editor
S385,S385,Sound editor
S386,S386,Sound editor
S387,S387,Sound editor
S388,S388,Sound editor
S389,S389,Sound editor
S390,S390,Sound editor
S391,S391,Sound editor
S392,S392,Sound editor
S393,S393,Sound editor
S394,S394,Sound editor
S395,S395,Sound editor
S396,S396,Sound editor
S397,S397,Sound editor
S398,S398,Sound editor
S399,S399,Sound editor
S400,S400,Sound editor
S401,S401,Music teacher
S402,S402,Music teacher
S403,S403,Music teacher
S404,S404,Music teacher
S405,S405,Music teacher
S406,S406,Music teacher
S407,S407,Music teacher
S408,S408,Music teacher
S409,S409,Music teacher
S410,S410,Music teacher
S411,S411,Music teacher
S412,S412,Music teacher
S413,S413,Music teacher
S414,S414,Music teacher
S415,S415,Music teacher
S416,S416,Music teacher
S417,S417,Music teacher
S418,S418,Music teacher
S419,S419,Music teacher
S420,S420,Music teacher
S421,S421,Music teacher
S422,S422,Music teacher
S423,S423,Music teacher
S424,S424,Music teacher
S425,S425,Music teacher
S426,S426,Music teacher
S427,S427,Music teacher
S428,S428,Music teacher
S429,S429,Music teacher
S430,S430,Music teacher
S431,S431,Music teacher
S432,S432,Music teacher
S433,S433,Music teacher
S434,S434,Music teacher
S435,S435,Music teacher
S436,S436,Music teacher
S437,S437,Music teacher
S438,S438,Music teacher
S439,S439,Music teacher
S440,S440,Music teacher
S441,S441,Music teacher
S442,S442,Music teacher
S443,S443,Music teacher
S444,S444,Music teacher
S445,S445,Music teacher
S446,S446,Music teacher
S447,S447,Music teacher
S448,S448,Music teacher
S449,S449,Music teacher
S450,S450,Music teacher
S451,S451,Actuary
S452,S452,Actuary
S453,S453,Actuary
S454,S454,Actuary
S455,S455,Actuary
S456,S456,Actuary
S457,S457,Actuary
S458,S458,Actuary
S459,S459,Actuary
S460,S460,Actuary
S461,S461,Actuary
S462,S462,Actuary
S463,S463,Actuary
S464,S464,Actuary
S465,S465,Actuary
S466,S466,Actuary
S467,S467,Actuary
S468,S468,Actuary
S469,S469,Actuary
S470,S470,Actuary
S471,S471,Actuary
S472,S472,Actuary
S473,S473,Actuary
S474,S474,Actuary
S475,S475,Actuary
S476,S476,Actuary
S477,S477,Actuary
S478,S478,Actuary
S479,S479,Actuary
S480,S480,Actuary
S481,S481,Actuary
S482,S482,Actuary
S483,S483,Actuary
S484,S484,Actuary
S485,S485,Actuary
S486,S486,Actuary
S487,S487,Actuary
S488,S488,Actuary
S489,S489,Actuary
S490,S490,Actuary
S491,S491,Actuary
S492,S492,Actuary
S493,S493,Actuary
S494,S494,Actuary
S495,S495,Actuary
S496,S496,Actuary
S497,S497,Actuary
S498,S498,Actuary
S499,S499,Actuary
S500,S500,Actuary
S501,S501,Chartered Accountant
S502,S502,Chartered Accountant
S503,S503,Chartered Accountant
S504,S504,Chartered Accountant
S505,S505,Chartered Accountant
S506,S506,Chartered Accountant
S507,S507,Chartered Accountant
S508,S508,Chartered Accountant
S509,S509,Chartered Accountant
S510,S510,Chartered Accountant
S511,S511,Chartered Accountant
S512,S512,Chartered Accountant
S513,S513,Chartered Accountant
S514,S514,Chartered Accountant
S515,S515,Chartered Accountant
S516,S516,Chartered Accountant
S517,S517,Chartered Accountant
S518,S518,Chartered Accountant
S519,S519,Chartered Accountant
S520,S520,Chartered Accountant
S521,S521,Chartered Accountant
S522,S522,Chartered Accountant
S523,S523,Chartered Accountant
S524,S524,Chartered Accountant
S525,S525,Chartered Accountant
S526,S526,Chartered Accountant
S527,S527,Chartered Accountant
S528,S528,Chartered Accountant
S529,S529,Chartered Accountant
S530,S530,Chartered Accountant
S531,S531,Chartered Accountant
S532,S532,Chartered Accountant
S533,S533,Chartered Accountant
S534,S534,Chartered Accountant
S535,S535,Chartered Accountant
S536,S536,Chartered Accountant
S537,S537,Chartered Accountant
S538,S538,Chartered Accountant
S539,S539,Chartered Accountant
S540,S540,Chartered Accountant
S541,S541,Chartered Accountant
S542,S542,Chartered Accountant
S543,S543,Chartered Accountant
S544,S544,Chartered Accountant
S545,S545,Chartered Accountant
S546,S546,Chartered Accountant
S547,S547,Chartered Accountant
S548,S548,Chartered Accountant
S549,S549,Chartered Accountant
S550,S550,Chartered Accountant
S551,S551,Computer analyst
S552,S552,Computer analyst
S553,S553,Computer analyst
S554,S554,Computer analyst
S555,S555,Computer analyst
S556,S556,Computer analyst
S557,S557,Computer analyst
S558,S558,Computer analyst
S559,S559,Computer analyst
S560,S560,Computer analyst
S561,S561,Computer analyst
S562,S562,Computer analyst
S563,S563,Computer analyst
S564,S564,Computer analyst
S565,S565,Computer analyst
S566,S566,Computer analyst
S567,S567,Computer analyst
S568,S568,Computer analyst
S569,S569,Computer analyst
S570,S570,Computer analyst
S571,S571,Computer analyst
S572,S572,Computer analyst
S573,S573,Computer analyst
S574,S574,Computer analyst
S575,S575,Computer analyst
S576,S576,Computer analyst
S577,S577,Computer analyst
S578,S578,Computer analyst
S579,S579,Computer analyst
S580,S580,Computer analyst
S581,S581,Computer analyst
S582,S582,Computer analyst
S583,S583,Computer analyst
S584,S584,Computer analyst
S585,S585,Computer analyst
S586,S586,Computer analyst
S587,S587,Computer analyst
S588,S588,Computer analyst
S589,S589,Computer analyst
S590,S590,Computer analyst
S591,S591,Computer analyst
S592,S592,Computer analyst
S593,S593,Computer analyst
S594,S594,Computer analyst
S595,S595,Computer analyst
S596,S596,Computer analyst
S597,S597,Computer analyst
S598,S598,Computer analyst
S599,S599,Computer analyst
S600,S600,Computer analyst
S601,S601,Computer programmer
S602,S602,Computer programmer
S603,S603,Computer programmer
S604,S604,Computer programmer
S605,S605,Computer programmer
S606,S606,Computer programmer
S607,S607,Computer programmer
S608,S608,Computer programmer
S609,S609,Computer programmer
S610,S610,Computer programmer
S611,S611,Computer programmer
S612,S612,Computer programmer
S613,S613,Computer programmer
S614,S614,Computer programmer
S615,S615,Computer programmer
S616,S616,Computer programmer
S617,S617,Computer programmer
S618,S618,Computer programmer
S619,S619,Computer programmer
S620,S620,Computer programmer
S621,S621,Computer programmer
S622,S622,Computer programmer
S623,S623,Computer programmer
S624,S624,Computer programmer
S625,S625,Computer programmer
S626,S626,Computer programmer
S627,S627,Computer programmer
S628,S628,Computer programmer
S629,S629,Computer programmer
S630,S630,Computer programmer
S631,S631,Computer programmer
S632,S632,Computer programmer
S633,S633,Computer programmer
S634,S634,Computer programmer
S635,S635,Computer programmer
S636,S636,Computer programmer
S637,S637,Computer programmer
S638,S638,Computer programmer
S639,S639,Computer programmer
S640,S640,Computer programmer
S641,S641,Computer programmer
S642,S642,Computer programmer
S643,S643,Computer programmer
S644,S644,Computer programmer
S645,S645,Computer programmer
S646,S646,Computer programmer
S647,S647,Computer programmer
S648,S648,Computer programmer
S649,S649,Computer programmer
S650,S650,Computer programmer
S651,S651,Database designer
S652,S652,Database designer
S653,S653,Database designer
S654,S654,Database designer
S655,S655,Database designer
S656,S656,Database designer
S657,S657,Database designer
S658,S658,Database designer
S659,S659,Database designer
S660,S660,Database designer
S661,S661,Database designer
S662,S662,Database designer
S663,S663,Database designer
S664,S664,Database designer
S665,S665,Database designer
S666,S666,Database designer
S667,S667,Database designer
S668,S668,Database designer
S669,S669,Database designer
S670,S670,Database designer
S671,S671,Database designer
S672,S672,Database designer
S673,S673,Database designer
S674,S674,Database designer
S675,S675,Database designer
S676,S676,Database designer
S677,S677,Database designer
S678,S678,Database designer
S679,S679,Database designer
S680,S680,Database designer
S681,S681,Database designer
S682,S682,Database designer
S683,S683,Database designer
S684,S684,Database designer
S685,S685,Database designer
S686,S686,Database designer
S687,S687,Database designer
S688,S688,Database designer
S689,S689,Database designer
S690,S690,Database designer
S691,S691,Database designer
S692,S692,Database designer
S693,S693,Database designer
S694,S694,Database designer
S695,S695,Database designer
S696,S696,Database designer
S697,S697,Database designer
S698,S698,Database designer
S699,S699,Database designer
S700,S700,Database designer
S701,S701,Economist
S702,S702,Economist
S703,S703,Economist
S704,S704,Economist
S705,S705,Economist
S706,S706,Economist
S707,S707,Economist
S708,S708,Economist
S709,S709,Economist
S710,S710,Economist
S711,S711,Economist
S712,S712,Economist
S713,S713,Economist
S714,S714,Economist
S715,S715,Economist
S716,S716,Economist
S717,S717,Economist
S718,S718,Economist
S719,S719,Economist
S720,S720,Economist
S721,S721,Economist
S722,S722,Economist
S723,S723,Economist
S724,S724,Economist
S725,S725,Economist
S726,S726,Economist
S727,S727,Economist
S728,S728,Economist
S729,S729,Economist
S730,S730,Economist
S731,S731,Economist
S732,S732,Economist
S733,S733,Economist
S734,S734,Economist
S735,S735,Economist
S736,S736,Economist
S737,S737,Economist
S738,S738,Economist
S739,S739,Economist
S740,S740,Economist
S741,S741,Economist
S742,S742,Economist
S743,S743,Economist
S744,S744,Economist
S745,S745,Economist
S746,S746,Economist
S747,S747,Economist
S748,S748,Economist
S749,S749,Economist
S750,S750,Economist
S751,S751,Librarian
S752,S752,Librarian
S753,S753,Librarian
S754,S754,Librarian
S755,S755,Librarian
S756,S756,Librarian
S757,S757,Librarian
S758,S758,Librarian
S759,S759,Librarian
S760,S760,Librarian
S761,S761,Librarian
S762,S762,Librarian
S763,S763,Librarian
S764,S764,Librarian
S765,S765,Librarian
S766,S766,Librarian
S767,S767,Librarian
S768,S768,Librarian
S769,S769,Librarian
S770,S770,Librarian
S771,S771,Librarian
S772,S772,Librarian
S773,S773,Librarian
S774,S774,Librarian
S775,S775,Librarian
S776,S776,Librarian
S777,S777,Librarian
S778,S778,Librarian
S779,S779,Librarian
S780,S780,Librarian
S781,S781,Librarian
S782,S782,Librarian
S783,S783,Librarian
S784,S784,Librarian
S785,S785,Librarian
S786,S786,Librarian
S787,S787,Librarian
S788,S788,Librarian
S789,S789,Librarian
S790,S790,Librarian
S791,S791,Librarian
S792,S792,Librarian
S793,S793,Librarian
S794,S794,Librarian
S795,S795,Librarian
S796,S796,Librarian
S797,S797,Librarian
S798,S798,Librarian
S799,S799,Librarian
S800,S800,Librarian
S801,S801,Engineer
S802,S802,Engineer
S803,S803,Engineer
S804,S804,Engineer
S805,S805,Engineer
S806,S806,Engineer
S807,S807,Engineer
S808,S808,Engineer
S809,S809,Engineer
S810,S810,Engineer
S811,S811,Engineer
S812,S812,Engineer
S813,S813,Engineer
S814,S814,Engineer
S815,S815,Engineer
S816,S816,Engineer
S817,S817,Engineer
S818,S818,Engineer
S819,S819,Engineer
S820,S820,Engineer
S821,S821,Engineer
S822,S822,Engineer
S823,S823,Engineer
S824,S824,Engineer
S825,S825,Engineer
S826,S826,Engineer
S827,S827,Engineer
S828,S828,Engineer
S829,S829,Engineer
S830,S830,Engineer
S831,S831,Engineer
S832,S832,Engineer
S833,S833,Engineer
S834,S834,Engineer
S835,S835,Engineer
S836,S836,Engineer
S837,S837,Engineer
S838,S838,Engineer
S839,S839,Engineer
S840,S840,Engineer
S841,S841,Engineer
S842,S842,Engineer
S843,S843,Engineer
S844,S844,Engineer
S845,S845,Engineer
S846,S846,Engineer
S847,S847,Engineer
S848,S848,Engineer
S849,S849,Engineer
S850,S850,Engineer
S851,S851,Lawyer
S852,S852,Lawyer
S853,S853,Lawyer
S854,S854,Lawyer
S855,S855,Lawyer
S856,S856,Lawyer
S857,S857,Lawyer
S858,S858,Lawyer
S859,S859,Lawyer
S860,S860,Lawyer
S861,S861,Lawyer
S862,S862,Lawyer
S863,S863,Lawyer
S864,S864,Lawyer
S865,S865,Lawyer
S866,S866,Lawyer
S867,S867,Lawyer
S868,S868,Lawyer
S869,S869,Lawyer
S870,S870,Lawyer
S871,S871,Lawyer
S872,S872,Lawyer
S873,S873,Lawyer
S874,S874,Lawyer
S875,S875,Lawyer
S876,S876,Lawyer
S877,S877,Lawyer
S878,S878,Lawyer
S879,S879,Lawyer
S880,S880,Lawyer
S881,S881,Lawyer
S882,S882,Lawyer
S883,S883,Lawyer
S884,S884,Lawyer
S885,S885,Lawyer
S886,S886,Lawyer
S887,S887,Lawyer
S888,S888,Lawyer
S889,S889,Lawyer
S890,S890,Lawyer
S891,S891,Lawyer
S892,S892,Lawyer
S893,S893,Lawyer
S894,S894,Lawyer
S895,S895,Lawyer
S896,S896,Lawyer
S897,S897,Lawyer
S898,S898,Lawyer
S899,S899,Lawyer
S900,S900,Lawyer
S901,S901,Pharmacist
S902,S902,Pharmacist
S903,S903,Pharmacist
S904,S904,Pharmacist
S905,S905,Pharmacist
S906,S906,Pharmacist
S907,S907,Pharmacist
S908,S908,Pharmacist
S909,S909,Pharmacist
S910,S910,Pharmacist
S911,S911,Pharmacist
S912,S912,Pharmacist
S913,S913,Pharmacist
S914,S914,Pharmacist
S915,S915,Pharmacist
S916,S916,Pharmacist
S917,S917,Pharmacist
S918,S918,Pharmacist
S919,S919,Pharmacist
S920,S920,Pharmacist
S921,S921,Pharmacist
S922,S922,Pharmacist
S923,S923,Pharmacist
S924,S924,Pharmacist
S925,S925,Pharmacist
S926,S926,Pharmacist
S927,S927,Pharmacist
S928,S928,Pharmacist
S929,S929,Pharmacist
S930,S930,Pharmacist
S931,S931,Pharmacist
S932,S932,Pharmacist
S933,S933,Pharmacist
S934,S934,Pharmacist
S935,S935,Pharmacist
S936,S936,Pharmacist
S937,S937,Pharmacist
S938,S938,Pharmacist
S939,S939,Pharmacist
S940,S940,Pharmacist
S941,S941,Pharmacist
S942,S942,Pharmacist
S943,S943,Pharmacist
S944,S944,Pharmacist
S945,S945,Pharmacist
S946,S946,Pharmacist
S947,S947,Pharmacist
S948,S948,Pharmacist
S949,S949,Pharmacist
S950,S950,Pharmacist
S951,S951,Physician
S952,S952,Physician
S953,S953,Physician
S954,S954,Physician
S955,S955,Physician
S956,S956,Physician
S957,S957,Physician
S958,S958,Physician
S959,S959,Physician
S960,S960,Physician
S961,S961,Physician
S962,S962,Physician
S963,S963,Physician
S964,S964,Physician
S965,S965,Physician
S966,S966,Physician
S967,S967,Physician
S968,S968,Physician
S969,S969,Physician
S970,S970,Physician
S971,S971,Physician
S972,S972,Physician
S973,S973,Physician
S974,S974,Physician
S975,S975,Physician
S976,S976,Physician
S977,S977,Physician
S978,S978,Physician
S979,S979,Physician
S980,S980,Physician
S981,S981,Physician
S982,S982,Physician
S983,S983,Physician
S984,S984,Physician
S985,S985,Physician
S986,S986,Physician
S987,S987,Physician
S988,S988,Physician
S989,S989,Physician
S990,S990,Physician
S991,S991,Physician
S992,S992,Physician
S993,S993,Physician
S994,S994,Physician
S995,S995,Physician
S996,S996,Physician
S997,S997,Physician
S998,S998,Physician
S999,S999,Physician
S1000,S1000,Physician
S1001,S1001,Physicist
S1002,S1002,Physicist
S1003,S1003,Physicist
S1004,S1004,Physicist
S1005,S1005,Physicist
S1006,S1006,Physicist
S1007,S1007,Physicist
S1008,S1008,Physicist
S1009,S1009,Physicist
S1010,S1010,Physicist
S1011,S1011,Physicist
S1012,S1012,Physicist
S1013,S1013,Physicist
S1014,S1014,Physicist
S1015,S1015,Physicist
S1016,S1016,Physicist
S1017,S1017,Physicist
S1018,S1018,Physicist
S1019,S1019,Physicist
S1020,S1020,Physicist
S1021,S1021,Physicist
S1022,S1022,Physicist
S1023,S1023,Physicist
S1024,S1024,Physicist
S1025,S1025,Physicist
S1026,S1026,Physicist
S1027,S1027,Physicist
S1028,S1028,Physicist
S1029,S1029,Physicist
S1030,S1030,Physicist
S1031,S1031,Physicist
S1032,S1032,Physicist
S1033,S1033,Physicist
S1034,S1034,Physicist
S1035,S1035,Physicist
S1036,S1036,Physicist
S1037,S1037,Physicist
S1038,S1038,Physicist
S1039,S1039,Physicist
S1040,S1040,Physicist
S1041,S1041,Physicist
S1042,S1042,Physicist
S1043,S1043,Physicist
S1044,S1044,Physicist
S1045,S1045,Physicist
S1046,S1046,Physicist
S1047,S1047,Physicist
S1048,S1048,Physicist
S1049,S1049,Physicist
S1050,S1050,Physicist
S1051,S1051,Mathematician
S1052,S1052,Mathematician
S1053,S1053,Mathematician
S1054,S1054,Mathematician
S1055,S1055,Mathematician
S1056,S1056,Mathematician
S1057,S1057,Mathematician
S1058,S1058,Mathematician
S1059,S1059,Mathematician
S1060,S1060,Mathematician
S1061,S1061,Mathematician
S1062,S1062,Mathematician
S1063,S1063,Mathematician
S1064,S1064,Mathematician
S1065,S1065,Mathematician
S1066,S1066,Mathematician
S1067,S1067,Mathematician
S1068,S1068,Mathematician
S1069,S1069,Mathematician
S1070,S1070,Mathematician
S1071,S1071,Mathematician
S1072,S1072,Mathematician
S1073,S1073,Mathematician
S1074,S1074,Mathematician
S1075,S1075,Mathematician
S1076,S1076,Mathematician
S1077,S1077,Mathematician
S1078,S1078,Mathematician
S1079,S1079,Mathematician
S1080,S1080,Mathematician
S1081,S1081,Mathematician
S1082,S1082,Mathematician
S1083,S1083,Mathematician
S1084,S1084,Mathematician
S1085,S1085,Mathematician
S1086,S1086,Mathematician
S1087,S1087,Mathematician
S1088,S1088,Mathematician
S1089,S1089,Mathematician
S1090,S1090,Mathematician
S1091,S1091,Mathematician
S1092,S1092,Mathematician
S1093,S1093,Mathematician
S1094,S1094,Mathematician
S1095,S1095,Mathematician
S1096,S1096,Mathematician
S1097,S1097,Mathematician
S1098,S1098,Mathematician
S1099,S1099,Mathematician
S1100,S1100,Mathematician
S1101,S1101,Leader
S1102,S1102,Leader
S1103,S1103,Leader
S1104,S1104,Leader
S1105,S1105,Leader
S1106,S1106,Leader
S1107,S1107,Leader
S1108,S1108,Leader
S1109,S1109,Leader
S1110,S1110,Leader
S1111,S1111,Leader
S1112,S1112,Leader
S1113,S1113,Leader
S1114,S1114,Leader
S1115,S1115,Leader
S1116,S1116,Leader
S1117,S1117,Leader
S1118,S1118,Leader
S1119,S1119,Leader
S1120,S1120,Leader
S1121,S1121,Leader
S1122,S1122,Leader
S1123,S1123,Leader
S1124,S1124,Leader
S1125,S1125,Leader
S1126,S1126,Leader
S1127,S1127,Leader
S1128,S1128,Leader
S1129,S1129,Leader
S1130,S1130,Leader
S1131,S1131,Leader
S1132,S1132,Leader
S1133,S1133,Leader
S1134,S1134,Leader
S1135,S1135,Leader
S1136,S1136,Leader
S1137,S1137,Leader
S1138,S1138,Leader
S1139,S1139,Leader
S1140,S1140,Leader
S1141,S1141,Leader
S1142,S1142,Leader
S1143,S1143,Leader
S1144,S1144,Leader
S1145,S1145,Leader
S1146,S1146,Leader
S1147,S1147,Leader
S1148,S1148,Leader
S1149,S1149,Leader
S1150,S1150,Leader
S1151,S1151,Manager
S1152,S1152,Manager
S1153,S1153,Manager
S1154,S1154,Manager
S1155,S1155,Manager
S1156,S1156,Manager
S1157,S1157,Manager
S1158,S1158,Manager
S1159,S1159,Manager
S1160,S1160,Manager
S1161,S1161,Manager
S1162,S1162,Manager
S1163,S1163,Manager
S1164,S1164,Manager
S1165,S1165,Manager
S1166,S1166,Manager
S1167,S1167,Manager
S1168,S1168,Manager
S1169,S1169,Manager
S1170,S1170,Manager
S1171,S1171,Manager
S1172,S1172,Manager
S1173,S1173,Manager
S1174,S1174,Manager
S1175,S1175,Manager
S1176,S1176,Manager
S1177,S1177,Manager
S1178,S1178,Manager
S1179,S1179,Manager
S1180,S1180,Manager
S1181,S1181,Manager
S1182,S1182,Manager
S1183,S1183,Manager
S1184,S1184,Manager
S1185,S1185,Manager
S1186,S1186,Manager
S1187,S1187,Manager
S1188,S1188,Manager
S1189,S1189,Manager
S1190,S1190,Manager
S1191,S1191,Manager
S1192,S1192,Manager
S1193,S1193,Manager
S1194,S1194,Manager
S1195,S1195,Manager
S1196,S1196,Manager
S1197,S1197,Manager
S1198,S1198,Manager
S1199,S1199,Manager
S1200,S1200,Manager
S1201,S1201,Politician
S1202,S1202,Politician
S1203,S1203,Politician
S1204,S1204,Politician
S1205,S1205,Politician
S1206,S1206,Politician
S1207,S1207,Politician
S1208,S1208,Politician
S1209,S1209,Politician
S1210,S1210,Politician
S1211,S1211,Politician
S1212,S1212,Politician
S1213,S1213,Politician
S1214,S1214,Politician
S1215,S1215,Politician
S1216,S1216,Politician
S1217,S1217,Politician
S1218,S1218,Politician
S1219,S1219,Politician
S1220,S1220,Politician
S1221,S1221,Politician
S1222,S1222,Politician
S1223,S1223,Politician
S1224,S1224,Politician
S1225,S1225,Politician
S1226,S1226,Politician
S1227,S1227,Politician
S1228,S1228,Politician
S1229,S1229,Politician
S1230,S1230,Politician
S1231,S1231,Politician
S1232,S1232,Politician
S1233,S1233,Politician
S1234,S1234,Politician
S1235,S1235,Politician
S1236,S1236,Politician
S1237,S1237,Politician
S1238,S1238,Politician
S1239,S1239,Politician
S1240,S1240,Politician
S1241,S1241,Politician
S1242,S1242,Politician
S1243,S1243,Politician
S1244,S1244,Politician
S1245,S1245,Politician
S1246,S1246,Politician
S1247,S1247,Politician
S1248,S1248,Politician
S1249,S1249,Politician
S1250,S1250,Politician
S1251,S1251,Social Worker
S1252,S1252,Social Worker
S1253,S1253,Social Worker
S1254,S1254,Social Worker
S1255,S1255,Social Worker
S1256,S1256,Social Worker
S1257,S1257,Social Worker
S1258,S1258,Social Worker
S1259,S1259,Social Worker
S1260,S1260,Social Worker
S1261,S1261,Social Worker
S1262,S1262,Social Worker
S1263,S1263,Social Worker
S1264,S1264,Social Worker
S1265,S1265,Social Worker
S1266,S1266,Social Worker
S1267,S1267,Social Worker
S1268,S1268,Social Worker
S1269,S1269,Social Worker
S1270,S1270,Social Worker
S1271,S1271,Social Worker
S1272,S1272,Social Worker
S1273,S1273,Social Worker
S1274,S1274,Social Worker
S1275,S1275,Social Worker
S1276,S1276,Social Worker
S1277,S1277,Social Worker
S1278,S1278,Social Worker
S1279,S1279,Social Worker
S1280,S1280,Social Worker
S1281,S1281,Social Worker
S1282,S1282,Social Worker
S1283,S1283,Social Worker
S1284,S1284,Social Worker
S1285,S1285,Social Worker
S1286,S1286,Social Worker
S1287,S1287,Social Worker
S1288,S1288,Social Worker
S1289,S1289,Social Worker
S1290,S1290,Social Worker
S1291,S1291,Social Worker
S1292,S1292,Social Worker
S1293,S1293,Social Worker
S1294,S1294,Social Worker
S1295,S1295,Social Worker
S1296,S1296,Social Worker
S1297,S1297,Social Worker
S1298,S1298,Social Worker
S1299,S1299,Social Worker
S1300,S1300,Social Worker
S1301,S1301,Receptionist
S1302,S1302,Receptionist
S1303,S1303,Receptionist
S1304,S1304,Receptionist
S1305,S1305,Receptionist
S1306,S1306,Receptionist
S1307,S1307,Receptionist
S1308,S1308,Receptionist
S1309,S1309,Receptionist
S1310,S1310,Receptionist
S1311,S1311,Receptionist
S1312,S1312,Receptionist
S1313,S1313,Receptionist
S1314,S1314,Receptionist
S1315,S1315,Receptionist
S1316,S1316,Receptionist
S1317,S1317,Receptionist
S1318,S1318,Receptionist
S1319,S1319,Receptionist
S1320,S1320,Receptionist
S1321,S1321,Receptionist
S1322,S1322,Receptionist
S1323,S1323,Receptionist
S1324,S1324,Receptionist
S1325,S1325,Receptionist
S1326,S1326,Receptionist
S1327,S1327,Receptionist
S1328,S1328,Receptionist
S1329,S1329,Receptionist
S1330,S1330,Receptionist
S1331,S1331,Receptionist
S1332,S1332,Receptionist
S1333,S1333,Receptionist
S1334,S1334,Receptionist
S1335,S1335,Receptionist
S1336,S1336,Receptionist
S1337,S1337,Receptionist
S1338,S1338,Receptionist
S1339,S1339,Receptionist
S1340,S1340,Receptionist
S1341,S1341,Receptionist
S1342,S1342,Receptionist
S1343,S1343,Receptionist
S1344,S1344,Receptionist
S1345,S1345,Receptionist
S1346,S1346,Receptionist
S1347,S1347,Receptionist
S1348,S1348,Receptionist
S1349,S1349,Receptionist
S1350,S1350,Receptionist
S1351,S1351,Sales Representative
S1352,S1352,Sales Representative
S1353,S1353,Sales Representative
S1354,S1354,Sales Representative
S1355,S1355,Sales Representative
S1356,S1356,Sales Representative
S1357,S1357,Sales Representative
S1358,S1358,Sales Representative
S1359,S1359,Sales Representative
S1360,S1360,Sales Representative
S1361,S1361,Sales Representative
S1362,S1362,Sales Representative
S1363,S1363,Sales Representative
S1364,S1364,Sales Representative
S1365,S1365,Sales Representative
S1366,S1366,Sales Representative
S1367,S1367,Sales Representative
S1368,S1368,Sales Representative
S1369,S1369,Sales Representative
S1370,S1370,Sales Representative
S1371,S1371,Sales Representative
S1372,S1372,Sales Representative
S1373,S1373,Sales Representative
S1374,S1374,Sales Representative
S1375,S1375,Sales Representative
S1376,S1376,Sales Representative
S1377,S1377,Sales Representative
S1378,S1378,Sales Representative
S1379,S1379,Sales Representative
S1380,S1380,Sales Representative
S1381,S1381,Sales Representative
S1382,S1382,Sales Representative
S1383,S1383,Sales Representative
S1384,S1384,Sales Representative
S1385,S1385,Sales Representative
S1386,S1386,Sales Representative
S1387,S1387,Sales Representative
S1388,S1388,Sales Representative
S1389,S1389,Sales Representative
S1390,S1390,Sales Representative
S1391,S1391,Sales Representative
S1392,S1392,Sales Representative
S1393,S1393,Sales Representative
S1394,S1394,Sales Representative
S1395,S1395,Sales Representative
S1396,S1396,Sales Representative
S1397,S1397,Sales Representative
S1398,S1398,Sales Representative
S1399,S1399,Sales Representative
S1400,S1400,Sales Representative
S1401,S1401,Counselor
S1402,S1402,Counselor
S1403,S1403,Counselor
S1404,S1404,Counselor
S1405,S1405,Counselor
S1406,S1406,Counselor
S1407,S1407,Counselor
S1408,S1408,Counselor
S1409,S1409,Counselor
S1410,S1410,Counselor
S1411,S1411,Counselor
S1412,S1412,Counselor
S1413,S1413,Counselor
S1414,S1414,Counselor
S1415,S1415,Counselor
S1416,S1416,Counselor
S1417,S1417,Counselor
S1418,S1418,Counselor
S1419,S1419,Counselor
S1420,S1420,Counselor
S1421,S1421,Counselor
S1422,S1422,Counselor
S1423,S1423,Counselor
S1424,S1424,Counselor
S1425,S1425,Counselor
S1426,S1426,Counselor
S1427,S1427,Counselor
S1428,S1428,Counselor
S1429,S1429,Counselor
S1430,S1430,Counselor
S1431,S1431,Counselor
S1432,S1432,Counselor
S1433,S1433,Counselor
S1434,S1434,Counselor
S1435,S1435,Counselor
S1436,S1436,Counselor
S1437,S1437,Counselor
S1438,S1438,Counselor
S1439,S1439,Counselor
S1440,S1440,Counselor
S1441,S1441,Counselor
S1442,S1442,Counselor
S1443,S1443,Counselor
S1444,S1444,Counselor
S1445,S1445,Counselor
S1446,S1446,Counselor
S1447,S1447,Counselor
S1448,S1448,Counselor
S1449,S1449,Counselor
S1450,S1450,Counselor
S1451,S1451,Athlete
S1452,S1452,Athlete
S1453,S1453,Athlete
S1454,S1454,Athlete
S1455,S1455,Athlete
S1456,S1456,Athlete
S1457,S1457,Athlete
S1458,S1458,Athlete
S1459,S1459,Athlete
S1460,S1460,Athlete
S1461,S1461,Athlete
S1462,S1462,Athlete
S1463,S1463,Athlete
S1464,S1464,Athlete
S1465,S1465,Athlete
S1466,S1466,Athlete
S1467,S1467,Athlete
S1468,S1468,Athlete
S1469,S1469,Athlete
S1470,S1470,Athlete
S1471,S1471,Athlete
S1472,S1472,Athlete
S1473,S1473,Athlete
S1474,S1474,Athlete
S1475,S1475,Athlete
S1476,S1476,Athlete
S1477,S1477,Athlete
S1478,S1478,Athlete
S1479,S1479,Athlete
S1480,S1480,Athlete
S1481,S1481,Athlete
S1482,S1482,Athlete
S1483,S1483,Athlete
S1484,S1484,Athlete
S1485,S1485,Athlete
S1486,S1486,Athlete
S1487,S1487,Athlete
S1488,S1488,Athlete
S1489,S1489,Athlete
S1490,S1490,Athlete
S1491,S1491,Athlete
S1492,S1492,Athlete
S1493,S1493,Athlete
S1494,S1494,Athlete
S1495,S1495,Athlete
S1496,S1496,Athlete
S1497,S1497,Athlete
S1498,S1498,Athlete
S1499,S1499,Athlete
S1500,S1500,Athlete
S1501,S1501,Dancer
S1502,S1502,Dancer
S1503,S1503,Dancer
S1504,S1504,Dancer
S1505,S1505,Dancer
S1506,S1506,Dancer
S1507,S1507,Dancer
S1508,S1508,Dancer
S1509,S1509,Dancer
S1510,S1510,Dancer
S1511,S1511,Dancer
S1512,S1512,Dancer
S1513,S1513,Dancer
S1514,S1514,Dancer
S1515,S1515,Dancer
S1516,S1516,Dancer
S1517,S1517,Dancer
S1518,S1518,Dancer
S1519,S1519,Dancer
S1520,S1520,Dancer
S1521,S1521,Dancer
S1522,S1522,Dancer
S1523,S1523,Dancer
S1524,S1524,Dancer
S1525,S1525,Dancer
S1526,S1526,Dancer
S1527,S1527,Dancer
S1528,S1528,Dancer
S1529,S1529,Dancer
S1530,S1530,Dancer
S1531,S1531,Dancer
S1532,S1532,Dancer
S1533,S1533,Dancer
S1534,S1534,Dancer
S1535,S1535,Dancer
S1536,S1536,Dancer
S1537,S1537,Dancer
S1538,S1538,Dancer
S1539,S1539,Dancer
S1540,S1540,Dancer
S1541,S1541,Dancer
S1542,S1542,Dancer
S1543,S1543,Dancer
S1544,S1544,Dancer
S1545,S1545,Dancer
S1546,S1546,Dancer
S1547,S1547,Dancer
S1548,S1548,Dancer
S1549,S1549,Dancer
S1550,S1550,Dancer
S1551,S1551,Mechanic
S1552,S1552,Mechanic
S1553,S1553,Mechanic
S1554,S1554,Mechanic
S1555,S1555,Mechanic
S1556,S1556,Mechanic
S1557,S1557,Mechanic
S1558,S1558,Mechanic
S1559,S1559,Mechanic
S1560,S1560,Mechanic
S1561,S1561,Mechanic
S1562,S1562,Mechanic
S1563,S1563,Mechanic
S1564,S1564,Mechanic
S1565,S1565,Mechanic
S1566,S1566,Mechanic
S1567,S1567,Mechanic
S1568,S1568,Mechanic
S1569,S1569,Mechanic
S1570,S1570,Mechanic
S1571,S1571,Mechanic
S1572,S1572,Mechanic
S1573,S1573,Mechanic
S1574,S1574,Mechanic
S1575,S1575,Mechanic
S1576,S1576,Mechanic
S1577,S1577,Mechanic
S1578,S1578,Mechanic
S1579,S1579,Mechanic
S1580,S1580,Mechanic
S1581,S1581,Mechanic
S1582,S1582,Mechanic
S1583,S1583,Mechanic
S1584,S1584,Mechanic
S1585,S1585,Mechanic
S1586,S1586,Mechanic
S1587,S1587,Mechanic
S1588,S1588,Mechanic
S1589,S1589,Mechanic
S1590,S1590,Mechanic
S1591,S1591,Mechanic
S1592,S1592,Mechanic
S1593,S1593,Mechanic
S1594,S1594,Mechanic
S1595,S1595,Mechanic
S1596,S1596,Mechanic
S1597,S1597,Mechanic
S1598,S1598,Mechanic
S1599,S1599,Mechanic
S1600,S1600,Mechanic
S1601,S1601,Actor / Actress
S1602,S1602,Actor / Actress
S1603,S1603,Actor / Actress
S1604,S1604,Actor / Actress
S1605,S1605,Actor / Actress
S1606,S1606,Actor / Actress
S1607,S1607,Actor / Actress
S1608,S1608,Actor / Actress
S1609,S1609,Actor / Actress
S1610,S1610,Actor / Actress
S1611,S1611,Actor / Actress
S1612,S1612,Actor / Actress
S1613,S1613,Actor / Actress
S1614,S1614,Actor / Actress
S1615,S1615,Actor / Actress
S1616,S1616,Actor / Actress
S1617,S1617,Actor / Actress
S1618,S1618,Actor / Actress
S1619,S1619,Actor / Actress
S1620,S1620,Actor / Actress
S1621,S1621,Actor / Actress
S1622,S1622,Actor / Actress
S1623,S1623,Actor / Actress
S1624,S1624,Actor / Actress
S1625,S1625,Actor / Actress
S1626,S1626,Actor / Actress
S1627,S1627,Actor / Actress
S1628,S1628,Actor / Actress
S1629,S1629,Actor / Actress
S1630,S1630,Actor / Actress
S1631,S1631,Actor / Actress
S1632,S1632,Actor / Actress
S1633,S1633,Actor / Actress
S1634,S1634,Actor / Actress
S1635,S1635,Actor / Actress
S1636,S1636,Actor / Actress
S1637,S1637,Actor / Actress
S1638,S1638,Actor / Actress
S1639,S1639,Actor / Actress
S1640,S1640,Actor / Actress
S1641,S1641,Actor / Actress
S1642,S1642,Actor / Actress
S1643,S1643,Actor / Actress
S1644,S1644,Actor / Actress
S1645,S1645,Actor / Actress
S1646,S1646,Actor / Actress
S1647,S1647,Actor / Actress
S1648,S1648,Actor / Actress
S1649,S1649,Actor / Actress
S1650,S1650,Actor / Actress
S1651,S1651,Physical Therapist
S1652,S1652,Physical Therapist
S1653,S1653,Physical Therapist
S1654,S1654,Physical Therapist
S1655,S1655,Physical Therapist
S1656,S1656,Physical Therapist
S1657,S1657,Physical Therapist
S1658,S1658,Physical Therapist
S1659,S1659,Physical Therapist
S1660,S1660,Physical Therapist
S1661,S1661,Physical Therapist
S1662,S1662,Physical Therapist
S1663,S1663,Physical Therapist
S1664,S1664,Physical Therapist
S1665,S1665,Physical Therapist
S1666,S1666,Physical Therapist
S1667,S1667,Physical Therapist
S1668,S1668,Physical Therapist
S1669,S1669,Physical Therapist
S1670,S1670,Physical Therapist
S1671,S1671,Physical Therapist
S1672,S1672,Physical Therapist
S1673,S1673,Physical Therapist
S1674,S1674,Physical Therapist
S1675,S1675,Physical Therapist
S1676,S1676,Physical Therapist
S1677,S1677,Physical Therapist
S1678,S1678,Physical Therapist
S1679,S1679,Physical Therapist
S1680,S1680,Physical Therapist
S1681,S1681,Physical Therapist
S1682,S1682,Physical Therapist
S1683,S1683,Physical Therapist
S1684,S1684,Physical Therapist
S1685,S1685,Physical Therapist
S1686,S1686,Physical Therapist
S1687,S1687,Physical Therapist
S1688,S1688,Physical Therapist
S1689,S1689,Physical Therapist
S1690,S1690,Physical Therapist
S1691,S1691,Physical Therapist
S1692,S1692,Physical Therapist
S1693,S1693,Physical Therapist
S1694,S1694,Physical Therapist
S1695,S1695,Physical Therapist
S1696,S1696,Physical Therapist
S1697,S1697,Physical Therapist
S1698,S1698,Physical Therapist
S1699,S1699,Physical Therapist
S1700,S1700,Physical Therapist
S1701,S1701,Editor
S1702,S1702,Editor
S1703,S1703,Editor
S1704,S1704,Editor
S1705,S1705,Editor
S1706,S1706,Editor
S1707,S1707,Editor
S1708,S1708,Editor
S1709,S1709,Editor
S1710,S1710,Editor
S1711,S1711,Editor
S1712,S1712,Editor
S1713,S1713,Editor
S1714,S1714,Editor
S1715,S1715,Editor
S1716,S1716,Editor
S1717,S1717,Editor
S1718,S1718,Editor
S1719,S1719,Editor
S1720,S1720,Editor
S1721,S1721,Editor
S1722,S1722,Editor
S1723,S1723,Editor
S1724,S1724,Editor
S1725,S1725,Editor
S1726,S1726,Editor
S1727,S1727,Editor
S1728,S1728,Editor
S1729,S1729,Editor
S1730,S1730,Editor
S1731,S1731,Editor
S1732,S1732,Editor
S1733,S1733,Editor
S1734,S1734,Editor
S1735,S1735,Editor
S1736,S1736,Editor
S1737,S1737,Editor
S1738,S1738,Editor
S1739,S1739,Editor
S1740,S1740,Editor
S1741,S1741,Editor
S1742,S1742,Editor
S1743,S1743,Editor
S1744,S1744,Editor
S1745,S1745,Editor
S1746,S1746,Editor
S1747,S1747,Editor
S1748,S1748,Editor
S1749,S1749,Editor
S1750,S1750,Editor
S1751,S1751,Historian
S1752,S1752,Historian
S1753,S1753,Historian
S1754,S1754,Historian
S1755,S1755,Historian
S1756,S1756,Historian
S1757,S1757,Historian
S1758,S1758,Historian
S1759,S1759,Historian
S1760,S1760,Historian
S1761,S1761,Historian
S1762,S1762,Historian
S1763,S1763,Historian
S1764,S1764,Historian
S1765,S1765,Historian
S1766,S1766,Historian
S1767,S1767,Historian
S1768,S1768,Historian
S1769,S1769,Historian
S1770,S1770,Historian
S1771,S1771,Historian
S1772,S1772,Historian
S1773,S1773,Historian
S1774,S1774,Historian
S1775,S1775,Historian
S1776,S1776,Historian
S1777,S1777,Historian
S1778,S1778,Historian
S1779,S1779,Historian
S1780,S1780,Historian
S1781,S1781,Historian
S1782,S1782,Historian
S1783,S1783,Historian
S1784,S1784,Historian
S1785,S1785,Historian
S1786,S1786,Historian
S1787,S1787,Historian
S1788,S1788,Historian
S1789,S1789,Historian
S1790,S1790,Historian
S1791,S1791,Historian
S1792,S1792,Historian
S1793,S1793,Historian
S1794,S1794,Historian
S1795,S1795,Historian
S1796,S1796,Historian
S1797,S1797,Historian
S1798,S1798,Historian
S1799,S1799,Historian
S1800,S1800,Historian
S1801,S1801,Journalist
S1802,S1802,Journalist
S1803,S1803,Journalist
S1804,S1804,Journalist
S1805,S1805,Journalist
S1806,S1806,Journalist
S1807,S1807,Journalist
S1808,S1808,Journalist
S1809,S1809,Journalist
S1810,S1810,Journalist
S1811,S1811,Journalist
S1812,S1812,Journalist
S1813,S1813,Journalist
S1814,S1814,Journalist
S1815,S1815,Journalist
S1816,S1816,Journalist
S1817,S1817,Journalist
S1818,S1818,Journalist
S1819,S1819,Journalist
S1820,S1820,Journalist
S1821,S1821,Journalist
S1822,S1822,Journalist
S1823,S1823,Journalist
S1824,S1824,Journalist
S1825,S1825,Journalist
S1826,S1826,Journalist
S1827,S1827,Journalist
S1828,S1828,Journalist
S1829,S1829,Journalist
S1830,S1830,Journalist
S1831,S1831,Journalist
S1832,S1832,Journalist
S1833,S1833,Journalist
S1834,S1834,Journalist
S1835,S1835,Journalist
S1836,S1836,Journalist
S1837,S1837,Journalist
S1838,S1838,Journalist
S1839,S1839,Journalist
S1840,S1840,Journalist
S1841,S1841,Journalist
S1842,S1842,Journalist
S1843,S1843,Journalist
S1844,S1844,Journalist
S1845,S1845,Journalist
S1846,S1846,Journalist
S1847,S1847,Journalist
S1848,S1848,Journalist
S1849,S1849,Journalist
S1850,S1850,Journalist
S1851,S1851,Language Teacher
S1852,S1852,Language Teacher
S1853,S1853,Language Teacher
S1854,S1854,Language Teacher
S1855,S1855,Language Teacher
S1856,S1856,Language Teacher
S1857,S1857,Language Teacher
S1858,S1858,Language Teacher
S1859,S1859,Language Teacher
S1860,S1860,Language Teacher
S1861,S1861,Language Teacher
S1862,S1862,Language Teacher
S1863,S1863,Language Teacher
S1864,S1864,Language Teacher
S1865,S1865,Language Teacher
S1866,S1866,Language Teacher
S1867,S1867,Language Teacher
S1868,S1868,Language Teacher
S1869,S1869,Language Teacher
S1870,S1870,Language Teacher
S1871,S1871,Language Teacher
S1872,S1872,Language Teacher
S1873,S1873,Language Teacher
S1874,S1874,Language Teacher
S1875,S1875,Language Teacher
S1876,S1876,Language Teacher
S1877,S1877,Language Teacher
S1878,S1878,Language Teacher
S1879,S1879,Language Teacher
S1880,S1880,Language Teacher
S1881,S1881,Language Teacher
S1882,S1882,Language Teacher
S1883,S1883,Language Teacher
S1884,S1884,Language Teacher
S1885,S1885,Language Teacher
S1886,S1886,Language Teacher
S1887,S1887,Language Teacher
S1888,S1888,Language Teacher
S1889,S1889,Language Teacher
S1890,S1890,Language Teacher
S1891,S1891,Language Teacher
S1892,S1892,Language Teacher
S1893,S1893,Language Teacher
S1894,S1894,Language Teacher
S1895,S1895,Language Teacher
S1896,S1896,Language Teacher
S1897,S1897,Language Teacher
S1898,S1898,Language Teacher
S1899,S1899,Language Teacher
S1900,S1900,Language Teacher
S1901,S1901,Poet
S1902,S1902,Poet
S1903,S1903,Poet
S1904,S1904,Poet
S1905,S1905,Poet
S1906,S1906,Poet
S1907,S1907,Poet
S1908,S1908,Poet
S1909,S1909,Poet
S1910,S1910,Poet
S1911,S1911,Poet
S1912,S1912,Poet
S1913,S1913,Poet
S1914,S1914,Poet
S1915,S1915,Poet
S1916,S1916,Poet
S1917,S1917,Poet
S1918,S1918,Poet
S1919,S1919,Poet
S1920,S1920,Poet
S1921,S1921,Poet
S1922,S1922,Poet
S1923,S1923,Poet
S1924,S1924,Poet
S1925,S1925,Poet
S1926,S1926,Poet
S1927,S1927,Poet
S1928,S1928,Poet
S1929,S1929,Poet
S1930,S1930,Poet
S1931,S1931,Poet
S1932,S1932,Poet
S1933,S1933,Poet
S1934,S1934,Poet
S1935,S1935,Poet
S1936,S1936,Poet
S1937,S1937,Poet
S1938,S1938,Poet
S1939,S1939,Poet
S1940,S1940,Poet
S1941,S1941,Poet
S1942,S1942,Poet
S1943,S1943,Poet
S1944,S1944,Poet
S1945,S1945,Poet
S1946,S1946,Poet
S1947,S1947,Poet
S1948,S1948,Poet
S1949,S1949,Poet
S1950,S1950,Poet
S1951,S1951,Broadcaster
S1952,S1952,Broadcaster
S1953,S1953,Broadcaster
S1954,S1954,Broadcaster
S1955,S1955,Broadcaster
S1956,S1956,Broadcaster
S1957,S1957,Broadcaster
S1958,S1958,Broadcaster
S1959,S1959,Broadcaster
S1960,S1960,Broadcaster
S1961,S1961,Broadcaster
S1962,S1962,Broadcaster
S1963,S1963,Broadcaster
S1964,S1964,Broadcaster
S1965,S1965,Broadcaster
S1966,S1966,Broadcaster
S1967,S1967,Broadcaster
S1968,S1968,Broadcaster
S1969,S1969,Broadcaster
S1970,S1970,Broadcaster
S1971,S1971,Broadcaster
S1972,S1972,Broadcaster
S1973,S1973,Broadcaster
S1974,S1974,Broadcaster
S1975,S1975,Broadcaster
S1976,S1976,Broadcaster
S1977,S1977,Broadcaster
S1978,S1978,Broadcaster
S1979,S1979,Broadcaster
S1980,S1980,Broadcaster
S1981,S1981,Broadcaster
S1982,S1982,Broadcaster
S1983,S1983,Broadcaster
S1984,S1984,Broadcaster
S1985,S1985,Broadcaster
S1986,S1986,Broadcaster
S1987,S1987,Broadcaster
S1988,S1988,Broadcaster
S1989,S1989,Broadcaster
S1990,S1990,Broadcaster
S1991,S1991,Broadcaster
S1992,S1992,Broadcaster
S1993,S1993,Broadcaster
S1994,S1994,Broadcaster
S1995,S1995,Broadcaster
S1996,S1996,Broadcaster
S1997,S1997,Broadcaster
S1998,S1998,Broadcaster
S1999,S1999,Broadcaster
S2000,S2000,Broadcaster
S2001,S2001,Artist
S2002,S2002,Artist
S2003,S2003,Artist
S2004,S2004,Artist
S2005,S2005,Artist
S2006,S2006,Artist
S2007,S2007,Artist
S2008,S2008,Artist
S2009,S2009,Artist
S2010,S2010,Artist
S2011,S2011,Artist
S2012,S2012,Artist
S2013,S2013,Artist
S2014,S2014,Artist
S2015,S2015,Artist
S2016,S2016,Artist
S2017,S2017,Artist
S2018,S2018,Artist
S2019,S2019,Artist
S2020,S2020,Artist
S2021,S2021,Artist
S2022,S2022,Artist
S2023,S2023,Artist
S2024,S2024,Artist
S2025,S2025,Artist
S2026,S2026,Artist
S2027,S2027,Artist
S2028,S2028,Artist
S2029,S2029,Artist
S2030,S2030,Artist
S2031,S2031,Artist
S2032,S2032,Artist
S2033,S2033,Artist
S2034,S2034,Artist
S2035,S2035,Artist
S2036,S2036,Artist
S2037,S2037,Artist
S2038,S2038,Artist
S2039,S2039,Artist
S2040,S2040,Artist
S2041,S2041,Artist
S2042,S2042,Artist
S2043,S2043,Artist
S2044,S2044,Artist
S2045,S2045,Artist
S2046,S2046,Artist
S2047,S2047,Artist
S2048,S2048,Artist
S2049,S2049,Artist
S2050,S2050,Artist
S2051,S2051,Graphic Designer
S2052,S2052,Graphic Designer
S2053,S2053,Graphic Designer
S2054,S2054,Graphic Designer
S2055,S2055,Graphic Designer
S2056,S2056,Graphic Designer
S2057,S2057,Graphic Designer
S2058,S2058,Graphic Designer
S2059,S2059,Graphic Designer
S2060,S2060,Graphic Designer
S2061,S2061,Graphic Designer
S2062,S2062,Graphic Designer
S2063,S2063,Graphic Designer
S2064,S2064,Graphic Designer
S2065,S2065,Graphic Designer
S2066,S2066,Graphic Designer
S2067,S2067,Graphic Designer
S2068,S2068,Graphic Designer
S2069,S2069,Graphic Designer
S2070,S2070,Graphic Designer
S2071,S2071,Graphic Designer
S2072,S2072,Graphic Designer
S2073,S2073,Graphic Designer
S2074,S2074,Graphic Designer
S2075,S2075,Graphic Designer
S2076,S2076,Graphic Designer
S2077,S2077,Graphic Designer
S2078,S2078,Graphic Designer
S2079,S2079,Graphic Designer
S2080,S2080,Graphic Designer
S2081,S2081,Graphic Designer
S2082,S2082,Graphic Designer
S2083,S2083,Graphic Designer
S2084,S2084,Graphic Designer
S2085,S2085,Graphic Designer
S2086,S2086,Graphic Designer
S2087,S2087,Graphic Designer
S2088,S2088,Graphic Designer
S2089,S2089,Graphic Designer
S2090,S2090,Graphic Designer
S2091,S2091,Graphic Designer
S2092,S2092,Graphic Designer
S2093,S2093,Graphic Designer
S2094,S2094,Graphic Designer
S2095,S2095,Graphic Designer
S2096,S2096,Graphic Designer
S2097,S2097,Graphic Designer
S2098,S2098,Graphic Designer
S2099,S2099,Graphic Designer
S2100,S2100,Graphic Designer
S2101,S2101,Fashion Designer
S2102,S2102,Fashion Designer
S2103,S2103,Fashion Designer
S2104,S2104,Fashion Designer
S2105,S2105,Fashion Designer
S2106,S2106,Fashion Designer
S2107,S2107,Fashion Designer
S2108,S2108,Fashion Designer
S2109,S2109,Fashion Designer
S2110,S2110,Fashion Designer
S2111,S2111,Fashion Designer
S2112,S2112,Fashion Designer
S2113,S2113,Fashion Designer
S2114,S2114,Fashion Designer
S2115,S2115,Fashion Designer
S2116,S2116,Fashion Designer
S2117,S2117,Fashion Designer
S2118,S2118,Fashion Designer
S2119,S2119,Fashion Designer
S2120,S2120,Fashion Designer
S2121,S2121,Fashion Designer
S2122,S2122,Fashion Designer
S2123,S2123,Fashion Designer
S2124,S2124,Fashion Designer
S2125,S2125,Fashion Designer
S2126,S2126,Fashion Designer
S2127,S2127,Fashion Designer
S2128,S2128,Fashion Designer
S2129,S2129,Fashion Designer
S2130,S2130,Fashion Designer
S2131,S2131,Fashion Designer
S2132,S2132,Fashion Designer
S2133,S2133,Fashion Designer
S2134,S2134,Fashion Designer
S2135,S2135,Fashion Designer
S2136,S2136,Fashion Designer
S2137,S2137,Fashion Designer
S2138,S2138,Fashion Designer
S2139,S2139,Fashion Designer
S2140,S2140,Fashion Designer
S2141,S2141,Fashion Designer
S2142,S2142,Fashion Designer
S2143,S2143,Fashion Designer
S2144,S2144,Fashion Designer
S2145,S2145,Fashion Designer
S2146,S2146,Fashion Designer
S2147,S2147,Fashion Designer
S2148,S2148,Fashion Designer
S2149,S2149,Fashion Designer
S2150,S2150,Fashion Designer
S2151,S2151,Interior Decorator
S2152,S2152,Interior Decorator
S2153,S2153,Interior Decorator
S2154,S2154,Interior Decorator
S2155,S2155,Interior Decorator
S2156,S2156,Interior Decorator
S2157,S2157,Interior Decorator
S2158,S2158,Interior Decorator
S2159,S2159,Interior Decorator
S2160,S2160,Interior Decorator
S2161,S2161,Interior Decorator
S2162,S2162,Interior Decorator
S2163,S2163,Interior Decorator
S2164,S2164,Interior Decorator
S2165,S2165,Interior Decorator
S2166,S2166,Interior Decorator
S2167,S2167,Interior Decorator
S2168,S2168,Interior Decorator
S2169,S2169,Interior Decorator
S2170,S2170,Interior Decorator
S2171,S2171,Interior Decorator
S2172,S2172,Interior Decorator
S2173,S2173,Interior Decorator
S2174,S2174,Interior Decorator
S2175,S2175,Interior Decorator
S2176,S2176,Interior Decorator
S2177,S2177,Interior Decorator
S2178,S2178,Interior Decorator
S2179,S2179,Interior Decorator
S2180,S2180,Interior Decorator
S2181,S2181,Interior Decorator
S2182,S2182,Interior Decorator
S2183,S2183,Interior Decorator
S2184,S2184,Interior Decorator
S2185,S2185,Interior Decorator
S2186,S2186,Interior Decorator
S2187,S2187,Interior Decorator
S2188,S2188,Interior Decorator
S2189,S2189,Interior Decorator
S2190,S2190,Interior Decorator
S2191,S2191,Interior Decorator
S2192,S2192,Interior Decorator
S2193,S2193,Interior Decorator
S2194,S2194,Interior Decorator
S2195,S2195,Interior Decorator
S2196,S2196,Interior Decorator
S2197,S2197,Interior Decorator
S2198,S2198,Interior Decorator
S2199,S2199,Interior Decorator
S2200,S2200,Interior Decorator
S2201,S2201,Pilot
S2202,S2202,Pilot
S2203,S2203,Pilot
S2204,S2204,Pilot
S2205,S2205,Pilot
S2206,S2206,Pilot
S2207,S2207,Pilot
S2208,S2208,Pilot
S2209,S2209,Pilot
S2210,S2210,Pilot
S2211,S2211,Pilot
S2212,S2212,Pilot
S2213,S2213,Pilot
S2214,S2214,Pilot
S2215,S2215,Pilot
S2216,S2216,Pilot
S2217,S2217,Pilot
S2218,S2218,Pilot
S2219,S2219,Pilot
S2220,S2220,Pilot
S2221,S2221,Pilot
S2222,S2222,Pilot
S2223,S2223,Pilot
S2224,S2224,Pilot
S2225,S2225,Pilot
S2226,S2226,Pilot
S2227,S2227,Pilot
S2228,S2228,Pilot
S2229,S2229,Pilot
S2230,S2230,Pilot
S2231,S2231,Pilot
S2232,S2232,Pilot
S2233,S2233,Pilot
S2234,S2234,Pilot
S2235,S2235,Pilot
S2236,S2236,Pilot
S2237,S2237,Pilot
S2238,S2238,Pilot
S2239,S2239,Pilot
S2240,S2240,Pilot
S2241,S2241,Pilot
S2242,S2242,Pilot
S2243,S2243,Pilot
S2244,S2244,Pilot
S2245,S2245,Pilot
S2246,S2246,Pilot
S2247,S2247,Pilot
S2248,S2248,Pilot
S2249,S2249,Pilot
S2250,S2250,Pilot
S2251,S2251,Psychologist
S2252,S2252,Psychologist
S2253,S2253,Psychologist
S2254,S2254,Psychologist
S2255,S2255,Psychologist
S2256,S2256,Psychologist
S2257,S2257,Psychologist
S2258,S2258,Psychologist
S2259,S2259,Psychologist
S2260,S2260,Psychologist
S2261,S2261,Psychologist
S2262,S2262,Psychologist
S2263,S2263,Psychologist
S2264,S2264,Psychologist
S2265,S2265,Psychologist
S2266,S2266,Psychologist
S2267,S2267,Psychologist
S2268,S2268,Psychologist
S2269,S2269,Psychologist
S2270,S2270,Psychologist
S2271,S2271,Psychologist
S2272,S2272,Psychologist
S2273,S2273,Psychologist
S2274,S2274,Psychologist
S2275,S2275,Psychologist
S2276,S2276,Psychologist
S2277,S2277,Psychologist
S2278,S2278,Psychologist
S2279,S2279,Psychologist
S2280,S2280,Psychologist
S2281,S2281,Psychologist
S2282,S2282,Psychologist
S2283,S2283,Psychologist
S2284,S2284,Psychologist
S2285,S2285,Psychologist
S2286,S2286,Psychologist
S2287,S2287,Psychologist
S2288,S2288,Psychologist
S2289,S2289,Psychologist
S2290,S2290,Psychologist
S2291,S2291,Psychologist
S2292,S2292,Psychologist
S2293,S2293,Psychologist
S2294,S2294,Psychologist
S2295,S2295,Psychologist
S2296,S2296,Psychologist
S2297,S2297,Psychologist
S2298,S2298,Psychologist
S2299,S2299,Psychologist
S2300,S2300,Psychologist
S2301,S2301,Philosopher
S2302,S2302,Philosopher
S2303,S2303,Philosopher
S2304,S2304,Philosopher
S2305,S2305,Philosopher
S2306,S2306,Philosopher
S2307,S2307,Philosopher
S2308,S2308,Philosopher
S2309,S2309,Philosopher
S2310,S2310,Philosopher
S2311,S2311,Philosopher
S2312,S2312,Philosopher
S2313,S2313,Philosopher
S2314,S2314,Philosopher
S2315,S2315,Philosopher
S2316,S2316,Philosopher
S2317,S2317,Philosopher
S2318,S2318,Philosopher
S2319,S2319,Philosopher
S2320,S2320,Philosopher
S2321,S2321,Philosopher
S2322,S2322,Philosopher
S2323,S2323,Philosopher
S2324,S2324,Philosopher
S2325,S2325,Philosopher
S2326,S2326,Philosopher
S2327,S2327,Philosopher
S2328,S2328,Philosopher
S2329,S2329,Philosopher
S2330,S2330,Philosopher
S2331,S2331,Philosopher
S2332,S2332,Philosopher
S2333,S2333,Philosopher
S2334,S2334,Philosopher
S2335,S2335,Philosopher
S2336,S2336,Philosopher
S2337,S2337,Philosopher
S2338,S2338,Philosopher
S2339,S2339,Philosopher
S2340,S2340,Philosopher
S2341,S2341,Philosopher
S2342,S2342,Philosopher
S2343,S2343,Philosopher
S2344,S2344,Philosopher
S2345,S2345,Philosopher
S2346,S2346,Philosopher
S2347,S2347,Philosopher
S2348,S2348,Philosopher
S2349,S2349,Philosopher
S2350,S2350,Philosopher
S2351,S2351,Writer
S2352,S2352,Writer
S2353,S2353,Writer
S2354,S2354,Writer
S2355,S2355,Writer
S2356,S2356,Writer
S2357,S2357,Writer
S2358,S2358,Writer
S2359,S2359,Writer
S2360,S2360,Writer
S2361,S2361,Writer
S2362,S2362,Writer
S2363,S2363,Writer
S2364,S2364,Writer
S2365,S2365,Writer
S2366,S2366,Writer
S2367,S2367,Writer
S2368,S2368,Writer
S2369,S2369,Writer
S2370,S2370,Writer
S2371,S2371,Writer
S2372,S2372,Writer
S2373,S2373,Writer
S2374,S2374,Writer
S2375,S2375,Writer
S2376,S2376,Writer
S2377,S2377,Writer
S2378,S2378,Writer
S2379,S2379,Writer
S2380,S2380,Writer
S2381,S2381,Writer
S2382,S2382,Writer
S2383,S2383,Writer
S2384,S2384,Writer
S2385,S2385,Writer
S2386,S2386,Writer
S2387,S2387,Writer
S2388,S2388,Writer
S2389,S2389,Writer
S2390,S2390,Writer
S2391,S2391,Writer
S2392,S2392,Writer
S2393,S2393,Writer
S2394,S2394,Writer
S2395,S2395,Writer
S2396,S2396,Writer
S2397,S2397,Writer
S2398,S2398,Writer
S2399,S2399,Writer
S2400,S2400,Writer
S2401,S2401,Criminologist
S2402,S2402,Criminologist
S2403,S2403,Criminologist
S2404,S2404,Criminologist
S2405,S2405,Criminologist
S2406,S2406,Criminologist
S2407,S2407,Criminologist
S2408,S2408,Criminologist
S2409,S2409,Criminologist
S2410,S2410,Criminologist
S2411,S2411,Criminologist
S2412,S2412,Criminologist
S2413,S2413,Criminologist
S2414,S2414,Criminologist
S2415,S2415,Criminologist
S2416,S2416,Criminologist
S2417,S2417,Criminologist
S2418,S2418,Criminologist
S2419,S2419,Criminologist
S2420,S2420,Criminologist
S2421,S2421,Criminologist
S2422,S2422,Criminologist
S2423,S2423,Criminologist
S2424,S2424,Criminologist
S2425,S2425,Criminologist
S2426,S2426,Criminologist
S2427,S2427,Criminologist
S2428,S2428,Criminologist
S2429,S2429,Criminologist
S2430,S2430,Criminologist
S2431,S2431,Criminologist
S2432,S2432,Criminologist
S2433,S2433,Criminologist
S2434,S2434,Criminologist
S2435,S2435,Criminologist
S2436,S2436,Criminologist
S2437,S2437,Criminologist
S2438,S2438,Criminologist
S2439,S2439,Criminologist
S2440,S2440,Criminologist
S2441,S2441,Criminologist
S2442,S2442,Criminologist
S2443,S2443,Criminologist
S2444,S2444,Criminologist
S2445,S2445,Criminologist
S2446,S2446,Criminologist
S2447,S2447,Criminologist
S2448,S2448,Criminologist
S2449,S2449,Criminologist
S2450,S2450,Criminologist
S2451,S2451,Company secretary
S2452,S2452,Company secretary
S2453,S2453,Company secretary
S2454,S2454,Company secretary
S2455,S2455,Company secretary
S2456,S2456,Company secretary
S2457,S2457,Company secretary
S2458,S2458,Company secretary
S2459,S2459,Company secretary
S2460,S2460,Company secretary
S2461,S2461,Company secretary
S2462,S2462,Company secretary
S2463,S2463,Company secretary
S2464,S2464,Company secretary
S2465,S2465,Company secretary
S2466,S2466,Company secretary
S2467,S2467,Company secretary
S2468,S2468,Company secretary
S2469,S2469,Company secretary
S2470,S2470,Company secretary
S2471,S2471,Company secretary
S2472,S2472,Company secretary
S2473,S2473,Company secretary
S2474,S2474,Company secretary
S2475,S2475,Company secretary
S2476,S2476,Company secretary
S2477,S2477,Company secretary
S2478,S2478,Company secretary
S2479,S2479,Company secretary
S2480,S2480,Company secretary
S2481,S2481,Company secretary
S2482,S2482,Company secretary
S2483,S2483,Company secretary
S2484,S2484,Company secretary
S2485,S2485,Company secretary
S2486,S2486,Company secretary
S2487,S2487,Company secretary
S2488,S2488,Company secretary
S2489,S2489,Company secretary
S2490,S2490,Company secretary
S2491,S2491,Company secretary
S2492,S2492,Company secretary
S2493,S2493,Company secretary
S2494,S2494,Company secretary
S2495,S2495,Company secretary
S2496,S2496,Company secretary
S2497,S2497,Company secretary
S2498,S2498,Company secretary
S2499,S2499,Company secretary
S2500,S2500,Company secretary
S2501,S2501,Marketing
S2502,S2502,Marketing
S2503,S2503,Marketing
S2504,S2504,Marketing
S2505,S2505,Marketing
S2506,S2506,Marketing
S2507,S2507,Marketing
S2508,S2508,Marketing
S2509,S2509,Marketing
S2510,S2510,Marketing
S2511,S2511,Marketing
S2512,S2512,Marketing
S2513,S2513,Marketing
S2514,S2514,Marketing
S2515,S2515,Marketing
S2516,S2516,Marketing
S2517,S2517,Marketing
S2518,S2518,Marketing
S2519,S2519,Marketing
S2520,S2520,Marketing
S2521,S2521,Marketing
S2522,S2522,Marketing
S2523,S2523,Marketing
S2524,S2524,Marketing
S2525,S2525,Marketing
S2526,S2526,Marketing
S2527,S2527,Marketing
S2528,S2528,Marketing
S2529,S2529,Marketing
S2530,S2530,Marketing
S2531,S2531,Marketing
S2532,S2532,Marketing
S2533,S2533,Marketing
S2534,S2534,Marketing
S2535,S2535,Marketing
S2536,S2536,Marketing
S2537,S2537,Marketing
S2538,S2538,Marketing
S2539,S2539,Marketing
S2540,S2540,Marketing
S2541,S2541,Marketing
S2542,S2542,Marketing
S2543,S2543,Marketing
S2544,S2544,Marketing
S2545,S2545,Marketing
S2546,S2546,Marketing
S2547,S2547,Marketing
S2548,S2548,Marketing
S2549,S2549,Marketing
S2550,S2550,Marketing
S2551,S2551,Logistics manager
S2552,S2552,Logistics manager
S2553,S2553,Logistics manager
S2554,S2554,Logistics manager
S2555,S2555,Logistics manager
S2556,S2556,Logistics manager
S2557,S2557,Logistics manager
S2558,S2558,Logistics manager
S2559,S2559,Logistics manager
S2560,S2560,Logistics manager
S2561,S2561,Logistics manager
S2562,S2562,Logistics manager
S2563,S2563,Logistics manager
S2564,S2564,Logistics manager
S2565,S2565,Logistics manager
S2566,S2566,Logistics manager
S2567,S2567,Logistics manager
S2568,S2568,Logistics manager
S2569,S2569,Logistics manager
S2570,S2570,Logistics manager
S2571,S2571,Logistics manager
S2572,S2572,Logistics manager
S2573,S2573,Logistics manager
S2574,S2574,Logistics manager
S2575,S2575,Logistics manager
S2576,S2576,Logistics manager
S2577,S2577,Logistics manager
S2578,S2578,Logistics manager
S2579,S2579,Logistics manager
S2580,S2580,Logistics manager
S2581,S2581,Logistics manager
S2582,S2582,Logistics manager
S2583,S2583,Logistics manager
S2584,S2584,Logistics manager
S2585,S2585,Logistics manager
S2586,S2586,Logistics manager
S2587,S2587,Logistics manager
S2588,S2588,Logistics manager
S2589,S2589,Logistics manager
S2590,S2590,Logistics manager
S2591,S2591,Logistics manager
S2592,S2592,Logistics manager
S2593,S2593,Logistics manager
S2594,S2594,Logistics manager
S2595,S2595,Logistics manager
S2596,S2596,Logistics manager
S2597,S2597,Logistics manager
S2598,S2598,Logistics manager
S2599,S2599,Logistics manager
S2600,S2600,Logistics manager
S2601,S2601,Research analyst
S2602,S2602,Research analyst
S2603,S2603,Research analyst
S2604,S2604,Research analyst
S2605,S2605,Research analyst
S2606,S2606,Research analyst
S2607,S2607,Research analyst
S2608,S2608,Research analyst
S2609,S2609,Research analyst
S2610,S2610,Research analyst
S2611,S2611,Research analyst
S2612,S2612,Research analyst
S2613,S2613,Research analyst
S2614,S2614,Research analyst
S2615,S2615,Research analyst
S2616,S2616,Research analyst
S2617,S2617,Research analyst
S2618,S2618,Research analyst
S2619,S2619,Research analyst
S2620,S2620,Research analyst
S2621,S2621,Research analyst
S2622,S2622,Research analyst
S2623,S2623,Research analyst
S2624,S2624,Research analyst
S2625,S2625,Research analyst
S2626,S2626,Research analyst
S2627,S2627,Research analyst
S2628,S2628,Research analyst
S2629,S2629,Research analyst
S2630,S2630,Research analyst
S2631,S2631,Research analyst
S2632,S2632,Research analyst
S2633,S2633,Research analyst
S2634,S2634,Research analyst
S2635,S2635,Research analyst
S2636,S2636,Research analyst
S2637,S2637,Research analyst
S2638,S2638,Research analyst
S2639,S2639,Research analyst
S2640,S2640,Research analyst
S2641,S2641,Research analyst
S2642,S2642,Research analyst
S2643,S2643,Research analyst
S2644,S2644,Research analyst
S2645,S2645,Research analyst
S2646,S2646,Research analyst
S2647,S2647,Research analyst
S2648,S2648,Research analyst
S2649,S2649,Research analyst
S2650,S2650,Research analyst
S2651,S2651,Business manager
S2652,S2652,Business manager
S2653,S2653,Business manager
S2654,S2654,Business manager
S2655,S2655,Business manager
S2656,S2656,Business manager
S2657,S2657,Business manager
S2658,S2658,Business manager
S2659,S2659,Business manager
S2660,S2660,Business manager
S2661,S2661,Business manager
S2662,S2662,Business manager
S2663,S2663,Business manager
S2664,S2664,Business manager
S2665,S2665,Business manager
S2666,S2666,Business manager
S2667,S2667,Business manager
S2668,S2668,Business manager
S2669,S2669,Business manager
S2670,S2670,Business manager
S2671,S2671,Business manager
S2672,S2672,Business manager
S2673,S2673,Business manager
S2674,S2674,Business manager
S2675,S2675,Business manager
S2676,S2676,Business manager
S2677,S2677,Business manager
S2678,S2678,Business manager
S2679,S2679,Business manager
S2680,S2680,Business manager
S2681,S2681,Business manager
S2682,S2682,Business manager
S2683,S2683,Business manager
S2684,S2684,Business manager
S2685,S2685,Business manager
S2686,S2686,Business manager
S2687,S2687,Business manager
S2688,S2688,Business manager
S2689,S2689,Business manager
S2690,S2690,Business manager
S2691,S2691,Business manager
S2692,S2692,Business manager
S2693,S2693,Business manager
S2694,S2694,Business manager
S2695,S2695,Business manager
S2696,S2696,Business manager
S2697,S2697,Business manager
S2698,S2698,Business manager
S2699,S2699,Business manager
S2700,S2700,Business manager
S2701,S2701,Internal auditor
S2702,S2702,Internal auditor
S2703,S2703,Internal auditor
S2704,S2704,Internal auditor
S2705,S2705,Internal auditor
S2706,S2706,Internal auditor
S2707,S2707,Internal auditor
S2708,S2708,Internal auditor
S2709,S2709,Internal auditor
S2710,S2710,Internal auditor
S2711,S2711,Internal auditor
S2712,S2712,Internal auditor
S2713,S2713,Internal auditor
S2714,S2714,Internal auditor
S2715,S2715,Internal auditor
S2716,S2716,Internal auditor
S2717,S2717,Internal auditor
S2718,S2718,Internal auditor
S2719,S2719,Internal auditor
S2720,S2720,Internal auditor
S2721,S2721,Internal auditor
S2722,S2722,Internal auditor
S2723,S2723,Internal auditor
S2724,S2724,Internal auditor
S2725,S2725,Internal auditor
S2726,S2726,Internal auditor
S2727,S2727,Internal auditor
S2728,S2728,Internal auditor
S2729,S2729,Internal auditor
S2730,S2730,Internal auditor
S2731,S2731,Internal auditor
S2732,S2732,Internal auditor
S2733,S2733,Internal auditor
S2734,S2734,Internal auditor
S2735,S2735,Internal auditor
S2736,S2736,Internal auditor
S2737,S2737,Internal auditor
S2738,S2738,Internal auditor
S2739,S2739,Internal auditor
S2740,S2740,Internal auditor
S2741,S2741,Internal auditor
S2742,S2742,Internal auditor
S2743,S2743,Internal auditor
S2744,S2744,Internal auditor
S2745,S2745,Internal auditor
S2746,S2746,Internal auditor
S2747,S2747,Internal auditor
S2748,S2748,Internal auditor
S2749,S2749,Internal auditor
S2750,S2750,Internal auditor
S2751,S2751,Chief financial officer
S2752,S2752,Chief financial officer
S2753,S2753,Chief financial officer
S2754,S2754,Chief financial officer
S2755,S2755,Chief financial officer
S2756,S2756,Chief financial officer
S2757,S2757,Chief financial officer
S2758,S2758,Chief financial officer
S2759,S2759,Chief financial officer
S2760,S2760,Chief financial officer
S2761,S2761,Chief financial officer
S2762,S2762,Chief financial officer
S2763,S2763,Chief financial officer
S2764,S2764,Chief financial officer
S2765,S2765,Chief financial officer
S2766,S2766,Chief financial officer
S2767,S2767,Chief financial officer
S2768,S2768,Chief financial officer
S2769,S2769,Chief financial officer
S2770,S2770,Chief financial officer
S2771,S2771,Chief financial officer
S2772,S2772,Chief financial officer
S2773,S2773,Chief financial officer
S2774,S2774,Chief financial officer
S2775,S2775,Chief financial officer
S2776,S2776,Chief financial officer
S2777,S2777,Chief financial officer
S2778,S2778,Chief financial officer
S2779,S2779,Chief financial officer
S2780,S2780,Chief financial officer
S2781,S2781,Chief financial officer
S2782,S2782,Chief financial officer
S2783,S2783,Chief financial officer
S2784,S2784,Chief financial officer
S2785,S2785,Chief financial officer
S2786,S2786,Chief financial officer
S2787,S2787,Chief financial officer
S2788,S2788,Chief financial officer
S2789,S2789,Chief financial officer
S2790,S2790,Chief financial officer
S2791,S2791,Chief financial officer
S2792,S2792,Chief financial officer
S2793,S2793,Chief financial officer
S2794,S2794,Chief financial officer
S2795,S2795,Chief financial officer
S2796,S2796,Chief financial officer
S2797,S2797,Chief financial officer
S2798,S2798,Chief financial officer
S2799,S2799,Chief financial officer
S2800,S2800,Chief financial officer
S2801,S2801,Business Analyst
S2802,S2802,Business Analyst
S2803,S2803,Business Analyst
S2804,S2804,Business Analyst
S2805,S2805,Business Analyst
S2806,S2806,Business Analyst
S2807,S2807,Business Analyst
S2808,S2808,Business Analyst
S2809,S2809,Business Analyst
S2810,S2810,Business Analyst
S2811,S2811,Business Analyst
S2812,S2812,Business Analyst
S2813,S2813,Business Analyst
S2814,S2814,Business Analyst
S2815,S2815,Business Analyst
S2816,S2816,Business Analyst
S2817,S2817,Business Analyst
S2818,S2818,Business Analyst
S2819,S2819,Business Analyst
S2820,S2820,Business Analyst
S2821,S2821,Business Analyst
S2822,S2822,Business Analyst
S2823,S2823,Business Analyst
S2824,S2824,Business Analyst
S2825,S2825,Business Analyst
S2826,S2826,Business Analyst
S2827,S2827,Business Analyst
S2828,S2828,Business Analyst
S2829,S2829,Business Analyst
S2830,S2830,Business Analyst
S2831,S2831,Business Analyst
S2832,S2832,Business Analyst
S2833,S2833,Business Analyst
S2834,S2834,Business Analyst
S2835,S2835,Business Analyst
S2836,S2836,Business Analyst
S2837,S2837,Business Analyst
S2838,S2838,Business Analyst
S2839,S2839,Business Analyst
S2840,S2840,Business Analyst
S2841,S2841,Business Analyst
S2842,S2842,Business Analyst
S2843,S2843,Business Analyst
S2844,S2844,Business Analyst
S2845,S2845,Business Analyst
S2846,S2846,Business Analyst
S2847,S2847,Business Analyst
S2848,S2848,Business Analyst
S2849,S2849,Business Analyst
S2850,S2850,Business Analyst
S2851,S2851,Banking
S2852,S2852,Banking
S2853,S2853,Banking
S2854,S2854,Banking
S2855,S2855,Banking
S2856,S2856,Banking
S2857,S2857,Banking
S2858,S2858,Banking
S2859,S2859,Banking
S2860,S2860,Banking
S2861,S2861,Banking
S2862,S2862,Banking
S2863,S2863,Banking
S2864,S2864,Banking
S2865,S2865,Banking
S2866,S2866,Banking
S2867,S2867,Banking
S2868,S2868,Banking
S2869,S2869,Banking
S2870,S2870,Banking
S2871,S2871,Banking
S2872,S2872,Banking
S2873,S2873,Banking
S2874,S2874,Banking
S2875,S2875,Banking
S2876,S2876,Banking
S2877,S2877,Banking
S2878,S2878,Banking
S2879,S2879,Banking
S2880,S2880,Banking
S2881,S2881,Banking
S2882,S2882,Banking
S2883,S2883,Banking
S2884,S2884,Banking
S2885,S2885,Banking
S2886,S2886,Banking
S2887,S2887,Banking
S2888,S2888,Banking
S2889,S2889,Banking
S2890,S2890,Banking
S2891,S2891,Banking
S2892,S2892,Banking
S2893,S2893,Banking
S2894,S2894,Banking
S2895,S2895,Banking
S2896,S2896,Banking
S2897,S2897,Banking
S2898,S2898,Banking
S2899,S2899,Banking
S2900,S2900,Banking
S2901,S2901,Stock Broker
S2902,S2902,Stock Broker
S2903,S2903,Stock Broker
S2904,S2904,Stock Broker
S2905,S2905,Stock Broker
S2906,S2906,Stock Broker
S2907,S2907,Stock Broker
S2908,S2908,Stock Broker
S2909,S2909,Stock Broker
S2910,S2910,Stock Broker
S2911,S2911,Stock Broker
S2912,S2912,Stock Broker
S2913,S2913,Stock Broker
S2914,S2914,Stock Broker
S2915,S2915,Stock Broker
S2916,S2916,Stock Broker
S2917,S2917,Stock Broker
S2918,S2918,Stock Broker
S2919,S2919,Stock Broker
S2920,S2920,Stock Broker
S2921,S2921,Stock Broker
S2922,S2922,Stock Broker
S2923,S2923,Stock Broker
S2924,S2924,Stock Broker
S2925,S2925,Stock Broker
S2926,S2926,Stock Broker
S2927,S2927,Stock Broker
S2928,S2928,Stock Broker
S2929,S2929,Stock Broker
S2930,S2930,Stock Broker
S2931,S2931,Stock Broker
S2932,S2932,Stock Broker
S2933,S2933,Stock Broker
S2934,S2934,Stock Broker
S2935,S2935,Stock Broker
S2936,S2936,Stock Broker
S2937,S2937,Stock Broker
S2938,S2938,Stock Broker
S2939,S2939,Stock Broker
S2940,S2940,Stock Broker
S2941,S2941,Stock Broker
S2942,S2942,Stock Broker
S2943,S2943,Stock Broker
S2944,S2944,Stock Broker
S2945,S2945,Stock Broker
S2946,S2946,Stock Broker
S2947,S2947,Stock Broker
S2948,S2948,Stock Broker
S2949,S2949,Stock Broker
S2950,S2950,Stock Broker
S2951,S2951,Financial Advisor
S2952,S2952,Financial Advisor
S2953,S2953,Financial Advisor
S2954,S2954,Financial Advisor
S2955,S2955,Financial Advisor
S2956,S2956,Financial Advisor
S2957,S2957,Financial Advisor
S2958,S2958,Financial Advisor
S2959,S2959,Financial Advisor
S2960,S2960,Financial Advisor
S2961,S2961,Financial Advisor
S2962,S2962,Financial Advisor
S2963,S2963,Financial Advisor
S2964,S2964,Financial Advisor
S2965,S2965,Financial Advisor
S2966,S2966,Financial Advisor
S2967,S2967,Financial Advisor
S2968,S2968,Financial Advisor
S2969,S2969,Financial Advisor
S2970,S2970,Financial Advisor
S2971,S2971,Financial Advisor
S2972,S2972,Financial Advisor
S2973,S2973,Financial Advisor
S2974,S2974,Financial Advisor
S2975,S2975,Financial Advisor
S2976,S2976,Financial Advisor
S2977,S2977,Financial Advisor
S2978,S2978,Financial Advisor
S2979,S2979,Financial Advisor
S2980,S2980,Financial Advisor
S2981,S2981,Financial Advisor
S2982,S2982,Financial Advisor
S2983,S2983,Financial Advisor
S2984,S2984,Financial Advisor
S2985,S2985,Financial Advisor
S2986,S2986,Financial Advisor
S2987,S2987,Financial Advisor
S2988,S2988,Financial Advisor
S2989,S2989,Financial Advisor
S2990,S2990,Financial Advisor
S2991,S2991,Financial Advisor
S2992,S2992,Financial Advisor
S2993,S2993,Financial Advisor
S2994,S2994,Financial Advisor
S2995,S2995,Financial Advisor
S2996,S2996,Financial Advisor
S2997,S2997,Financial Advisor
S2998,S2998,Financial Advisor
S2999,S2999,Financial Advisor
S3000,S3000,Financial Advisor
S3001,S3001,Consultant
S3002,S3002,Consultant
S3003,S3003,Consultant
S3004,S3004,Consultant
S3005,S3005,Consultant
S3006,S3006,Consultant
S3007,S3007,Consultant
S3008,S3008,Consultant
S3009,S3009,Consultant
S3010,S3010,Consultant
S3011,S3011,Consultant
S3012,S3012,Consultant
S3013,S3013,Consultant
S3014,S3014,Consultant
S3015,S3015,Consultant
S3016,S3016,Consultant
S3017,S3017,Consultant
S3018,S3018,Consultant
S3019,S3019,Consultant
S3020,S3020,Consultant
S3021,S3021,Consultant
S3022,S3022,Consultant
S3023,S3023,Consultant
S3024,S3024,Consultant
S3025,S3025,Consultant
S3026,S3026,Consultant
S3027,S3027,Consultant
S3028,S3028,Consultant
S3029,S3029,Consultant
S3030,S3030,Consultant
S3031,S3031,Consultant
S3032,S3032,Consultant
S3033,S3033,Consultant
S3034,S3034,Consultant
S3035,S3035,Consultant
S3036,S3036,Consultant
S3037,S3037,Consultant
S3038,S3038,Consultant
S3039,S3039,Consultant
S3040,S3040,Consultant
S3041,S3041,Consultant
S3042,S3042,Consultant
S3043,S3043,Consultant
S3044,S3044,Consultant
S3045,S3045,Consultant
S3046,S3046,Consultant
S3047,S3047,Consultant
S3048,S3048,Consultant
S3049,S3049,Consultant
S3050,S3050,Consultant
S3051,S3051,Archeologist
S3052,S3052,Archeologist
S3053,S3053,Archeologist
S3054,S3054,Archeologist
S3055,S3055,Archeologist
S3056,S3056,Archeologist
S3057,S3057,Archeologist
S3058,S3058,Archeologist
S3059,S3059,Archeologist
S3060,S3060,Archeologist
S3061,S3061,Archeologist
S3062,S3062,Archeologist
S3063,S3063,Archeologist
S3064,S3064,Archeologist
S3065,S3065,Archeologist
S3066,S3066,Archeologist
S3067,S3067,Archeologist
S3068,S3068,Archeologist
S3069,S3069,Archeologist
S3070,S3070,Archeologist
S3071,S3071,Archeologist
S3072,S3072,Archeologist
S3073,S3073,Archeologist
S3074,S3074,Archeologist
S3075,S3075,Archeologist
S3076,S3076,Archeologist
S3077,S3077,Archeologist
S3078,S3078,Archeologist
S3079,S3079,Archeologist
S3080,S3080,Archeologist
S3081,S3081,Archeologist
S3082,S3082,Archeologist
S3083,S3083,Archeologist
S3084,S3084,Archeologist
S3085,S3085,Archeologist
S3086,S3086,Archeologist
S3087,S3087,Archeologist
S3088,S3088,Archeologist
S3089,S3089,Archeologist
S3090,S3090,Archeologist
S3091,S3091,Archeologist
S3092,S3092,Archeologist
S3093,S3093,Archeologist
S3094,S3094,Archeologist
S3095,S3095,Archeologist
S3096,S3096,Archeologist
S3097,S3097,Archeologist
S3098,S3098,Archeologist
S3099,S3099,Archeologist
S3100,S3100,Archeologist
S3101,S3101,Pre Primary Teacher (2020 NEP and Mental Health)
S3102,S3102,Pre Primary Teacher (2020 NEP and Mental Health)
S3103,S3103,Pre Primary Teacher (2020 NEP and Mental Health)
S3104,S3104,Pre Primary Teacher (2020 NEP and Mental Health)
S3105,S3105,Pre Primary Teacher (2020 NEP and Mental Health)
S3106,S3106,Pre Primary Teacher (2020 NEP and Mental Health)
S3107,S3107,Pre Primary Teacher (2020 NEP and Mental Health)
S3108,S3108,Pre Primary Teacher (2020 NEP and Mental Health)
S3109,S3109,Pre Primary Teacher (2020 NEP and Mental Health)
S3110,S3110,Pre Primary Teacher (2020 NEP and Mental Health)
S3111,S3111,Pre Primary Teacher (2020 NEP and Mental Health)
S3112,S3112,Pre Primary Teacher (2020 NEP and Mental Health)
S3113,S3113,Pre Primary Teacher (2020 NEP and Mental Health)
S3114,S3114,Pre Primary Teacher (2020 NEP and Mental Health)
S3115,S3115,Pre Primary Teacher (2020 NEP and Mental Health)
S3116,S3116,Pre Primary Teacher (2020 NEP and Mental Health)
S3117,S3117,Pre Primary Teacher (2020 NEP and Mental Health)
S3118,S3118,Pre Primary Teacher (2020 NEP and Mental Health)
S3119,S3119,Pre Primary Teacher (2020 NEP and Mental Health)
S3120,S3120,Pre Primary Teacher (2020 NEP and Mental Health)
S3121,S3121,Pre Primary Teacher (2020 NEP and Mental Health)
S3122,S3122,Pre Primary Teacher (2020 NEP and Mental Health)
S3123,S3123,Pre Primary Teacher (2020 NEP and Mental Health)
S3124,S3124,Pre Primary Teacher (2020 NEP and Mental Health)
S3125,S3125,Pre Primary Teacher (2020 NEP and Mental Health)
S3126,S3126,Pre Primary Teacher (2020 NEP and Mental Health)
S3127,S3127,Pre Primary Teacher (2020 NEP and Mental Health)
S3128,S3128,Pre Primary Teacher (2020 NEP and Mental Health)
S3129,S3129,Pre Primary Teacher (2020 NEP and Mental Health)
S3130,S3130,Pre Primary Teacher (2020 NEP and Mental Health)
S3131,S3131,Pre Primary Teacher (2020 NEP and Mental Health)
S3132,S3132,Pre Primary Teacher (2020 NEP and Mental Health)
S3133,S3133,Pre Primary Teacher (2020 NEP and Mental Health)
S3134,S3134,Pre Primary Teacher (2020 NEP and Mental Health)
S3135,S3135,Pre Primary Teacher (2020 NEP and Mental Health)
S3136,S3136,Pre Primary Teacher (2020 NEP and Mental Health)
S3137,S3137,Pre Primary Teacher (2020 NEP and Mental Health)
S3138,S3138,Pre Primary Teacher (2020 NEP and Mental Health)
S3139,S3139,Pre Primary Teacher (2020 NEP and Mental Health)
S3140,S3140,Pre Primary Teacher (2020 NEP and Mental Health)
S3141,S3141,Pre Primary Teacher (2020 NEP and Mental Health)
S3142,S3142,Pre Primary Teacher (2020 NEP and Mental Health)
S3143,S3143,Pre Primary Teacher (2020 NEP and Mental Health)
S3144,S3144,Pre Primary Teacher (2020 NEP and Mental Health)
S3145,S3145,Pre Primary Teacher (2020 NEP and Mental Health)
S3146,S3146,Pre Primary Teacher (2020 NEP and Mental Health)
S3147,S3147,Pre Primary Teacher (2020 NEP and Mental Health)
S3148,S3148,Pre Primary Teacher (2020 NEP and Mental Health)
S3149,S3149,Pre Primary Teacher (2020 NEP and Mental Health)
S3150,S3150,Pre Primary Teacher (2020 NEP and Mental Health)
S3151,S3151,Primary Teacher
S3152,S3152,Primary Teacher
S3153,S3153,Primary Teacher
S3154,S3154,Primary Teacher
S3155,S3155,Primary Teacher
S3156,S3156,Primary Teacher
S3157,S3157,Primary Teacher
S3158,S3158,Primary Teacher
S3159,S3159,Primary Teacher
S3160,S3160,Primary Teacher
S3161,S3161,Primary Teacher
S3162,S3162,Primary Teacher
S3163,S3163,Primary Teacher
S3164,S3164,Primary Teacher
S3165,S3165,Primary Teacher
S3166,S3166,Primary Teacher
S3167,S3167,Primary Teacher
S3168,S3168,Primary Teacher
S3169,S3169,Primary Teacher
S3170,S3170,Primary Teacher
S3171,S3171,Primary Teacher
S3172,S3172,Primary Teacher
S3173,S3173,Primary Teacher
S3174,S3174,Primary Teacher
S3175,S3175,Primary Teacher
S3176,S3176,Primary Teacher
S3177,S3177,Primary Teacher
S3178,S3178,Primary Teacher
S3179,S3179,Primary Teacher
S3180,S3180,Primary Teacher
S3181,S3181,Primary Teacher
S3182,S3182,Primary Teacher
S3183,S3183,Primary Teacher
S3184,S3184,Primary Teacher
S3185,S3185,Primary Teacher
S3186,S3186,Primary Teacher
S3187,S3187,Primary Teacher
S3188,S3188,Primary Teacher
S3189,S3189,Primary Teacher
S3190,S3190,Primary Teacher
S3191,S3191,Primary Teacher
S3192,S3192,Primary Teacher
S3193,S3193,Primary Teacher
S3194,S3194,Primary Teacher
S3195,S3195,Primary Teacher
S3196,S3196,Primary Teacher
S3197,S3197,Primary Teacher
S3198,S3198,Primary Teacher
S3199,S3199,Primary Teacher
S3200,S3200,Primary Teacher
S3201,S3201,"Middle, Higher School Teacher and Professors"
S3202,S3202,"Middle, Higher School Teacher and Professors"
S3203,S3203,"Middle, Higher School Teacher and Professors"
S3204,S3204,"Middle, Higher School Teacher and Professors"
S3205,S3205,"Middle, Higher School Teacher and Professors"
S3206,S3206,"Middle, Higher School Teacher and Professors"
S3207,S3207,"Middle, Higher School Teacher and Professors"
S3208,S3208,"Middle, Higher School Teacher and Professors"
S3209,S3209,"Middle, Higher School Teacher and Professors"
S3210,S3210,"Middle, Higher School Teacher and Professors"
S3211,S3211,"Middle, Higher School Teacher and Professors"
S3212,S3212,"Middle, Higher School Teacher and Professors"
S3213,S3213,"Middle, Higher School Teacher and Professors"
S3214,S3214,"Middle, Higher School Teacher and Professors"
S3215,S3215,"Middle, Higher School Teacher and Professors"
S3216,S3216,"Middle, Higher School Teacher and Professors"
S3217,S3217,"Middle, Higher School Teacher and Professors"
S3218,S3218,"Middle, Higher School Teacher and Professors"
S3219,S3219,"Middle, Higher School Teacher and Professors"
S3220,S3220,"Middle, Higher School Teacher and Professors"
S3221,S3221,"Middle, Higher School Teacher and Professors"
S3222,S3222,"Middle, Higher School Teacher and Professors"
S3223,S3223,"Middle, Higher School Teacher and Professors"
S3224,S3224,"Middle, Higher School Teacher and Professors"
S3225,S3225,"Middle, Higher School Teacher and Professors"
S3226,S3226,"Middle, Higher School Teacher and Professors"
S3227,S3227,"Middle, Higher School Teacher and Professors"
S3228,S3228,"Middle, Higher School Teacher and Professors"
S3229,S3229,"Middle, Higher School Teacher and Professors"
S3230,S3230,"Middle, Higher School Teacher and Professors"
S3231,S3231,"Middle, Higher School Teacher and Professors"
S3232,S3232,"Middle, Higher School Teacher and Professors"
S3233,S3233,"Middle, Higher School Teacher and Professors"
S3234,S3234,"Middle, Higher School Teacher and Professors"
S3235,S3235,"Middle, Higher School Teacher and Professors"
S3236,S3236,"Middle, Higher School Teacher and Professors"
S3237,S3237,"Middle, Higher School Teacher and Professors"
S3238,S3238,"Middle, Higher School Teacher and Professors"
S3239,S3239,"Middle, Higher School Teacher and Professors"
S3240,S3240,"Middle, Higher School Teacher and Professors"
S3241,S3241,"Middle, Higher School Teacher and Professors"
S3242,S3242,"Middle, Higher School Teacher and Professors"
S3243,S3243,"Middle, Higher School Teacher and Professors"
S3244,S3244,"Middle, Higher School Teacher and Professors"
S3245,S3245,"Middle, Higher School Teacher and Professors"
S3246,S3246,"Middle, Higher School Teacher and Professors"
S3247,S3247,"Middle, Higher School Teacher and Professors"
S3248,S3248,"Middle, Higher School Teacher and Professors"
S3249,S3249,"Middle, Higher School Teacher and Professors"
S3250,S3250,"Middle, Higher School Teacher and Professors"
S3251,S3251,Anthropologist
S3252,S3252,Anthropologist
S3253,S3253,Anthropologist
S3254,S3254,Anthropologist
S3255,S3255,Anthropologist
S3256,S3256,Anthropologist
S3257,S3257,Anthropologist
S3258,S3258,Anthropologist
S3259,S3259,Anthropologist
S3260,S3260,Anthropologist
S3261,S3261,Anthropologist
S3262,S3262,Anthropologist
S3263,S3263,Anthropologist
S3264,S3264,Anthropologist
S3265,S3265,Anthropologist
S3266,S3266,Anthropologist
S3267,S3267,Anthropologist
S3268,S3268,Anthropologist
S3269,S3269,Anthropologist
S3270,S3270,Anthropologist
S3271,S3271,Anthropologist
S3272,S3272,Anthropologist
S3273,S3273,Anthropologist
S3274,S3274,Anthropologist
S3275,S3275,Anthropologist
S3276,S3276,Anthropologist
S3277,S3277,Anthropologist
S3278,S3278,Anthropologist
S3279,S3279,Anthropologist
S3280,S3280,Anthropologist
S3281,S3281,Anthropologist
S3282,S3282,Anthropologist
S3283,S3283,Anthropologist
S3284,S3284,Anthropologist
S3285,S3285,Anthropologist
S3286,S3286,Anthropologist
S3287,S3287,Anthropologist
S3288,S3288,Anthropologist
S3289,S3289,Anthropologist
S3290,S3290,Anthropologist
S3291,S3291,Anthropologist
S3292,S3292,Anthropologist
S3293,S3293,Anthropologist
S3294,S3294,Anthropologist
S3295,S3295,Anthropologist
S3296,S3296,Anthropologist
S3297,S3297,Anthropologist
S3298,S3298,Anthropologist
S3299,S3299,Anthropologist
S3300,S3300,Anthropologist
S3301,S3301,Medical
S3302,S3302,Medical
S3303,S3303,Medical
S3304,S3304,Medical
S3305,S3305,Medical
S3306,S3306,Medical
S3307,S3307,Medical
S3308,S3308,Medical
S3309,S3309,Medical
S3310,S3310,Medical
S3311,S3311,Medical
S3312,S3312,Medical
S3313,S3313,Medical
S3314,S3314,Medical
S3315,S3315,Medical
S3316,S3316,Medical
S3317,S3317,Medical
S3318,S3318,Medical
S3319,S3319,Medical
S3320,S3320,Medical
S3321,S3321,Medical
S3322,S3322,Medical
S3323,S3323,Medical
S3324,S3324,Medical
S3325,S3325,Medical
S3326,S3326,Medical
S3327,S3327,Medical
S3328,S3328,Medical
S3329,S3329,Medical
S3330,S3330,Medical
S3331,S3331,Medical
S3332,S3332,Medical
S3333,S3333,Medical
S3334,S3334,Medical
S3335,S3335,Medical
S3336,S3336,Medical
S3337,S3337,Medical
S3338,S3338,Medical
S3339,S3339,Medical
S3340,S3340,Medical
S3341,S3341,Medical
S3342,S3342,Medical
S3343,S3343,Medical
S3344,S3344,Medical
S3345,S3345,Medical
S3346,S3346,Medical
S3347,S3347,Medical
S3348,S3348,Medical
S3349,S3349,Medical
S3350,S3350,Medical
S3351,S3351,"Para Medical (physiotherapy, occupational theropy, audio and speech language theropy, nursing)"
S3352,S3352,"Para Medical (physiotherapy, occupational theropy, audio and speech language theropy, nursing)"
S3353,S3353,"Para Medical (physiotherapy, occupational theropy, audio and speech language theropy, nursing)"
S3354,S3354,"Para Medical (physiotherapy, occupational theropy, audio and speech language theropy, nursing)"
S3355,S3355,"Para Medical (physiotherapy, occupational theropy, audio and speech language theropy, nursing)"
S3356,S3356,"Para Medical (physiotherapy, occupational theropy, audio and speech language theropy, nursing)"
S3357,S3357,"Para Medical (physiotherapy, occupational theropy, audio and speech language theropy, nursing)"
S3358,S3358,"Para Medical (physiotherapy, occupational theropy, audio and speech language theropy, nursing)"
S3359,S3359,"Para Medical (physiotherapy, occupational theropy, audio and speech language theropy, nursing)"
S3360,S3360,"Para Medical (physiotherapy, occupational theropy, audio and speech language theropy, nursing)"
S3361,S3361,"Para Medical (physiotherapy, occupational theropy, audio and speech language theropy, nursing)"
S3362,S3362,"Para Medical (physiotherapy, occupational theropy, audio and speech language theropy, nursing)"
S3363,S3363,"Para Medical (physiotherapy, occupational theropy, audio and speech language theropy, nursing)"
S3364,S3364,"Para Medical (physiotherapy, occupational theropy, audio and speech language theropy, nursing)"
S3365,S3365,"Para Medical (physiotherapy, occupational theropy, audio and speech language theropy, nursing)"
S3366,S3366,"Para Medical (physiotherapy, occupational theropy, audio and speech language theropy, nursing)"
S3367,S3367,"Para Medical (physiotherapy, occupational theropy, audio and speech language theropy, nursing)"
S3368,S3368,"Para Medical (physiotherapy, occupational theropy, audio and speech language theropy, nursing)"
S3369,S3369,"Para Medical (physiotherapy, occupational theropy, audio and speech language theropy, nursing)"
S3370,S3370,"Para Medical (physiotherapy, occupational theropy, audio and speech language theropy, nursing)"
S3371,S3371,"Para Medical (physiotherapy, occupational theropy, audio and speech language theropy, nursing)"
S3372,S3372,"Para Medical (physiotherapy, occupational theropy, audio and speech language theropy, nursing)"
S3373,S3373,"Para Medical (physiotherapy, occupational theropy, audio and speech language theropy, nursing)"
S3374,S3374,"Para Medical (physiotherapy, occupational theropy, audio and speech language theropy, nursing)"
S3375,S3375,"Para Medical (physiotherapy, occupational theropy, audio and speech language theropy, nursing)"
S3376,S3376,"Para Medical (physiotherapy, occupational theropy, audio and speech language theropy, nursing)"
S3377,S3377,"Para Medical (physiotherapy, occupational theropy, audio and speech language theropy, nursing)"
S3378,S3378,"Para Medical (physiotherapy, occupational theropy, audio and speech language theropy, nursing)"
S3379,S3379,"Para Medical (physiotherapy, occupational theropy, audio and speech language theropy, nursing)"
S3380,S3380,"Para Medical (physiotherapy, occupational theropy, audio and speech language theropy, nursing)"
S3381,S3381,"Para Medical (physiotherapy, occupational theropy, audio and speech language theropy, nursing)"
S3382,S3382,"Para Medical (physiotherapy, occupational theropy, audio and speech language theropy, nursing)"
S3383,S3383,"Para Medical (physiotherapy, occupational theropy, audio and speech language theropy, nursing)"
S3384,S3384,"Para Medical (physiotherapy, occupational theropy, audio and speech language theropy, nursing)"
S3385,S3385,"Para Medical (physiotherapy, occupational theropy, audio and speech language theropy, nursing)"
S3386,S3386,"Para Medical (physiotherapy, occupational theropy, audio and speech language theropy, nursing)"
S3387,S3387,"Para Medical (physiotherapy, occupational theropy, audio and speech language theropy, nursing)"
S3388,S3388,"Para Medical (physiotherapy, occupational theropy, audio and speech language theropy, nursing)"
S3389,S3389,"Para Medical (physiotherapy, occupational theropy, audio and speech language theropy, nursing)"
S3390,S3390,"Para Medical (physiotherapy, occupational theropy, audio and speech language theropy, nursing)"
S3391,S3391,"Para Medical (physiotherapy, occupational theropy, audio and speech language theropy, nursing)"
S3392,S3392,"Para Medical (physiotherapy, occupational theropy, audio and speech language theropy, nursing)"
S3393,S3393,"Para Medical (physiotherapy, occupational theropy, audio and speech language theropy, nursing)"
S3394,S3394,"Para Medical (physiotherapy, occupational theropy, audio and speech language theropy, nursing)"
S3395,S3395,"Para Medical (physiotherapy, occupational theropy, audio and speech language theropy, nursing)"
S3396,S3396,"Para Medical (physiotherapy, occupational theropy, audio and speech language theropy, nursing)"
S3397,S3397,"Para Medical (physiotherapy, occupational theropy, audio and speech language theropy, nursing)"
S3398,S3398,"Para Medical (physiotherapy, occupational theropy, audio and speech language theropy, nursing)"
S3399,S3399,"Para Medical (physiotherapy, occupational theropy, audio and speech language theropy, nursing)"
S3400,S3400,"Para Medical (physiotherapy, occupational theropy, audio and speech language theropy, nursing)"
S3401,S3401,Militry
S3402,S3402,Militry
S3403,S3403,Militry
S3404,S3404,Militry
S3405,S3405,Militry
S3406,S3406,Militry
S3407,S3407,Militry
S3408,S3408,Militry
S3409,S3409,Militry
S3410,S3410,Militry
S3411,S3411,Militry
S3412,S3412,Militry
S3413,S3413,Militry
S3414,S3414,Militry
S3415,S3415,Militry
S3416,S3416,Militry
S3417,S3417,Militry
S3418,S3418,Militry
S3419,S3419,Militry
S3420,S3420,Militry
S3421,S3421,Militry
S3422,S3422,Militry
S3423,S3423,Militry
S3424,S3424,Militry
S3425,S3425,Militry
S3426,S3426,Militry
S3427,S3427,Militry
S3428,S3428,Militry
S3429,S3429,Militry
S3430,S3430,Militry
S3431,S3431,Militry
S3432,S3432,Militry
S3433,S3433,Militry
S3434,S3434,Militry
S3435,S3435,Militry
S3436,S3436,Militry
S3437,S3437,Militry
S3438,S3438,Militry
S3439,S3439,Militry
S3440,S3440,Militry
S3441,S3441,Militry
S3442,S3442,Militry
S3443,S3443,Militry
S3444,S3444,Militry
S3445,S3445,Militry
S3446,S3446,Militry
S3447,S3447,Militry
S3448,S3448,Militry
S3449,S3449,Militry
S3450,S3450,Militry
S3451,S3451,Para Militry (https://en.wikipedia.org/wiki/Paramilitary_forces_of_India)
S3452,S3452,Para Militry (https://en.wikipedia.org/wiki/Paramilitary_forces_of_India)
S3453,S3453,Para Militry (https://en.wikipedia.org/wiki/Paramilitary_forces_of_India)
S3454,S3454,Para Militry (https://en.wikipedia.org/wiki/Paramilitary_forces_of_India)
S3455,S3455,Para Militry (https://en.wikipedia.org/wiki/Paramilitary_forces_of_India)
S3456,S3456,Para Militry (https://en.wikipedia.org/wiki/Paramilitary_forces_of_India)
S3457,S3457,Para Militry (https://en.wikipedia.org/wiki/Paramilitary_forces_of_India)
S3458,S3458,Para Militry (https://en.wikipedia.org/wiki/Paramilitary_forces_of_India)
S3459,S3459,Para Militry (https://en.wikipedia.org/wiki/Paramilitary_forces_of_India)
S3460,S3460,Para Militry (https://en.wikipedia.org/wiki/Paramilitary_forces_of_India)
S3461,S3461,Para Militry (https://en.wikipedia.org/wiki/Paramilitary_forces_of_India)
S3462,S3462,Para Militry (https://en.wikipedia.org/wiki/Paramilitary_forces_of_India)
S3463,S3463,Para Militry (https://en.wikipedia.org/wiki/Paramilitary_forces_of_India)
S3464,S3464,Para Militry (https://en.wikipedia.org/wiki/Paramilitary_forces_of_India)
S3465,S3465,Para Militry (https://en.wikipedia.org/wiki/Paramilitary_forces_of_India)
S3466,S3466,Para Militry (https://en.wikipedia.org/wiki/Paramilitary_forces_of_India)
S3467,S3467,Para Militry (https://en.wikipedia.org/wiki/Paramilitary_forces_of_India)
S3468,S3468,Para Militry (https://en.wikipedia.org/wiki/Paramilitary_forces_of_India)
S3469,S3469,Para Militry (https://en.wikipedia.org/wiki/Paramilitary_forces_of_India)
S3470,S3470,Para Militry (https://en.wikipedia.org/wiki/Paramilitary_forces_of_India)
S3471,S3471,Para Militry (https://en.wikipedia.org/wiki/Paramilitary_forces_of_India)
S3472,S3472,Para Militry (https://en.wikipedia.org/wiki/Paramilitary_forces_of_India)
S3473,S3473,Para Militry (https://en.wikipedia.org/wiki/Paramilitary_forces_of_India)
S3474,S3474,Para Militry (https://en.wikipedia.org/wiki/Paramilitary_forces_of_India)
S3475,S3475,Para Militry (https://en.wikipedia.org/wiki/Paramilitary_forces_of_India)
S3476,S3476,Para Militry (https://en.wikipedia.org/wiki/Paramilitary_forces_of_India)
S3477,S3477,Para Militry (https://en.wikipedia.org/wiki/Paramilitary_forces_of_India)
S3478,S3478,Para Militry (https://en.wikipedia.org/wiki/Paramilitary_forces_of_India)
S3479,S3479,Para Militry (https://en.wikipedia.org/wiki/Paramilitary_forces_of_India)
S3480,S3480,Para Militry (https://en.wikipedia.org/wiki/Paramilitary_forces_of_India)
S3481,S3481,Para Militry (https://en.wikipedia.org/wiki/Paramilitary_forces_of_India)
S3482,S3482,Para Militry (https://en.wikipedia.org/wiki/Paramilitary_forces_of_India)
S3483,S3483,Para Militry (https://en.wikipedia.org/wiki/Paramilitary_forces_of_India)
S3484,S3484,Para Militry (https://en.wikipedia.org/wiki/Paramilitary_forces_of_India)
S3485,S3485,Para Militry (https://en.wikipedia.org/wiki/Paramilitary_forces_of_India)
S3486,S3486,Para Militry (https://en.wikipedia.org/wiki/Paramilitary_forces_of_India)
S3487,S3487,Para Militry (https://en.wikipedia.org/wiki/Paramilitary_forces_of_India)
S3488,S3488,Para Militry (https://en.wikipedia.org/wiki/Paramilitary_forces_of_India)
S3489,S3489,Para Militry (https://en.wikipedia.org/wiki/Paramilitary_forces_of_India)
S3490,S3490,Para Militry (https://en.wikipedia.org/wiki/Paramilitary_forces_of_India)
S3491,S3491,Para Militry (https://en.wikipedia.org/wiki/Paramilitary_forces_of_India)
S3492,S3492,Para Militry (https://en.wikipedia.org/wiki/Paramilitary_forces_of_India)
S3493,S3493,Para Militry (https://en.wikipedia.org/wiki/Paramilitary_forces_of_India)
S3494,S3494,Para Militry (https://en.wikipedia.org/wiki/Paramilitary_forces_of_India)
S3495,S3495,Para Militry (https://en.wikipedia.org/wiki/Paramilitary_forces_of_India)
S3496,S3496,Para Militry (https://en.wikipedia.org/wiki/Paramilitary_forces_of_India)
S3497,S3497,Para Militry (https://en.wikipedia.org/wiki/Paramilitary_forces_of_India)
S3498,S3498,Para Militry (https://en.wikipedia.org/wiki/Paramilitary_forces_of_India)
S3499,S3499,Para Militry (https://en.wikipedia.org/wiki/Paramilitary_forces_of_India)
S3500,S3500,Para Militry (https://en.wikipedia.org/wiki/Paramilitary_forces_of_India)
S3501,S3501,"Police Force (Spies, CBI officials, CID, Detectives)"
S3502,S3502,"Police Force (Spies, CBI officials, CID, Detectives)"
S3503,S3503,"Police Force (Spies, CBI officials, CID, Detectives)"
S3504,S3504,"Police Force (Spies, CBI officials, CID, Detectives)"
S3505,S3505,"Police Force (Spies, CBI officials, CID, Detectives)"
S3506,S3506,"Police Force (Spies, CBI officials, CID, Detectives)"
S3507,S3507,"Police Force (Spies, CBI officials, CID, Detectives)"
S3508,S3508,"Police Force (Spies, CBI officials, CID, Detectives)"
S3509,S3509,"Police Force (Spies, CBI officials, CID, Detectives)"
S3510,S3510,"Police Force (Spies, CBI officials, CID, Detectives)"
S3511,S3511,"Police Force (Spies, CBI officials, CID, Detectives)"
S3512,S3512,"Police Force (Spies, CBI officials, CID, Detectives)"
S3513,S3513,"Police Force (Spies, CBI officials, CID, Detectives)"
S3514,S3514,"Police Force (Spies, CBI officials, CID, Detectives)"
S3515,S3515,"Police Force (Spies, CBI officials, CID, Detectives)"
S3516,S3516,"Police Force (Spies, CBI officials, CID, Detectives)"
S3517,S3517,"Police Force (Spies, CBI officials, CID, Detectives)"
S3518,S3518,"Police Force (Spies, CBI officials, CID, Detectives)"
S3519,S3519,"Police Force (Spies, CBI officials, CID, Detectives)"
S3520,S3520,"Police Force (Spies, CBI officials, CID, Detectives)"
S3521,S3521,"Police Force (Spies, CBI officials, CID, Detectives)"
S3522,S3522,"Police Force (Spies, CBI officials, CID, Detectives)"
S3523,S3523,"Police Force (Spies, CBI officials, CID, Detectives)"
S3524,S3524,"Police Force (Spies, CBI officials, CID, Detectives)"
S3525,S3525,"Police Force (Spies, CBI officials, CID, Detectives)"
S3526,S3526,"Police Force (Spies, CBI officials, CID, Detectives)"
S3527,S3527,"Police Force (Spies, CBI officials, CID, Detectives)"
S3528,S3528,"Police Force (Spies, CBI officials, CID, Detectives)"
S3529,S3529,"Police Force (Spies, CBI officials, CID, Detectives)"
S3530,S3530,"Police Force (Spies, CBI officials, CID, Detectives)"
S3531,S3531,"Police Force (Spies, CBI officials, CID, Detectives)"
S3532,S3532,"Police Force (Spies, CBI officials, CID, Detectives)"
S3533,S3533,"Police Force (Spies, CBI officials, CID, Detectives)"
S3534,S3534,"Police Force (Spies, CBI officials, CID, Detectives)"
S3535,S3535,"Police Force (Spies, CBI officials, CID, Detectives)"
S3536,S3536,"Police Force (Spies, CBI officials, CID, Detectives)"
S3537,S3537,"Police Force (Spies, CBI officials, CID, Detectives)"
S3538,S3538,"Police Force (Spies, CBI officials, CID, Detectives)"
S3539,S3539,"Police Force (Spies, CBI officials, CID, Detectives)"
S3540,S3540,"Police Force (Spies, CBI officials, CID, Detectives)"
S3541,S3541,"Police Force (Spies, CBI officials, CID, Detectives)"
S3542,S3542,"Police Force (Spies, CBI officials, CID, Detectives)"
S3543,S3543,"Police Force (Spies, CBI officials, CID, Detectives)"
S3544,S3544,"Police Force (Spies, CBI officials, CID, Detectives)"
S3545,S3545,"Police Force (Spies, CBI officials, CID, Detectives)"
S3546,S3546,"Police Force (Spies, CBI officials, CID, Detectives)"
S3547,S3547,"Police Force (Spies, CBI officials, CID, Detectives)"
S3548,S3548,"Police Force (Spies, CBI officials, CID, Detectives)"
S3549,S3549,"Police Force (Spies, CBI officials, CID, Detectives)"
S3550,S3550,"Police Force (Spies, CBI officials, CID, Detectives)"
S3551,S3551,Technician
S3552,S3552,Technician
S3553,S3553,Technician
S3554,S3554,Technician
S3555,S3555,Technician
S3556,S3556,Technician
S3557,S3557,Technician
S3558,S3558,Technician
S3559,S3559,Technician
S3560,S3560,Technician
S3561,S3561,Technician
S3562,S3562,Technician
S3563,S3563,Technician
S3564,S3564,Technician
S3565,S3565,Technician
S3566,S3566,Technician
S3567,S3567,Technician
S3568,S3568,Technician
S3569,S3569,Technician
S3570,S3570,Technician
S3571,S3571,Technician
S3572,S3572,Technician
S3573,S3573,Technician
S3574,S3574,Technician
S3575,S3575,Technician
S3576,S3576,Technician
S3577,S3577,Technician
S3578,S3578,Technician
S3579,S3579,Technician
S3580,S3580,Technician
S3581,S3581,Technician
S3582,S3582,Technician
S3583,S3583,Technician
S3584,S3584,Technician
S3585,S3585,Technician
S3586,S3586,Technician
S3587,S3587,Technician
S3588,S3588,Technician
S3589,S3589,Technician
S3590,S3590,Technician
S3591,S3591,Technician
S3592,S3592,Technician
S3593,S3593,Technician
S3594,S3594,Technician
S3595,S3595,Technician
S3596,S3596,Technician
S3597,S3597,Technician
S3598,S3598,Technician
S3599,S3599,Technician
S3600,S3600,Technician
