Sr_No,Job_Profession,Student,Linguistic,Musical,Bodily,Logical_Mathematical,Spatial_Visualization,Interpersonal,Intrapersonal,Naturalist,Student_ID,P1,P2,P3,P4,P5,P6,P7,P8,Dominant_Intelligence,Average_Intelligence_Score,Average_Performance,Performance_Category
1,Machine Learning Engineer,S1,11,5,12,16,17,11,18,19,S1,AVG,POOR,AVG,BEST,BEST,AVG,BEST,BEST,Naturalist,13.62,2.38,Excellent
1,Machine Learning Engineer,S2,12,6,12,16,16,11,18,19,S2,AVG,POOR,AVG,BEST,BEST,AVG,BEST,BEST,Naturalist,13.75,2.38,Excellent
1,Machine Learning Engineer,S3,13,7,12,16,15,11,18,19,S3,AVG,POOR,AVG,BEST,BEST,AVG,BEST,BEST,Naturalist,13.88,2.38,Excellent
1,Machine Learning Engineer,S4,14,8,12,16,19,11,18,19,S4,AVG,POOR,AVG,BEST,BEST,AVG,BEST,BEST,Spatial_Visualization,14.62,2.38,Excellent
1,Machine Learning Engineer,S5,13,9,12,16,20,11,19,19,S5,AVG,POOR,AVG,BEST,BEST,AVG,BEST,BEST,Spatial_Visualization,14.88,2.38,Excellent
1,Machine Learning Engineer,S6,12,8,12,16,17,11,19,19,S6,AVG,POOR,AVG,BEST,BEST,AVG,BEST,BEST,Intrapersonal,14.25,2.38,Excellent
1,Machine Learning Engineer,S7,11,7,12,16,16,11,19,19,S7,AVG,POOR,AVG,BEST,BEST,AVG,BEST,BEST,Intrapersonal,13.88,2.38,Excellent
1,Machine Learning Engineer,S8,14,6,12,16,15,11,19,19,S8,AVG,POOR,AVG,BEST,BEST,AVG,BEST,BEST,Intrapersonal,14.0,2.38,Excellent
1,Machine Learning Engineer,S9,11,5,12,16,19,11,19,19,S9,AVG,POOR,AVG,BEST,BEST,AVG,BEST,BEST,Spatial_Visualization,14.0,2.38,Excellent
1,Machine Learning Engineer,S10,12,5,13,16,20,12,19,19,S10,AVG,POOR,AVG,BEST,BEST,AVG,BEST,BEST,Spatial_Visualization,14.5,2.38,Excellent
1,Machine Learning Engineer,S11,13,6,13,16,17,12,19,19,S11,AVG,POOR,AVG,BEST,BEST,AVG,BEST,BEST,Intrapersonal,14.38,2.38,Excellent
1,Machine Learning Engineer,S12,14,7,13,16,16,12,19,19,S12,AVG,POOR,AVG,BEST,BEST,AVG,BEST,BEST,Intrapersonal,14.5,2.38,Excellent
1,Machine Learning Engineer,S13,13,8,13,17,15,12,19,19,S13,AVG,POOR,AVG,BEST,BEST,AVG,BEST,BEST,Intrapersonal,14.5,2.38,Excellent
1,Machine Learning Engineer,S14,12,9,13,17,19,12,19,19,S14,AVG,POOR,AVG,BEST,BEST,AVG,BEST,BEST,Spatial_Visualization,15.0,2.38,Excellent
1,Machine Learning Engineer,S15,11,8,13,17,20,12,19,18,S15,AVG,POOR,AVG,BEST,BEST,AVG,BEST,BEST,Spatial_Visualization,14.75,2.38,Excellent
1,Machine Learning Engineer,S16,14,7,13,17,15,12,19,18,S16,AVG,POOR,AVG,BEST,BEST,AVG,BEST,BEST,Intrapersonal,14.38,2.38,Excellent
1,Machine Learning Engineer,S17,11,6,13,17,15,12,20,18,S17,AVG,POOR,AVG,BEST,BEST,AVG,BEST,BEST,Intrapersonal,14.0,2.38,Excellent
1,Machine Learning Engineer,S18,12,5,13,18,16,12,20,18,S18,AVG,POOR,AVG,BEST,BEST,AVG,BEST,BEST,Intrapersonal,14.25,2.38,Excellent
1,Machine Learning Engineer,S19,13,5,13,18,16,12,20,18,S19,AVG,POOR,AVG,BEST,BEST,AVG,BEST,BEST,Intrapersonal,14.38,2.38,Excellent
1,Machine Learning Engineer,S20,14,6,14,18,17,13,20,18,S20,AVG,POOR,AVG,BEST,BEST,AVG,BEST,BEST,Intrapersonal,15.0,2.38,Excellent
1,Machine Learning Engineer,S21,13,7,14,18,16,13,20,18,S21,AVG,POOR,AVG,BEST,BEST,AVG,BEST,BEST,Intrapersonal,14.88,2.38,Excellent
1,Machine Learning Engineer,S22,12,8,14,18,15,13,16,18,S22,AVG,POOR,AVG,BEST,BEST,AVG,BEST,BEST,Logical_Mathematical,14.25,2.38,Excellent
1,Machine Learning Engineer,S23,11,9,14,18,19,13,16,18,S23,AVG,POOR,AVG,BEST,BEST,AVG,BEST,BEST,Spatial_Visualization,14.75,2.38,Excellent
1,Machine Learning Engineer,S24,14,8,14,18,20,13,16,18,S24,AVG,POOR,AVG,BEST,BEST,AVG,BEST,BEST,Spatial_Visualization,15.12,2.38,Excellent
1,Machine Learning Engineer,S25,11,7,14,18,16,13,16,19,S25,AVG,POOR,AVG,BEST,BEST,AVG,BEST,BEST,Naturalist,14.25,2.38,Excellent
1,Machine Learning Engineer,S26,12,6,14,19,16,13,16,20,S26,AVG,POOR,AVG,BEST,BEST,AVG,BEST,BEST,Naturalist,14.5,2.38,Excellent
1,Machine Learning Engineer,S27,13,5,14,19,17,13,16,20,S27,AVG,POOR,AVG,BEST,BEST,AVG,BEST,BEST,Naturalist,14.62,2.38,Excellent
1,Machine Learning Engineer,S28,14,5,14,19,17,13,16,20,S28,AVG,POOR,AVG,BEST,BEST,AVG,BEST,BEST,Naturalist,14.75,2.38,Excellent
1,Machine Learning Engineer,S29,13,5,14,19,16,13,16,20,S29,AVG,POOR,AVG,BEST,BEST,AVG,BEST,BEST,Naturalist,14.5,2.38,Excellent
1,Machine Learning Engineer,S30,12,6,14,19,15,13,16,20,S30,AVG,POOR,AVG,BEST,BEST,AVG,BEST,BEST,Naturalist,14.38,2.38,Excellent
1,Machine Learning Engineer,S31,11,7,14,19,19,13,16,20,S31,AVG,POOR,AVG,BEST,BEST,AVG,BEST,BEST,Naturalist,14.88,2.38,Excellent
1,Machine Learning Engineer,S32,14,8,14,19,20,13,16,20,S32,AVG,POOR,AVG,BEST,BEST,AVG,BEST,BEST,Spatial_Visualization,15.5,2.38,Excellent
1,Machine Learning Engineer,S33,11,9,14,19,17,13,16,20,S33,AVG,POOR,AVG,BEST,BEST,AVG,BEST,BEST,Naturalist,14.88,2.38,Excellent
1,Machine Learning Engineer,S34,12,8,14,19,17,13,16,20,S34,AVG,POOR,AVG,BEST,BEST,AVG,BEST,BEST,Naturalist,14.88,2.38,Excellent
1,Machine Learning Engineer,S35,13,7,11,19,17,13,16,20,S35,AVG,POOR,AVG,BEST,BEST,AVG,BEST,BEST,Naturalist,14.5,2.38,Excellent
1,Machine Learning Engineer,S36,14,6,11,19,16,13,16,20,S36,AVG,POOR,AVG,BEST,BEST,AVG,BEST,BEST,Naturalist,14.38,2.38,Excellent
1,Machine Learning Engineer,S37,13,5,11,20,15,13,16,20,S37,AVG,POOR,AVG,BEST,BEST,AVG,BEST,BEST,Logical_Mathematical,14.12,2.38,Excellent
1,Machine Learning Engineer,S38,12,8,11,20,19,12,16,20,S38,AVG,POOR,AVG,BEST,BEST,AVG,BEST,BEST,Logical_Mathematical,14.75,2.38,Excellent
1,Machine Learning Engineer,S39,11,5,11,20,20,12,16,20,S39,AVG,POOR,AVG,BEST,BEST,AVG,BEST,BEST,Logical_Mathematical,14.38,2.38,Excellent
1,Machine Learning Engineer,S40,14,6,11,20,17,12,16,20,S40,AVG,POOR,AVG,BEST,BEST,AVG,BEST,BEST,Logical_Mathematical,14.5,2.38,Excellent
1,Machine Learning Engineer,S41,11,7,11,20,17,12,17,15,S41,AVG,POOR,AVG,BEST,BEST,AVG,BEST,BEST,Logical_Mathematical,13.75,2.38,Excellent
1,Machine Learning Engineer,S42,12,8,11,20,18,12,17,15,S42,AVG,POOR,AVG,BEST,BEST,AVG,BEST,BEST,Logical_Mathematical,14.12,2.38,Excellent
1,Machine Learning Engineer,S43,13,9,11,20,17,12,17,15,S43,AVG,POOR,AVG,BEST,BEST,AVG,BEST,BEST,Logical_Mathematical,14.25,2.38,Excellent
1,Machine Learning Engineer,S44,14,8,11,20,16,12,17,15,S44,AVG,POOR,AVG,BEST,BEST,AVG,BEST,BEST,Logical_Mathematical,14.12,2.38,Excellent
1,Machine Learning Engineer,S45,13,7,12,20,15,11,17,15,S45,AVG,POOR,AVG,BEST,BEST,AVG,BEST,BEST,Logical_Mathematical,13.75,2.38,Excellent
1,Machine Learning Engineer,S46,12,6,12,20,19,11,17,15,S46,AVG,POOR,AVG,BEST,BEST,AVG,BEST,BEST,Logical_Mathematical,14.0,2.38,Excellent
1,Machine Learning Engineer,S47,11,5,12,20,20,11,17,15,S47,AVG,POOR,AVG,BEST,BEST,AVG,BEST,BEST,Logical_Mathematical,13.88,2.38,Excellent
1,Machine Learning Engineer,S48,14,9,12,20,18,11,17,15,S48,AVG,POOR,AVG,BEST,BEST,AVG,BEST,BEST,Logical_Mathematical,14.5,2.38,Excellent
1,Machine Learning Engineer,S49,11,7,12,20,18,11,17,15,S49,AVG,POOR,AVG,BEST,BEST,AVG,BEST,BEST,Logical_Mathematical,13.88,2.38,Excellent
1,Machine Learning Engineer,S50,12,9,12,20,18,11,17,15,S50,AVG,POOR,AVG,BEST,BEST,AVG,BEST,BEST,Logical_Mathematical,14.25,2.38,Excellent
2,Data Scientist,S51,11,8,17,19,13,6,12,20,S51,AVG,POOR,BEST,BEST,AVG,POOR,AVG,BEST,Naturalist,13.25,2.12,Good
2,Data Scientist,S52,12,5,16,19,14,7,12,20,S52,AVG,POOR,BEST,BEST,AVG,POOR,AVG,BEST,Naturalist,13.12,2.12,Good
2,Data Scientist,S53,13,6,15,19,13,8,12,20,S53,AVG,POOR,BEST,BEST,AVG,POOR,AVG,BEST,Naturalist,13.25,2.12,Good
2,Data Scientist,S54,14,7,19,19,12,9,12,20,S54,AVG,POOR,BEST,BEST,AVG,POOR,AVG,BEST,Naturalist,14.0,2.12,Good
2,Data Scientist,S55,13,8,20,19,11,8,12,20,S55,AVG,POOR,BEST,BEST,AVG,POOR,AVG,BEST,Bodily,13.88,2.12,Good
2,Data Scientist,S56,12,9,17,19,14,5,12,20,S56,AVG,POOR,BEST,BEST,AVG,POOR,AVG,BEST,Naturalist,13.5,2.12,Good
2,Data Scientist,S57,11,8,17,19,11,6,12,20,S57,AVG,POOR,BEST,BEST,AVG,POOR,AVG,BEST,Naturalist,13.0,2.12,Good
2,Data Scientist,S58,14,5,18,19,12,7,12,20,S58,AVG,POOR,BEST,BEST,AVG,POOR,AVG,BEST,Naturalist,13.38,2.12,Good
2,Data Scientist,S59,11,6,17,19,13,8,12,20,S59,AVG,POOR,BEST,BEST,AVG,POOR,AVG,BEST,Naturalist,13.25,2.12,Good
2,Data Scientist,S60,12,7,17,19,13,9,12,20,S60,AVG,POOR,BEST,BEST,AVG,POOR,AVG,BEST,Naturalist,13.62,2.12,Good
2,Data Scientist,S61,13,8,16,19,14,8,13,20,S61,AVG,POOR,BEST,BEST,AVG,POOR,AVG,BEST,Naturalist,13.88,2.12,Good
2,Data Scientist,S62,14,9,15,15,13,5,13,20,S62,AVG,POOR,BEST,BEST,AVG,POOR,AVG,BEST,Naturalist,13.0,2.12,Good
2,Data Scientist,S63,13,8,19,15,12,6,13,20,S63,AVG,POOR,BEST,BEST,AVG,POOR,AVG,BEST,Naturalist,13.25,2.12,Good
2,Data Scientist,S64,12,5,20,15,11,7,13,20,S64,AVG,POOR,BEST,BEST,AVG,POOR,AVG,BEST,Bodily,12.88,2.12,Good
2,Data Scientist,S65,11,6,17,15,14,8,13,20,S65,AVG,POOR,BEST,BEST,AVG,POOR,AVG,BEST,Naturalist,13.0,2.12,Good
2,Data Scientist,S66,14,7,17,15,11,9,13,20,S66,AVG,POOR,BEST,BEST,AVG,POOR,AVG,BEST,Naturalist,13.25,2.12,Good
2,Data Scientist,S67,11,8,18,15,12,8,13,20,S67,AVG,POOR,BEST,BEST,AVG,POOR,AVG,BEST,Naturalist,13.12,2.12,Good
2,Data Scientist,S68,12,9,17,15,13,5,13,18,S68,AVG,POOR,BEST,BEST,AVG,POOR,AVG,BEST,Naturalist,12.75,2.12,Good
2,Data Scientist,S69,13,8,17,15,13,6,13,18,S69,AVG,POOR,BEST,BEST,AVG,POOR,AVG,BEST,Naturalist,12.88,2.12,Good
2,Data Scientist,S70,14,5,16,15,14,7,13,18,S70,AVG,POOR,BEST,BEST,AVG,POOR,AVG,BEST,Naturalist,12.75,2.12,Good
2,Data Scientist,S71,13,6,15,15,13,8,13,18,S71,AVG,POOR,BEST,BEST,AVG,POOR,AVG,BEST,Naturalist,12.62,2.12,Good
2,Data Scientist,S72,12,7,19,18,12,9,13,18,S72,AVG,POOR,BEST,BEST,AVG,POOR,AVG,BEST,Bodily,13.5,2.12,Good
2,Data Scientist,S73,11,8,20,18,11,8,11,18,S73,AVG,POOR,BEST,BEST,AVG,POOR,AVG,BEST,Bodily,13.12,2.12,Good
2,Data Scientist,S74,14,9,17,18,14,5,11,18,S74,AVG,POOR,BEST,BEST,AVG,POOR,AVG,BEST,Logical_Mathematical,13.25,2.12,Good
2,Data Scientist,S75,11,8,17,18,11,6,11,18,S75,AVG,POOR,BEST,BEST,AVG,POOR,AVG,BEST,Logical_Mathematical,12.5,2.12,Good
2,Data Scientist,S76,12,5,18,18,12,7,11,18,S76,AVG,POOR,BEST,BEST,AVG,POOR,AVG,BEST,Bodily,12.62,2.12,Good
2,Data Scientist,S77,13,6,17,18,13,8,11,18,S77,AVG,POOR,BEST,BEST,AVG,POOR,AVG,BEST,Logical_Mathematical,13.0,2.12,Good
2,Data Scientist,S78,14,7,17,18,13,9,11,18,S78,AVG,POOR,BEST,BEST,AVG,POOR,AVG,BEST,Logical_Mathematical,13.38,2.12,Good
2,Data Scientist,S79,13,8,16,18,14,8,11,18,S79,AVG,POOR,BEST,BEST,AVG,POOR,AVG,BEST,Logical_Mathematical,13.25,2.12,Good
2,Data Scientist,S80,12,9,15,18,13,5,11,18,S80,AVG,POOR,BEST,BEST,AVG,POOR,AVG,BEST,Logical_Mathematical,12.62,2.12,Good
2,Data Scientist,S81,11,8,19,18,12,6,11,18,S81,AVG,POOR,BEST,BEST,AVG,POOR,AVG,BEST,Bodily,12.88,2.12,Good
2,Data Scientist,S82,14,5,20,18,11,7,11,18,S82,AVG,POOR,BEST,BEST,AVG,POOR,AVG,BEST,Bodily,13.0,2.12,Good
2,Data Scientist,S83,11,6,17,18,14,8,11,18,S83,AVG,POOR,BEST,BEST,AVG,POOR,AVG,BEST,Logical_Mathematical,12.88,2.12,Good
2,Data Scientist,S84,12,7,17,18,11,9,11,17,S84,AVG,POOR,BEST,BEST,AVG,POOR,AVG,BEST,Logical_Mathematical,12.75,2.12,Good
2,Data Scientist,S85,13,8,18,18,12,8,11,17,S85,AVG,POOR,BEST,BEST,AVG,POOR,AVG,BEST,Bodily,13.12,2.12,Good
2,Data Scientist,S86,14,9,17,18,13,5,11,17,S86,AVG,POOR,BEST,BEST,AVG,POOR,AVG,BEST,Logical_Mathematical,13.0,2.12,Good
2,Data Scientist,S87,13,8,17,18,13,6,14,17,S87,AVG,POOR,BEST,BEST,AVG,POOR,AVG,BEST,Logical_Mathematical,13.25,2.12,Good
2,Data Scientist,S88,12,5,16,18,14,7,14,17,S88,AVG,POOR,BEST,BEST,AVG,POOR,AVG,BEST,Logical_Mathematical,12.88,2.12,Good
2,Data Scientist,S89,11,6,15,18,13,8,14,17,S89,AVG,POOR,BEST,BEST,AVG,POOR,AVG,BEST,Logical_Mathematical,12.75,2.12,Good
2,Data Scientist,S90,14,7,19,19,12,9,14,17,S90,AVG,POOR,BEST,BEST,AVG,POOR,AVG,BEST,Bodily,13.88,2.12,Good
2,Data Scientist,S91,11,8,20,19,11,8,14,17,S91,AVG,POOR,BEST,BEST,AVG,POOR,AVG,BEST,Bodily,13.5,2.12,Good
2,Data Scientist,S92,12,9,17,19,14,5,14,17,S92,AVG,POOR,BEST,BEST,AVG,POOR,AVG,BEST,Logical_Mathematical,13.38,2.12,Good
2,Data Scientist,S93,13,8,17,19,11,6,14,17,S93,AVG,POOR,BEST,BEST,AVG,POOR,AVG,BEST,Logical_Mathematical,13.12,2.12,Good
2,Data Scientist,S94,14,5,18,19,12,7,14,17,S94,AVG,POOR,BEST,BEST,AVG,POOR,AVG,BEST,Logical_Mathematical,13.25,2.12,Good
2,Data Scientist,S95,13,6,17,19,11,8,14,17,S95,AVG,POOR,BEST,BEST,AVG,POOR,AVG,BEST,Logical_Mathematical,13.12,2.12,Good
2,Data Scientist,S96,12,7,16,19,12,9,14,17,S96,AVG,POOR,BEST,BEST,AVG,POOR,AVG,BEST,Logical_Mathematical,13.25,2.12,Good
2,Data Scientist,S97,11,8,15,19,13,8,14,17,S97,AVG,POOR,BEST,BEST,AVG,POOR,AVG,BEST,Logical_Mathematical,13.12,2.12,Good
2,Data Scientist,S98,14,9,19,19,14,5,14,17,S98,AVG,POOR,BEST,BEST,AVG,POOR,AVG,BEST,Bodily,13.88,2.12,Good
2,Data Scientist,S99,11,7,20,19,13,9,14,17,S99,AVG,POOR,BEST,BEST,AVG,POOR,AVG,BEST,Bodily,13.75,2.12,Good
2,Data Scientist,S100,12,6,17,19,12,7,14,17,S100,AVG,POOR,BEST,BEST,AVG,POOR,AVG,BEST,Logical_Mathematical,13.0,2.12,Good
3,Cloud Engineer,S101,5,6,11,20,12,7,13,19,S101,POOR,POOR,AVG,BEST,AVG,POOR,AVG,BEST,Logical_Mathematical,11.62,1.88,Average
3,Cloud Engineer,S102,6,5,12,20,12,9,13,19,S102,POOR,POOR,AVG,BEST,AVG,POOR,AVG,BEST,Logical_Mathematical,12.0,1.88,Average
3,Cloud Engineer,S103,7,6,14,20,12,10,11,19,S103,POOR,POOR,AVG,BEST,AVG,POOR,AVG,BEST,Logical_Mathematical,12.38,1.88,Average
3,Cloud Engineer,S104,8,7,12,20,12,9,12,19,S104,POOR,POOR,AVG,BEST,AVG,POOR,AVG,BEST,Logical_Mathematical,12.38,1.88,Average
3,Cloud Engineer,S105,9,8,13,20,12,8,14,19,S105,POOR,POOR,AVG,BEST,AVG,POOR,AVG,BEST,Logical_Mathematical,12.88,1.88,Average
3,Cloud Engineer,S106,10,9,11,20,12,7,12,19,S106,POOR,POOR,AVG,BEST,AVG,POOR,AVG,BEST,Logical_Mathematical,12.5,1.88,Average
3,Cloud Engineer,S107,9,8,12,20,12,6,13,19,S107,POOR,POOR,AVG,BEST,AVG,POOR,AVG,BEST,Logical_Mathematical,12.38,1.88,Average
3,Cloud Engineer,S108,8,5,14,20,12,6,11,19,S108,POOR,POOR,AVG,BEST,AVG,POOR,AVG,BEST,Logical_Mathematical,11.88,1.88,Average
3,Cloud Engineer,S109,7,6,12,20,12,9,12,19,S109,POOR,POOR,AVG,BEST,AVG,POOR,AVG,BEST,Logical_Mathematical,12.12,1.88,Average
3,Cloud Engineer,S110,6,7,13,20,12,10,14,19,S110,POOR,POOR,AVG,BEST,AVG,POOR,AVG,BEST,Logical_Mathematical,12.62,1.88,Average
3,Cloud Engineer,S111,6,8,11,20,12,9,13,19,S111,POOR,POOR,AVG,BEST,AVG,POOR,AVG,BEST,Logical_Mathematical,12.25,1.88,Average
3,Cloud Engineer,S112,7,9,12,20,12,8,11,19,S112,POOR,POOR,AVG,BEST,AVG,POOR,AVG,BEST,Logical_Mathematical,12.25,1.88,Average
3,Cloud Engineer,S113,8,5,14,20,12,7,12,19,S113,POOR,POOR,AVG,BEST,AVG,POOR,AVG,BEST,Logical_Mathematical,12.12,1.88,Average
3,Cloud Engineer,S114,9,6,12,20,12,6,14,19,S114,POOR,POOR,AVG,BEST,AVG,POOR,AVG,BEST,Logical_Mathematical,12.25,1.88,Average
3,Cloud Engineer,S115,10,7,13,20,12,6,12,19,S115,POOR,POOR,AVG,BEST,AVG,POOR,AVG,BEST,Logical_Mathematical,12.38,1.88,Average
3,Cloud Engineer,S116,9,8,11,20,12,9,13,19,S116,POOR,POOR,AVG,BEST,AVG,POOR,AVG,BEST,Logical_Mathematical,12.62,1.88,Average
3,Cloud Engineer,S117,8,9,12,20,12,10,11,19,S117,POOR,POOR,AVG,BEST,AVG,POOR,AVG,BEST,Logical_Mathematical,12.62,1.88,Average
3,Cloud Engineer,S118,7,8,14,20,12,9,12,19,S118,POOR,POOR,AVG,BEST,AVG,POOR,AVG,BEST,Logical_Mathematical,12.62,1.88,Average
3,Cloud Engineer,S119,6,5,12,20,12,8,14,19,S119,POOR,POOR,AVG,BEST,AVG,POOR,AVG,BEST,Logical_Mathematical,12.0,1.88,Average
3,Cloud Engineer,S120,6,6,13,19,12,7,13,19,S120,POOR,POOR,AVG,BEST,AVG,POOR,AVG,BEST,Logical_Mathematical,11.88,1.88,Average
3,Cloud Engineer,S121,7,7,11,19,12,6,11,19,S121,POOR,POOR,AVG,BEST,AVG,POOR,AVG,BEST,Logical_Mathematical,11.5,1.88,Average
3,Cloud Engineer,S122,8,8,12,19,12,6,12,19,S122,POOR,POOR,AVG,BEST,AVG,POOR,AVG,BEST,Logical_Mathematical,12.0,1.88,Average
3,Cloud Engineer,S123,9,9,14,19,11,9,14,16,S123,POOR,POOR,AVG,BEST,AVG,POOR,AVG,BEST,Logical_Mathematical,12.62,1.88,Average
3,Cloud Engineer,S124,10,5,12,19,11,10,12,16,S124,POOR,POOR,AVG,BEST,AVG,POOR,AVG,BEST,Logical_Mathematical,11.88,1.88,Average
3,Cloud Engineer,S125,9,6,13,19,11,9,13,16,S125,POOR,POOR,AVG,BEST,AVG,POOR,AVG,BEST,Logical_Mathematical,12.0,1.88,Average
3,Cloud Engineer,S126,8,7,11,19,11,8,11,16,S126,POOR,POOR,AVG,BEST,AVG,POOR,AVG,BEST,Logical_Mathematical,11.38,1.88,Average
3,Cloud Engineer,S127,7,8,12,19,11,7,12,16,S127,POOR,POOR,AVG,BEST,AVG,POOR,AVG,BEST,Logical_Mathematical,11.5,1.88,Average
3,Cloud Engineer,S128,6,9,14,19,11,6,14,16,S128,POOR,POOR,AVG,BEST,AVG,POOR,AVG,BEST,Logical_Mathematical,11.88,1.88,Average
3,Cloud Engineer,S129,6,8,12,19,11,6,13,16,S129,POOR,POOR,AVG,BEST,AVG,POOR,AVG,BEST,Logical_Mathematical,11.38,1.88,Average
3,Cloud Engineer,S130,7,5,13,19,11,9,11,16,S130,POOR,POOR,AVG,BEST,AVG,POOR,AVG,BEST,Logical_Mathematical,11.38,1.88,Average
3,Cloud Engineer,S131,8,6,11,19,11,10,12,16,S131,POOR,POOR,AVG,BEST,AVG,POOR,AVG,BEST,Logical_Mathematical,11.62,1.88,Average
3,Cloud Engineer,S132,9,7,12,19,11,9,14,16,S132,POOR,POOR,AVG,BEST,AVG,POOR,AVG,BEST,Logical_Mathematical,12.12,1.88,Average
3,Cloud Engineer,S133,10,8,14,19,14,8,12,16,S133,POOR,POOR,AVG,BEST,AVG,POOR,AVG,BEST,Logical_Mathematical,12.62,1.88,Average
3,Cloud Engineer,S134,9,9,12,18,14,7,13,16,S134,POOR,POOR,AVG,BEST,AVG,POOR,AVG,BEST,Logical_Mathematical,12.25,1.88,Average
3,Cloud Engineer,S135,8,5,13,18,14,6,11,16,S135,POOR,POOR,AVG,BEST,AVG,POOR,AVG,BEST,Logical_Mathematical,11.38,1.88,Average
3,Cloud Engineer,S136,7,6,11,18,14,6,12,18,S136,POOR,POOR,AVG,BEST,AVG,POOR,AVG,BEST,Logical_Mathematical,11.5,1.88,Average
3,Cloud Engineer,S137,6,7,12,18,14,9,14,18,S137,POOR,POOR,AVG,BEST,AVG,POOR,AVG,BEST,Logical_Mathematical,12.25,1.88,Average
3,Cloud Engineer,S138,6,8,14,18,14,10,13,18,S138,POOR,POOR,AVG,BEST,AVG,POOR,AVG,BEST,Logical_Mathematical,12.62,1.88,Average
3,Cloud Engineer,S139,7,9,12,18,14,9,11,18,S139,POOR,POOR,AVG,BEST,AVG,POOR,AVG,BEST,Logical_Mathematical,12.25,1.88,Average
3,Cloud Engineer,S140,8,8,13,18,14,8,12,18,S140,POOR,POOR,AVG,BEST,AVG,POOR,AVG,BEST,Logical_Mathematical,12.38,1.88,Average
3,Cloud Engineer,S141,9,5,11,18,14,7,14,18,S141,POOR,POOR,AVG,BEST,AVG,POOR,AVG,BEST,Logical_Mathematical,12.0,1.88,Average
3,Cloud Engineer,S142,10,6,12,18,14,6,12,18,S142,POOR,POOR,AVG,BEST,AVG,POOR,AVG,BEST,Logical_Mathematical,12.0,1.88,Average
3,Cloud Engineer,S143,9,7,14,18,14,6,13,18,S143,POOR,POOR,AVG,BEST,AVG,POOR,AVG,BEST,Logical_Mathematical,12.38,1.88,Average
3,Cloud Engineer,S144,8,8,12,18,12,9,11,18,S144,POOR,POOR,AVG,BEST,AVG,POOR,AVG,BEST,Logical_Mathematical,12.0,1.88,Average
3,Cloud Engineer,S145,7,9,13,18,12,10,12,18,S145,POOR,POOR,AVG,BEST,AVG,POOR,AVG,BEST,Logical_Mathematical,12.38,1.88,Average
3,Cloud Engineer,S146,6,5,12,18,12,9,14,18,S146,POOR,POOR,AVG,BEST,AVG,POOR,AVG,BEST,Logical_Mathematical,11.75,1.88,Average
3,Cloud Engineer,S147,8,6,14,17,12,8,13,18,S147,POOR,POOR,AVG,BEST,AVG,POOR,AVG,BEST,Naturalist,12.0,1.88,Average
3,Cloud Engineer,S148,7,7,12,17,12,7,11,18,S148,POOR,POOR,AVG,BEST,AVG,POOR,AVG,BEST,Naturalist,11.38,1.88,Average
3,Cloud Engineer,S149,6,8,13,17,12,6,12,18,S149,POOR,POOR,AVG,BEST,AVG,POOR,AVG,BEST,Naturalist,11.5,1.88,Average
3,Cloud Engineer,S150,9,9,11,17,12,6,14,18,S150,POOR,POOR,AVG,BEST,AVG,POOR,AVG,BEST,Naturalist,12.0,1.88,Average
4,DevOps Engineer,S151,11,5,11,12,6,17,19,18,S151,AVG,POOR,AVG,AVG,POOR,BEST,BEST,BEST,Intrapersonal,12.38,2.12,Good
4,DevOps Engineer,S152,12,5,14,14,9,20,19,18,S152,AVG,POOR,AVG,AVG,POOR,BEST,BEST,BEST,Interpersonal,13.88,2.12,Good
4,DevOps Engineer,S153,14,9,13,12,8,18,19,18,S153,AVG,POOR,AVG,AVG,POOR,BEST,BEST,BEST,Intrapersonal,13.88,2.12,Good
4,DevOps Engineer,S154,13,8,11,13,7,19,19,18,S154,AVG,POOR,AVG,AVG,POOR,BEST,BEST,BEST,Interpersonal,13.5,2.12,Good
4,DevOps Engineer,S155,11,7,12,11,6,16,19,18,S155,AVG,POOR,AVG,AVG,POOR,BEST,BEST,BEST,Intrapersonal,12.5,2.12,Good
4,DevOps Engineer,S156,12,6,14,12,8,15,19,18,S156,AVG,POOR,AVG,AVG,POOR,BEST,BEST,BEST,Intrapersonal,13.0,2.12,Good
4,DevOps Engineer,S157,11,8,13,14,7,17,19,18,S157,AVG,POOR,AVG,AVG,POOR,BEST,BEST,BEST,Intrapersonal,13.38,2.12,Good
4,DevOps Engineer,S158,11,7,11,12,6,20,19,18,S158,AVG,POOR,AVG,AVG,POOR,BEST,BEST,BEST,Interpersonal,13.0,2.12,Good
4,DevOps Engineer,S159,12,6,12,13,9,18,19,18,S159,AVG,POOR,AVG,AVG,POOR,BEST,BEST,BEST,Intrapersonal,13.38,2.12,Good
4,DevOps Engineer,S160,14,9,11,11,6,19,19,18,S160,AVG,POOR,AVG,AVG,POOR,BEST,BEST,BEST,Interpersonal,13.38,2.12,Good
4,DevOps Engineer,S161,13,5,14,12,9,16,19,18,S161,AVG,POOR,AVG,AVG,POOR,BEST,BEST,BEST,Intrapersonal,13.25,2.12,Good
4,DevOps Engineer,S162,11,5,13,14,8,15,19,18,S162,AVG,POOR,AVG,AVG,POOR,BEST,BEST,BEST,Intrapersonal,12.88,2.12,Good
4,DevOps Engineer,S163,12,9,11,12,7,17,18,18,S163,AVG,POOR,AVG,AVG,POOR,BEST,BEST,BEST,Intrapersonal,13.0,2.12,Good
4,DevOps Engineer,S164,11,8,12,13,6,20,18,18,S164,AVG,POOR,AVG,AVG,POOR,BEST,BEST,BEST,Interpersonal,13.25,2.12,Good
4,DevOps Engineer,S165,11,7,14,11,8,18,18,18,S165,AVG,POOR,AVG,AVG,POOR,BEST,BEST,BEST,Interpersonal,13.12,2.12,Good
4,DevOps Engineer,S166,12,6,13,12,7,19,18,18,S166,AVG,POOR,AVG,AVG,POOR,BEST,BEST,BEST,Interpersonal,13.12,2.12,Good
4,DevOps Engineer,S167,14,8,11,14,6,16,18,18,S167,AVG,POOR,AVG,AVG,POOR,BEST,BEST,BEST,Intrapersonal,13.12,2.12,Good
4,DevOps Engineer,S168,13,7,12,12,9,15,18,17,S168,AVG,POOR,AVG,AVG,POOR,BEST,BEST,BEST,Intrapersonal,12.88,2.12,Good
4,DevOps Engineer,S169,11,6,11,14,7,17,18,17,S169,AVG,POOR,AVG,AVG,POOR,BEST,BEST,BEST,Intrapersonal,12.62,2.12,Good
4,DevOps Engineer,S170,12,9,11,12,9,20,18,17,S170,AVG,POOR,AVG,AVG,POOR,BEST,BEST,BEST,Interpersonal,13.5,2.12,Good
4,DevOps Engineer,S171,11,6,11,13,8,18,18,17,S171,AVG,POOR,AVG,AVG,POOR,BEST,BEST,BEST,Interpersonal,12.75,2.12,Good
4,DevOps Engineer,S172,11,9,14,11,7,19,18,17,S172,AVG,POOR,AVG,AVG,POOR,BEST,BEST,BEST,Interpersonal,13.25,2.12,Good
4,DevOps Engineer,S173,12,8,13,12,6,16,18,17,S173,AVG,POOR,AVG,AVG,POOR,BEST,BEST,BEST,Intrapersonal,12.75,2.12,Good
4,DevOps Engineer,S174,14,7,11,14,8,15,18,17,S174,AVG,POOR,AVG,AVG,POOR,BEST,BEST,BEST,Intrapersonal,13.0,2.12,Good
4,DevOps Engineer,S175,13,6,12,12,7,17,18,17,S175,AVG,POOR,AVG,AVG,POOR,BEST,BEST,BEST,Intrapersonal,12.75,2.12,Good
4,DevOps Engineer,S176,11,8,14,13,6,20,18,17,S176,AVG,POOR,AVG,AVG,POOR,BEST,BEST,BEST,Interpersonal,13.38,2.12,Good
4,DevOps Engineer,S177,12,7,13,11,9,18,18,17,S177,AVG,POOR,AVG,AVG,POOR,BEST,BEST,BEST,Interpersonal,13.12,2.12,Good
4,DevOps Engineer,S178,11,6,11,12,7,19,18,17,S178,AVG,POOR,AVG,AVG,POOR,BEST,BEST,BEST,Interpersonal,12.62,2.12,Good
4,DevOps Engineer,S179,11,9,12,14,9,16,18,17,S179,AVG,POOR,AVG,AVG,POOR,BEST,BEST,BEST,Intrapersonal,13.25,2.12,Good
4,DevOps Engineer,S180,12,7,11,12,8,15,18,17,S180,AVG,POOR,AVG,AVG,POOR,BEST,BEST,BEST,Intrapersonal,12.5,2.12,Good
4,DevOps Engineer,S181,14,9,11,13,7,17,18,17,S181,AVG,POOR,AVG,AVG,POOR,BEST,BEST,BEST,Intrapersonal,13.25,2.12,Good
4,DevOps Engineer,S182,13,8,14,11,6,20,18,17,S182,AVG,POOR,AVG,AVG,POOR,BEST,BEST,BEST,Interpersonal,13.38,2.12,Good
4,DevOps Engineer,S183,11,7,13,12,8,18,18,17,S183,AVG,POOR,AVG,AVG,POOR,BEST,BEST,BEST,Interpersonal,13.0,2.12,Good
4,DevOps Engineer,S184,12,6,11,14,7,19,18,17,S184,AVG,POOR,AVG,AVG,POOR,BEST,BEST,BEST,Interpersonal,13.0,2.12,Good
4,DevOps Engineer,S185,11,8,12,12,6,16,18,17,S185,AVG,POOR,AVG,AVG,POOR,BEST,BEST,BEST,Intrapersonal,12.5,2.12,Good
4,DevOps Engineer,S186,11,7,14,14,9,15,18,17,S186,AVG,POOR,AVG,AVG,POOR,BEST,BEST,BEST,Intrapersonal,13.12,2.12,Good
4,DevOps Engineer,S187,12,6,13,12,9,17,18,17,S187,AVG,POOR,AVG,AVG,POOR,BEST,BEST,BEST,Intrapersonal,13.0,2.12,Good
4,DevOps Engineer,S188,14,9,11,13,9,20,17,17,S188,AVG,POOR,AVG,AVG,POOR,BEST,BEST,BEST,Interpersonal,13.75,2.12,Good
4,DevOps Engineer,S189,13,7,12,11,8,18,17,17,S189,AVG,POOR,AVG,AVG,POOR,BEST,BEST,BEST,Interpersonal,12.88,2.12,Good
4,DevOps Engineer,S190,11,7,14,12,7,19,17,19,S190,AVG,POOR,AVG,AVG,POOR,BEST,BEST,BEST,Interpersonal,13.25,2.12,Good
4,DevOps Engineer,S191,12,7,14,14,6,16,17,19,S191,AVG,POOR,AVG,AVG,POOR,BEST,BEST,BEST,Naturalist,13.12,2.12,Good
4,DevOps Engineer,S192,11,9,11,12,8,15,17,19,S192,AVG,POOR,AVG,AVG,POOR,BEST,BEST,BEST,Naturalist,12.75,2.12,Good
4,DevOps Engineer,S193,11,8,14,13,7,17,17,19,S193,AVG,POOR,AVG,AVG,POOR,BEST,BEST,BEST,Naturalist,13.25,2.12,Good
4,DevOps Engineer,S194,12,7,13,11,9,20,17,19,S194,AVG,POOR,AVG,AVG,POOR,BEST,BEST,BEST,Interpersonal,13.5,2.12,Good
4,DevOps Engineer,S195,14,6,11,12,8,18,17,19,S195,AVG,POOR,AVG,AVG,POOR,BEST,BEST,BEST,Naturalist,13.12,2.12,Good
4,DevOps Engineer,S196,13,8,12,14,7,19,17,19,S196,AVG,POOR,AVG,AVG,POOR,BEST,BEST,BEST,Interpersonal,13.62,2.12,Good
4,DevOps Engineer,S197,11,7,14,12,6,16,17,19,S197,AVG,POOR,AVG,AVG,POOR,BEST,BEST,BEST,Naturalist,12.75,2.12,Good
4,DevOps Engineer,S198,12,6,13,13,8,15,17,19,S198,AVG,POOR,AVG,AVG,POOR,BEST,BEST,BEST,Naturalist,12.88,2.12,Good
4,DevOps Engineer,S199,11,9,11,11,7,18,17,19,S199,AVG,POOR,AVG,AVG,POOR,BEST,BEST,BEST,Naturalist,12.88,2.12,Good
4,DevOps Engineer,S200,13,10,12,12,6,15,17,19,S200,AVG,POOR,AVG,AVG,POOR,BEST,BEST,BEST,Naturalist,13.0,2.12,Good
5,Nature photographer,S201,11,5,17,10,6,12,17,20,S201,AVG,POOR,BEST,POOR,POOR,AVG,BEST,BEST,Naturalist,12.25,2.0,Good
5,Nature photographer,S202,12,5,20,10,6,12,17,18,S202,AVG,POOR,BEST,POOR,POOR,AVG,BEST,BEST,Bodily,12.5,2.0,Good
5,Nature photographer,S203,13,6,18,10,6,12,17,20,S203,AVG,POOR,BEST,POOR,POOR,AVG,BEST,BEST,Naturalist,12.75,2.0,Good
5,Nature photographer,S204,14,6,19,10,6,12,17,15,S204,AVG,POOR,BEST,POOR,POOR,AVG,BEST,BEST,Bodily,12.38,2.0,Good
5,Nature photographer,S205,13,7,16,10,6,12,17,20,S205,AVG,POOR,BEST,POOR,POOR,AVG,BEST,BEST,Naturalist,12.62,2.0,Good
5,Nature photographer,S206,12,7,15,10,6,12,17,16,S206,AVG,POOR,BEST,POOR,POOR,AVG,BEST,BEST,Intrapersonal,11.88,2.0,Good
5,Nature photographer,S207,11,8,17,10,6,12,17,19,S207,AVG,POOR,BEST,POOR,POOR,AVG,BEST,BEST,Naturalist,12.5,2.0,Good
5,Nature photographer,S208,11,8,20,10,6,12,17,18,S208,AVG,POOR,BEST,POOR,POOR,AVG,BEST,BEST,Bodily,12.75,2.0,Good
5,Nature photographer,S209,12,9,18,10,6,12,17,20,S209,AVG,POOR,BEST,POOR,POOR,AVG,BEST,BEST,Naturalist,13.0,2.0,Good
5,Nature photographer,S210,13,9,19,10,6,12,17,19,S210,AVG,POOR,BEST,POOR,POOR,AVG,BEST,BEST,Bodily,13.12,2.0,Good
5,Nature photographer,S211,14,5,16,10,6,12,17,18,S211,AVG,POOR,BEST,POOR,POOR,AVG,BEST,BEST,Naturalist,12.25,2.0,Good
5,Nature photographer,S212,13,5,15,10,6,12,17,17,S212,AVG,POOR,BEST,POOR,POOR,AVG,BEST,BEST,Intrapersonal,11.88,2.0,Good
5,Nature photographer,S213,12,6,17,10,6,11,17,20,S213,AVG,POOR,BEST,POOR,POOR,AVG,BEST,BEST,Naturalist,12.38,2.0,Good
5,Nature photographer,S214,11,6,20,10,6,11,17,18,S214,AVG,POOR,BEST,POOR,POOR,AVG,BEST,BEST,Bodily,12.38,2.0,Good
5,Nature photographer,S215,11,7,18,8,6,11,17,20,S215,AVG,POOR,BEST,POOR,POOR,AVG,BEST,BEST,Naturalist,12.25,2.0,Good
5,Nature photographer,S216,12,7,19,8,6,11,17,15,S216,AVG,POOR,BEST,POOR,POOR,AVG,BEST,BEST,Bodily,11.88,2.0,Good
5,Nature photographer,S217,13,8,16,8,6,11,17,20,S217,AVG,POOR,BEST,POOR,POOR,AVG,BEST,BEST,Naturalist,12.38,2.0,Good
5,Nature photographer,S218,14,8,15,8,5,11,17,16,S218,AVG,POOR,BEST,POOR,POOR,AVG,BEST,BEST,Intrapersonal,11.75,2.0,Good
5,Nature photographer,S219,13,9,17,8,5,11,17,19,S219,AVG,POOR,BEST,POOR,POOR,AVG,BEST,BEST,Naturalist,12.38,2.0,Good
5,Nature photographer,S220,12,9,20,8,5,11,19,18,S220,AVG,POOR,BEST,POOR,POOR,AVG,BEST,BEST,Bodily,12.75,2.0,Good
5,Nature photographer,S221,11,7,18,8,5,11,19,20,S221,AVG,POOR,BEST,POOR,POOR,AVG,BEST,BEST,Naturalist,12.38,2.0,Good
5,Nature photographer,S222,11,5,19,8,5,11,19,19,S222,AVG,POOR,BEST,POOR,POOR,AVG,BEST,BEST,Bodily,12.12,2.0,Good
5,Nature photographer,S223,12,5,16,8,5,11,19,18,S223,AVG,POOR,BEST,POOR,POOR,AVG,BEST,BEST,Intrapersonal,11.75,2.0,Good
5,Nature photographer,S224,13,6,15,6,5,11,19,17,S224,AVG,POOR,BEST,POOR,POOR,AVG,BEST,BEST,Intrapersonal,11.5,2.0,Good
5,Nature photographer,S225,14,6,17,6,5,11,19,18,S225,AVG,POOR,BEST,POOR,POOR,AVG,BEST,BEST,Intrapersonal,12.0,2.0,Good
5,Nature photographer,S226,13,7,20,6,5,11,19,20,S226,AVG,POOR,BEST,POOR,POOR,AVG,BEST,BEST,Bodily,12.62,2.0,Good
5,Nature photographer,S227,12,7,18,6,5,11,19,15,S227,AVG,POOR,BEST,POOR,POOR,AVG,BEST,BEST,Intrapersonal,11.62,2.0,Good
5,Nature photographer,S228,11,8,19,6,5,13,19,20,S228,AVG,POOR,BEST,POOR,POOR,AVG,BEST,BEST,Naturalist,12.62,2.0,Good
5,Nature photographer,S229,14,8,16,6,5,13,19,16,S229,AVG,POOR,BEST,POOR,POOR,AVG,BEST,BEST,Intrapersonal,12.12,2.0,Good
5,Nature photographer,S230,12,9,15,6,5,13,19,19,S230,AVG,POOR,BEST,POOR,POOR,AVG,BEST,BEST,Intrapersonal,12.25,2.0,Good
5,Nature photographer,S231,13,9,17,6,5,13,19,18,S231,AVG,POOR,BEST,POOR,POOR,AVG,BEST,BEST,Intrapersonal,12.5,2.0,Good
5,Nature photographer,S232,14,8,20,6,5,13,19,20,S232,AVG,POOR,BEST,POOR,POOR,AVG,BEST,BEST,Bodily,13.12,2.0,Good
5,Nature photographer,S233,13,5,18,6,5,13,19,19,S233,AVG,POOR,BEST,POOR,POOR,AVG,BEST,BEST,Intrapersonal,12.25,2.0,Good
5,Nature photographer,S234,12,5,19,6,5,13,19,18,S234,AVG,POOR,BEST,POOR,POOR,AVG,BEST,BEST,Bodily,12.12,2.0,Good
5,Nature photographer,S235,11,6,16,6,5,13,19,17,S235,AVG,POOR,BEST,POOR,POOR,AVG,BEST,BEST,Intrapersonal,11.62,2.0,Good
5,Nature photographer,S236,11,6,15,6,8,13,19,18,S236,AVG,POOR,BEST,POOR,POOR,AVG,BEST,BEST,Intrapersonal,12.0,2.0,Good
5,Nature photographer,S237,12,7,17,6,8,13,19,20,S237,AVG,POOR,BEST,POOR,POOR,AVG,BEST,BEST,Naturalist,12.75,2.0,Good
5,Nature photographer,S238,13,7,17,6,8,13,19,15,S238,AVG,POOR,BEST,POOR,POOR,AVG,BEST,BEST,Intrapersonal,12.25,2.0,Good
5,Nature photographer,S239,14,8,20,6,8,13,19,20,S239,AVG,POOR,BEST,POOR,POOR,AVG,BEST,BEST,Bodily,13.5,2.0,Good
5,Nature photographer,S240,13,8,18,6,8,13,18,16,S240,AVG,POOR,BEST,POOR,POOR,AVG,BEST,BEST,Bodily,12.5,2.0,Good
5,Nature photographer,S241,12,9,19,6,8,13,18,19,S241,AVG,POOR,BEST,POOR,POOR,AVG,BEST,BEST,Bodily,13.0,2.0,Good
5,Nature photographer,S242,11,5,16,7,8,14,18,18,S242,AVG,POOR,BEST,POOR,POOR,AVG,BEST,BEST,Intrapersonal,12.12,2.0,Good
5,Nature photographer,S243,11,5,15,7,8,14,18,20,S243,AVG,POOR,BEST,POOR,POOR,AVG,BEST,BEST,Naturalist,12.25,2.0,Good
5,Nature photographer,S244,12,6,17,7,8,14,18,19,S244,AVG,POOR,BEST,POOR,POOR,AVG,BEST,BEST,Naturalist,12.62,2.0,Good
5,Nature photographer,S245,13,6,20,7,8,14,18,18,S245,AVG,POOR,BEST,POOR,POOR,AVG,BEST,BEST,Bodily,13.0,2.0,Good
5,Nature photographer,S246,14,7,18,7,8,14,18,17,S246,AVG,POOR,BEST,POOR,POOR,AVG,BEST,BEST,Bodily,12.88,2.0,Good
5,Nature photographer,S247,13,7,19,7,8,14,18,16,S247,AVG,POOR,BEST,POOR,POOR,AVG,BEST,BEST,Bodily,12.75,2.0,Good
5,Nature photographer,S248,12,8,16,7,8,14,18,15,S248,AVG,POOR,BEST,POOR,POOR,AVG,BEST,BEST,Intrapersonal,12.25,2.0,Good
5,Nature photographer,S249,11,8,15,7,8,14,18,17,S249,AVG,POOR,BEST,POOR,POOR,AVG,BEST,BEST,Intrapersonal,12.25,2.0,Good
5,Nature photographer,S250,14,9,18,7,8,14,18,18,S250,AVG,POOR,BEST,POOR,POOR,AVG,BEST,BEST,Bodily,13.25,2.0,Good
6,Recording engineer,S251,13,20,5,16,5,17,12,7,S251,AVG,BEST,POOR,BEST,POOR,BEST,AVG,POOR,Musical,11.88,2.0,Good
6,Recording engineer,S252,12,17,6,16,6,17,12,5,S252,AVG,BEST,POOR,BEST,POOR,BEST,AVG,POOR,Musical,11.38,2.0,Good
6,Recording engineer,S253,11,17,7,16,7,17,12,6,S253,AVG,BEST,POOR,BEST,POOR,BEST,AVG,POOR,Musical,11.62,2.0,Good
6,Recording engineer,S254,11,18,8,16,8,17,12,7,S254,AVG,BEST,POOR,BEST,POOR,BEST,AVG,POOR,Musical,12.12,2.0,Good
6,Recording engineer,S255,12,17,9,16,9,17,12,8,S255,AVG,BEST,POOR,BEST,POOR,BEST,AVG,POOR,Musical,12.5,2.0,Good
6,Recording engineer,S256,13,17,10,16,6,17,12,9,S256,AVG,BEST,POOR,BEST,POOR,BEST,AVG,POOR,Musical,12.5,2.0,Good
6,Recording engineer,S257,13,16,5,16,5,17,12,5,S257,AVG,BEST,POOR,BEST,POOR,BEST,AVG,POOR,Interpersonal,11.12,2.0,Good
6,Recording engineer,S258,12,15,5,16,6,17,12,6,S258,AVG,BEST,POOR,BEST,POOR,BEST,AVG,POOR,Interpersonal,11.12,2.0,Good
6,Recording engineer,S259,11,19,5,16,7,17,12,7,S259,AVG,BEST,POOR,BEST,POOR,BEST,AVG,POOR,Musical,11.75,2.0,Good
6,Recording engineer,S260,11,20,6,16,8,17,12,8,S260,AVG,BEST,POOR,BEST,POOR,BEST,AVG,POOR,Musical,12.25,2.0,Good
6,Recording engineer,S261,12,17,7,16,9,17,12,9,S261,AVG,BEST,POOR,BEST,POOR,BEST,AVG,POOR,Musical,12.38,2.0,Good
6,Recording engineer,S262,13,17,8,17,5,18,13,8,S262,AVG,BEST,POOR,BEST,POOR,BEST,AVG,POOR,Interpersonal,12.38,2.0,Good
6,Recording engineer,S263,13,18,9,17,6,18,14,8,S263,AVG,BEST,POOR,BEST,POOR,BEST,AVG,POOR,Musical,12.88,2.0,Good
6,Recording engineer,S264,12,17,7,17,7,18,11,8,S264,AVG,BEST,POOR,BEST,POOR,BEST,AVG,POOR,Interpersonal,12.12,2.0,Good
6,Recording engineer,S265,11,16,8,17,8,18,12,8,S265,AVG,BEST,POOR,BEST,POOR,BEST,AVG,POOR,Interpersonal,12.25,2.0,Good
6,Recording engineer,S266,11,20,9,17,9,18,13,8,S266,AVG,BEST,POOR,BEST,POOR,BEST,AVG,POOR,Musical,13.12,2.0,Good
6,Recording engineer,S267,12,17,10,17,5,18,11,8,S267,AVG,BEST,POOR,BEST,POOR,BEST,AVG,POOR,Interpersonal,12.25,2.0,Good
6,Recording engineer,S268,13,17,9,17,6,18,12,8,S268,AVG,BEST,POOR,BEST,POOR,BEST,AVG,POOR,Interpersonal,12.5,2.0,Good
6,Recording engineer,S269,13,18,8,17,7,18,13,8,S269,AVG,BEST,POOR,BEST,POOR,BEST,AVG,POOR,Musical,12.75,2.0,Good
6,Recording engineer,S270,12,17,5,17,8,18,12,8,S270,AVG,BEST,POOR,BEST,POOR,BEST,AVG,POOR,Interpersonal,12.12,2.0,Good
6,Recording engineer,S271,11,17,6,17,9,18,14,8,S271,AVG,BEST,POOR,BEST,POOR,BEST,AVG,POOR,Interpersonal,12.5,2.0,Good
6,Recording engineer,S272,11,16,7,17,5,18,13,8,S272,AVG,BEST,POOR,BEST,POOR,BEST,AVG,POOR,Interpersonal,11.88,2.0,Good
6,Recording engineer,S273,12,15,5,18,6,19,11,6,S273,AVG,BEST,POOR,BEST,POOR,BEST,AVG,POOR,Interpersonal,11.5,2.0,Good
6,Recording engineer,S274,13,19,6,18,7,19,14,6,S274,AVG,BEST,POOR,BEST,POOR,BEST,AVG,POOR,Musical,12.75,2.0,Good
6,Recording engineer,S275,13,20,7,18,8,19,14,6,S275,AVG,BEST,POOR,BEST,POOR,BEST,AVG,POOR,Musical,13.12,2.0,Good
6,Recording engineer,S276,12,17,8,18,9,19,14,6,S276,AVG,BEST,POOR,BEST,POOR,BEST,AVG,POOR,Interpersonal,12.88,2.0,Good
6,Recording engineer,S277,11,17,9,18,5,19,14,6,S277,AVG,BEST,POOR,BEST,POOR,BEST,AVG,POOR,Interpersonal,12.38,2.0,Good
6,Recording engineer,S278,11,18,10,18,6,19,14,6,S278,AVG,BEST,POOR,BEST,POOR,BEST,AVG,POOR,Interpersonal,12.75,2.0,Good
6,Recording engineer,S279,12,17,5,18,7,19,14,6,S279,AVG,BEST,POOR,BEST,POOR,BEST,AVG,POOR,Interpersonal,12.25,2.0,Good
6,Recording engineer,S280,13,20,6,18,8,19,14,6,S280,AVG,BEST,POOR,BEST,POOR,BEST,AVG,POOR,Musical,13.0,2.0,Good
6,Recording engineer,S281,13,17,7,18,9,19,12,6,S281,AVG,BEST,POOR,BEST,POOR,BEST,AVG,POOR,Interpersonal,12.62,2.0,Good
6,Recording engineer,S282,12,17,8,18,8,19,14,6,S282,AVG,BEST,POOR,BEST,POOR,BEST,AVG,POOR,Interpersonal,12.75,2.0,Good
6,Recording engineer,S283,11,18,9,18,5,19,13,6,S283,AVG,BEST,POOR,BEST,POOR,BEST,AVG,POOR,Interpersonal,12.38,2.0,Good
6,Recording engineer,S284,11,17,10,18,6,19,11,5,S284,AVG,BEST,POOR,BEST,POOR,BEST,AVG,POOR,Interpersonal,12.12,2.0,Good
6,Recording engineer,S285,12,17,7,19,7,20,12,6,S285,AVG,BEST,POOR,BEST,POOR,BEST,AVG,POOR,Interpersonal,12.5,2.0,Good
6,Recording engineer,S286,13,16,8,19,8,20,12,7,S286,AVG,BEST,POOR,BEST,POOR,BEST,AVG,POOR,Interpersonal,12.88,2.0,Good
6,Recording engineer,S287,13,15,9,19,9,20,12,8,S287,AVG,BEST,POOR,BEST,POOR,BEST,AVG,POOR,Interpersonal,13.12,2.0,Good
6,Recording engineer,S288,12,19,10,18,8,20,12,9,S288,AVG,BEST,POOR,BEST,POOR,BEST,AVG,POOR,Interpersonal,13.5,2.0,Good
6,Recording engineer,S289,11,20,5,17,9,20,14,5,S289,AVG,BEST,POOR,BEST,POOR,BEST,AVG,POOR,Musical,12.62,2.0,Good
6,Recording engineer,S290,11,17,6,17,5,20,13,6,S290,AVG,BEST,POOR,BEST,POOR,BEST,AVG,POOR,Interpersonal,11.88,2.0,Good
6,Recording engineer,S291,12,17,7,16,6,20,11,7,S291,AVG,BEST,POOR,BEST,POOR,BEST,AVG,POOR,Interpersonal,12.0,2.0,Good
6,Recording engineer,S292,13,18,8,15,7,20,12,8,S292,AVG,BEST,POOR,BEST,POOR,BEST,AVG,POOR,Interpersonal,12.62,2.0,Good
6,Recording engineer,S293,14,17,9,19,8,20,14,9,S293,AVG,BEST,POOR,BEST,POOR,BEST,AVG,POOR,Interpersonal,13.75,2.0,Good
6,Recording engineer,S294,13,17,10,20,9,20,13,7,S294,AVG,BEST,POOR,BEST,POOR,BEST,AVG,POOR,Logical_Mathematical,13.62,2.0,Good
6,Recording engineer,S295,11,17,10,17,8,19,11,8,S295,AVG,BEST,POOR,BEST,POOR,BEST,AVG,POOR,Interpersonal,12.62,2.0,Good
6,Recording engineer,S296,12,17,10,17,9,15,12,9,S296,AVG,BEST,POOR,BEST,POOR,BEST,AVG,POOR,Musical,12.62,2.0,Good
6,Recording engineer,S297,14,18,10,18,10,16,14,10,S297,AVG,BEST,POOR,BEST,POOR,BEST,AVG,POOR,Musical,13.75,2.0,Good
6,Recording engineer,S298,13,20,10,17,5,17,13,8,S298,AVG,BEST,POOR,BEST,POOR,BEST,AVG,POOR,Musical,12.88,2.0,Good
6,Recording engineer,S299,11,17,10,15,6,18,11,9,S299,AVG,BEST,POOR,BEST,POOR,BEST,AVG,POOR,Interpersonal,12.12,2.0,Good
6,Recording engineer,S300,11,18,10,17,7,19,13,10,S300,AVG,BEST,POOR,BEST,POOR,BEST,AVG,POOR,Interpersonal,13.12,2.0,Good
7,Audiologist,S301,17,14,6,16,9,16,11,11,S301,BEST,AVG,POOR,BEST,POOR,BEST,AVG,AVG,Linguistic,12.5,2.12,Good
7,Audiologist,S302,16,11,6,17,9,15,12,12,S302,BEST,AVG,POOR,BEST,POOR,BEST,AVG,AVG,Logical_Mathematical,12.25,2.12,Good
7,Audiologist,S303,15,12,6,18,9,19,13,13,S303,BEST,AVG,POOR,BEST,POOR,BEST,AVG,AVG,Interpersonal,13.12,2.12,Good
7,Audiologist,S304,19,13,6,19,9,20,14,14,S304,BEST,AVG,POOR,BEST,POOR,BEST,AVG,AVG,Interpersonal,14.25,2.12,Good
7,Audiologist,S305,20,14,6,20,9,17,11,11,S305,BEST,AVG,POOR,BEST,POOR,BEST,AVG,AVG,Linguistic,13.5,2.12,Good
7,Audiologist,S306,17,11,6,15,9,16,12,12,S306,BEST,AVG,POOR,BEST,POOR,BEST,AVG,AVG,Linguistic,12.25,2.12,Good
7,Audiologist,S307,17,12,6,16,9,15,13,13,S307,BEST,AVG,POOR,BEST,POOR,BEST,AVG,AVG,Linguistic,12.62,2.12,Good
7,Audiologist,S308,16,13,6,17,9,19,14,14,S308,BEST,AVG,POOR,BEST,POOR,BEST,AVG,AVG,Interpersonal,13.5,2.12,Good
7,Audiologist,S309,15,12,6,18,9,20,11,11,S309,BEST,AVG,POOR,BEST,POOR,BEST,AVG,AVG,Interpersonal,12.75,2.12,Good
7,Audiologist,S310,19,14,6,19,9,17,12,12,S310,BEST,AVG,POOR,BEST,POOR,BEST,AVG,AVG,Linguistic,13.5,2.12,Good
7,Audiologist,S311,20,11,6,20,9,16,13,13,S311,BEST,AVG,POOR,BEST,POOR,BEST,AVG,AVG,Linguistic,13.5,2.12,Good
7,Audiologist,S312,17,12,6,15,9,15,14,14,S312,BEST,AVG,POOR,BEST,POOR,BEST,AVG,AVG,Linguistic,12.75,2.12,Good
7,Audiologist,S313,17,13,6,16,9,19,11,11,S313,BEST,AVG,POOR,BEST,POOR,BEST,AVG,AVG,Interpersonal,12.75,2.12,Good
7,Audiologist,S314,16,14,6,17,9,20,12,12,S314,BEST,AVG,POOR,BEST,POOR,BEST,AVG,AVG,Interpersonal,13.25,2.12,Good
7,Audiologist,S315,15,11,6,18,9,17,13,13,S315,BEST,AVG,POOR,BEST,POOR,BEST,AVG,AVG,Logical_Mathematical,12.75,2.12,Good
7,Audiologist,S316,19,12,6,19,9,16,14,14,S316,BEST,AVG,POOR,BEST,POOR,BEST,AVG,AVG,Linguistic,13.62,2.12,Good
7,Audiologist,S317,20,13,6,20,9,15,11,11,S317,BEST,AVG,POOR,BEST,POOR,BEST,AVG,AVG,Linguistic,13.12,2.12,Good
7,Audiologist,S318,17,12,6,15,9,19,12,12,S318,BEST,AVG,POOR,BEST,POOR,BEST,AVG,AVG,Interpersonal,12.75,2.12,Good
7,Audiologist,S319,16,14,6,16,9,20,13,13,S319,BEST,AVG,POOR,BEST,POOR,BEST,AVG,AVG,Interpersonal,13.38,2.12,Good
7,Audiologist,S320,17,11,6,17,9,16,14,14,S320,BEST,AVG,POOR,BEST,POOR,BEST,AVG,AVG,Linguistic,13.0,2.12,Good
7,Audiologist,S321,16,12,6,18,9,15,11,11,S321,BEST,AVG,POOR,BEST,POOR,BEST,AVG,AVG,Logical_Mathematical,12.25,2.12,Good
7,Audiologist,S322,15,13,6,19,9,19,12,12,S322,BEST,AVG,POOR,BEST,POOR,BEST,AVG,AVG,Logical_Mathematical,13.12,2.12,Good
7,Audiologist,S323,19,14,6,20,9,20,13,13,S323,BEST,AVG,POOR,BEST,POOR,BEST,AVG,AVG,Logical_Mathematical,14.25,2.12,Good
7,Audiologist,S324,20,11,6,15,9,17,14,14,S324,BEST,AVG,POOR,BEST,POOR,BEST,AVG,AVG,Linguistic,13.25,2.12,Good
7,Audiologist,S325,17,12,6,16,9,17,11,11,S325,BEST,AVG,POOR,BEST,POOR,BEST,AVG,AVG,Linguistic,12.38,2.12,Good
7,Audiologist,S326,17,13,7,17,9,17,12,12,S326,BEST,AVG,POOR,BEST,POOR,BEST,AVG,AVG,Linguistic,13.0,2.12,Good
7,Audiologist,S327,17,12,8,18,9,17,13,13,S327,BEST,AVG,POOR,BEST,POOR,BEST,AVG,AVG,Logical_Mathematical,13.38,2.12,Good
7,Audiologist,S328,16,14,9,19,9,17,14,14,S328,BEST,AVG,POOR,BEST,POOR,BEST,AVG,AVG,Logical_Mathematical,14.0,2.12,Good
7,Audiologist,S329,15,11,10,20,9,17,11,13,S329,BEST,AVG,POOR,BEST,POOR,BEST,AVG,AVG,Logical_Mathematical,13.25,2.12,Good
7,Audiologist,S330,19,12,8,20,9,20,12,11,S330,BEST,AVG,POOR,BEST,POOR,BEST,AVG,AVG,Logical_Mathematical,13.88,2.12,Good
7,Audiologist,S331,20,13,8,20,5,20,12,11,S331,BEST,AVG,POOR,BEST,POOR,BEST,AVG,AVG,Linguistic,13.62,2.12,Good
7,Audiologist,S332,17,14,8,20,6,20,12,11,S332,BEST,AVG,POOR,BEST,POOR,BEST,AVG,AVG,Logical_Mathematical,13.5,2.12,Good
7,Audiologist,S333,17,11,8,20,7,20,12,11,S333,BEST,AVG,POOR,BEST,POOR,BEST,AVG,AVG,Logical_Mathematical,13.25,2.12,Good
7,Audiologist,S334,16,12,8,20,8,20,12,11,S334,BEST,AVG,POOR,BEST,POOR,BEST,AVG,AVG,Logical_Mathematical,13.38,2.12,Good
7,Audiologist,S335,15,13,8,20,9,20,12,11,S335,BEST,AVG,POOR,BEST,POOR,BEST,AVG,AVG,Logical_Mathematical,13.5,2.12,Good
7,Audiologist,S336,19,12,8,20,10,20,12,11,S336,BEST,AVG,POOR,BEST,POOR,BEST,AVG,AVG,Logical_Mathematical,14.0,2.12,Good
7,Audiologist,S337,20,14,5,20,9,20,12,11,S337,BEST,AVG,POOR,BEST,POOR,BEST,AVG,AVG,Linguistic,13.88,2.12,Good
7,Audiologist,S338,17,11,6,20,9,20,12,11,S338,BEST,AVG,POOR,BEST,POOR,BEST,AVG,AVG,Logical_Mathematical,13.25,2.12,Good
7,Audiologist,S339,18,12,7,20,9,20,12,11,S339,BEST,AVG,POOR,BEST,POOR,BEST,AVG,AVG,Logical_Mathematical,13.62,2.12,Good
7,Audiologist,S340,17,13,8,20,9,20,12,11,S340,BEST,AVG,POOR,BEST,POOR,BEST,AVG,AVG,Logical_Mathematical,13.75,2.12,Good
7,Audiologist,S341,16,14,9,20,9,20,12,11,S341,BEST,AVG,POOR,BEST,POOR,BEST,AVG,AVG,Logical_Mathematical,13.88,2.12,Good
7,Audiologist,S342,15,11,10,20,9,20,12,11,S342,BEST,AVG,POOR,BEST,POOR,BEST,AVG,AVG,Logical_Mathematical,13.5,2.12,Good
7,Audiologist,S343,19,12,8,20,5,20,12,11,S343,BEST,AVG,POOR,BEST,POOR,BEST,AVG,AVG,Logical_Mathematical,13.38,2.12,Good
7,Audiologist,S344,20,13,8,20,6,20,12,11,S344,BEST,AVG,POOR,BEST,POOR,BEST,AVG,AVG,Linguistic,13.75,2.12,Good
7,Audiologist,S345,17,12,8,20,7,20,12,11,S345,BEST,AVG,POOR,BEST,POOR,BEST,AVG,AVG,Logical_Mathematical,13.38,2.12,Good
7,Audiologist,S346,17,14,8,20,8,20,12,11,S346,BEST,AVG,POOR,BEST,POOR,BEST,AVG,AVG,Logical_Mathematical,13.75,2.12,Good
7,Audiologist,S347,16,11,8,20,9,20,12,11,S347,BEST,AVG,POOR,BEST,POOR,BEST,AVG,AVG,Logical_Mathematical,13.38,2.12,Good
7,Audiologist,S348,15,12,8,20,10,20,12,11,S348,BEST,AVG,POOR,BEST,POOR,BEST,AVG,AVG,Logical_Mathematical,13.5,2.12,Good
7,Audiologist,S349,19,13,7,20,9,20,12,11,S349,BEST,AVG,POOR,BEST,POOR,BEST,AVG,AVG,Logical_Mathematical,13.88,2.12,Good
7,Audiologist,S350,20,14,6,20,9,20,12,11,S350,BEST,AVG,POOR,BEST,POOR,BEST,AVG,AVG,Linguistic,14.0,2.12,Good
8,Sound editor,S351,11,20,5,15,7,12,13,18,S351,AVG,BEST,POOR,BEST,POOR,AVG,AVG,BEST,Musical,12.62,2.12,Good
8,Sound editor,S352,12,15,6,16,5,13,13,19,S352,AVG,BEST,POOR,BEST,POOR,AVG,AVG,BEST,Naturalist,12.38,2.12,Good
8,Sound editor,S353,13,15,8,17,6,14,13,20,S353,AVG,BEST,POOR,BEST,POOR,AVG,AVG,BEST,Naturalist,13.25,2.12,Good
8,Sound editor,S354,14,17,9,18,8,12,13,17,S354,AVG,BEST,POOR,BEST,POOR,AVG,AVG,BEST,Logical_Mathematical,13.5,2.12,Good
8,Sound editor,S355,12,19,10,19,9,13,13,18,S355,AVG,BEST,POOR,BEST,POOR,AVG,AVG,BEST,Musical,14.12,2.12,Good
8,Sound editor,S356,13,20,9,16,10,14,13,18,S356,AVG,BEST,POOR,BEST,POOR,AVG,AVG,BEST,Musical,14.12,2.12,Good
8,Sound editor,S357,11,15,8,15,9,12,13,19,S357,AVG,BEST,POOR,BEST,POOR,AVG,AVG,BEST,Naturalist,12.75,2.12,Good
8,Sound editor,S358,12,15,7,16,8,13,13,20,S358,AVG,BEST,POOR,BEST,POOR,AVG,AVG,BEST,Naturalist,13.0,2.12,Good
8,Sound editor,S359,13,15,5,17,7,14,13,17,S359,AVG,BEST,POOR,BEST,POOR,AVG,AVG,BEST,Logical_Mathematical,12.62,2.12,Good
8,Sound editor,S360,14,15,6,18,5,12,13,18,S360,AVG,BEST,POOR,BEST,POOR,AVG,AVG,BEST,Logical_Mathematical,12.62,2.12,Good
8,Sound editor,S361,12,15,5,19,6,13,13,18,S361,AVG,BEST,POOR,BEST,POOR,AVG,AVG,BEST,Logical_Mathematical,12.62,2.12,Good
8,Sound editor,S362,13,15,6,20,5,12,13,19,S362,AVG,BEST,POOR,BEST,POOR,AVG,AVG,BEST,Logical_Mathematical,12.88,2.12,Good
8,Sound editor,S363,11,15,8,16,6,13,13,20,S363,AVG,BEST,POOR,BEST,POOR,AVG,AVG,BEST,Naturalist,12.75,2.12,Good
8,Sound editor,S364,12,16,9,16,8,14,13,17,S364,AVG,BEST,POOR,BEST,POOR,AVG,AVG,BEST,Naturalist,13.12,2.12,Good
8,Sound editor,S365,13,17,10,16,9,12,13,18,S365,AVG,BEST,POOR,BEST,POOR,AVG,AVG,BEST,Naturalist,13.5,2.12,Good
8,Sound editor,S366,14,18,9,16,10,13,13,18,S366,AVG,BEST,POOR,BEST,POOR,AVG,AVG,BEST,Musical,13.88,2.12,Good
8,Sound editor,S367,12,19,8,16,9,12,13,19,S367,AVG,BEST,POOR,BEST,POOR,AVG,AVG,BEST,Musical,13.5,2.12,Good
8,Sound editor,S368,13,20,7,16,8,13,13,20,S368,AVG,BEST,POOR,BEST,POOR,AVG,AVG,BEST,Musical,13.75,2.12,Good
8,Sound editor,S369,11,15,5,15,7,14,13,17,S369,AVG,BEST,POOR,BEST,POOR,AVG,AVG,BEST,Naturalist,12.12,2.12,Good
8,Sound editor,S370,12,15,6,16,5,12,13,18,S370,AVG,BEST,POOR,BEST,POOR,AVG,AVG,BEST,Naturalist,12.12,2.12,Good
8,Sound editor,S371,13,15,5,17,6,13,13,18,S371,AVG,BEST,POOR,BEST,POOR,AVG,AVG,BEST,Naturalist,12.5,2.12,Good
8,Sound editor,S372,14,15,6,18,5,12,13,19,S372,AVG,BEST,POOR,BEST,POOR,AVG,AVG,BEST,Naturalist,12.75,2.12,Good
8,Sound editor,S373,12,15,8,19,6,13,13,20,S373,AVG,BEST,POOR,BEST,POOR,AVG,AVG,BEST,Naturalist,13.25,2.12,Good
8,Sound editor,S374,13,15,9,18,8,14,13,17,S374,AVG,BEST,POOR,BEST,POOR,AVG,AVG,BEST,Logical_Mathematical,13.38,2.12,Good
8,Sound editor,S375,11,16,10,19,9,12,13,18,S375,AVG,BEST,POOR,BEST,POOR,AVG,AVG,BEST,Logical_Mathematical,13.5,2.12,Good
8,Sound editor,S376,12,18,9,20,10,13,14,18,S376,AVG,BEST,POOR,BEST,POOR,AVG,AVG,BEST,Logical_Mathematical,14.25,2.12,Good
8,Sound editor,S377,13,19,8,15,9,12,14,19,S377,AVG,BEST,POOR,BEST,POOR,AVG,AVG,BEST,Musical,13.62,2.12,Good
8,Sound editor,S378,14,20,7,16,8,13,14,20,S378,AVG,BEST,POOR,BEST,POOR,AVG,AVG,BEST,Musical,14.0,2.12,Good
8,Sound editor,S379,12,15,5,17,7,14,14,17,S379,AVG,BEST,POOR,BEST,POOR,AVG,AVG,BEST,Logical_Mathematical,12.62,2.12,Good
8,Sound editor,S380,13,16,6,18,5,12,14,18,S380,AVG,BEST,POOR,BEST,POOR,AVG,AVG,BEST,Logical_Mathematical,12.75,2.12,Good
8,Sound editor,S381,14,17,10,19,6,13,14,18,S381,AVG,BEST,POOR,BEST,POOR,AVG,AVG,BEST,Logical_Mathematical,13.88,2.12,Good
8,Sound editor,S382,12,18,5,20,10,11,14,19,S382,AVG,BEST,POOR,BEST,POOR,AVG,AVG,BEST,Logical_Mathematical,13.62,2.12,Good
8,Sound editor,S383,13,19,6,17,9,12,14,20,S383,AVG,BEST,POOR,BEST,POOR,AVG,AVG,BEST,Naturalist,13.75,2.12,Good
8,Sound editor,S384,14,20,7,18,8,13,14,17,S384,AVG,BEST,POOR,BEST,POOR,AVG,AVG,BEST,Musical,13.88,2.12,Good
8,Sound editor,S385,12,17,8,19,7,14,14,18,S385,AVG,BEST,POOR,BEST,POOR,AVG,AVG,BEST,Logical_Mathematical,13.62,2.12,Good
8,Sound editor,S386,13,18,9,20,6,12,14,18,S386,AVG,BEST,POOR,BEST,POOR,AVG,AVG,BEST,Logical_Mathematical,13.75,2.12,Good
8,Sound editor,S387,14,18,10,15,5,13,14,19,S387,AVG,BEST,POOR,BEST,POOR,AVG,AVG,BEST,Naturalist,13.5,2.12,Good
8,Sound editor,S388,12,19,5,18,10,11,14,20,S388,AVG,BEST,POOR,BEST,POOR,AVG,AVG,BEST,Naturalist,13.62,2.12,Good
8,Sound editor,S389,13,20,6,19,9,12,14,17,S389,AVG,BEST,POOR,BEST,POOR,AVG,AVG,BEST,Musical,13.75,2.12,Good
8,Sound editor,S390,14,15,7,20,8,13,14,18,S390,AVG,BEST,POOR,BEST,POOR,AVG,AVG,BEST,Logical_Mathematical,13.62,2.12,Good
8,Sound editor,S391,12,16,8,15,7,14,14,18,S391,AVG,BEST,POOR,BEST,POOR,AVG,AVG,BEST,Naturalist,13.0,2.12,Good
8,Sound editor,S392,13,17,9,16,6,12,14,19,S392,AVG,BEST,POOR,BEST,POOR,AVG,AVG,BEST,Naturalist,13.25,2.12,Good
8,Sound editor,S393,14,18,10,17,5,13,14,20,S393,AVG,BEST,POOR,BEST,POOR,AVG,AVG,BEST,Naturalist,13.88,2.12,Good
8,Sound editor,S394,12,19,5,18,10,11,14,17,S394,AVG,BEST,POOR,BEST,POOR,AVG,AVG,BEST,Musical,13.25,2.12,Good
8,Sound editor,S395,13,20,6,19,9,12,14,18,S395,AVG,BEST,POOR,BEST,POOR,AVG,AVG,BEST,Musical,13.88,2.12,Good
8,Sound editor,S396,14,17,7,20,8,13,14,18,S396,AVG,BEST,POOR,BEST,POOR,AVG,AVG,BEST,Logical_Mathematical,13.88,2.12,Good
8,Sound editor,S397,12,18,8,17,7,14,14,19,S397,AVG,BEST,POOR,BEST,POOR,AVG,AVG,BEST,Naturalist,13.62,2.12,Good
8,Sound editor,S398,13,19,9,18,6,12,14,20,S398,AVG,BEST,POOR,BEST,POOR,AVG,AVG,BEST,Naturalist,13.88,2.12,Good
8,Sound editor,S399,14,20,10,19,5,13,14,17,S399,AVG,BEST,POOR,BEST,POOR,AVG,AVG,BEST,Musical,14.0,2.12,Good
8,Sound editor,S400,12,15,8,20,5,11,14,18,S400,AVG,BEST,POOR,BEST,POOR,AVG,AVG,BEST,Logical_Mathematical,12.88,2.12,Good
9,Music teacher,S401,15,20,11,5,8,19,13,12,S401,BEST,BEST,AVG,POOR,POOR,BEST,AVG,AVG,Musical,12.88,2.12,Good
9,Music teacher,S402,16,17,12,6,9,19,14,13,S402,BEST,BEST,AVG,POOR,POOR,BEST,AVG,AVG,Interpersonal,13.25,2.12,Good
9,Music teacher,S403,17,18,13,7,10,19,11,14,S403,BEST,BEST,AVG,POOR,POOR,BEST,AVG,AVG,Interpersonal,13.62,2.12,Good
9,Music teacher,S404,18,19,14,8,5,19,12,11,S404,BEST,BEST,AVG,POOR,POOR,BEST,AVG,AVG,Musical,13.25,2.12,Good
9,Music teacher,S405,19,20,14,9,6,19,13,12,S405,BEST,BEST,AVG,POOR,POOR,BEST,AVG,AVG,Musical,14.0,2.12,Good
9,Music teacher,S406,20,20,13,10,8,19,14,13,S406,BEST,BEST,AVG,POOR,POOR,BEST,AVG,AVG,Linguistic,14.62,2.12,Good
9,Music teacher,S407,15,17,12,5,9,19,11,14,S407,BEST,BEST,AVG,POOR,POOR,BEST,AVG,AVG,Interpersonal,12.75,2.12,Good
9,Music teacher,S408,15,18,11,6,10,19,12,11,S408,BEST,BEST,AVG,POOR,POOR,BEST,AVG,AVG,Interpersonal,12.75,2.12,Good
9,Music teacher,S409,17,19,11,7,5,19,13,12,S409,BEST,BEST,AVG,POOR,POOR,BEST,AVG,AVG,Musical,12.88,2.12,Good
9,Music teacher,S410,18,20,12,8,6,19,14,13,S410,BEST,BEST,AVG,POOR,POOR,BEST,AVG,AVG,Musical,13.75,2.12,Good
9,Music teacher,S411,19,19,13,9,8,19,11,14,S411,BEST,BEST,AVG,POOR,POOR,BEST,AVG,AVG,Linguistic,14.0,2.12,Good
9,Music teacher,S412,20,20,14,10,9,19,12,11,S412,BEST,BEST,AVG,POOR,POOR,BEST,AVG,AVG,Linguistic,14.38,2.12,Good
9,Music teacher,S413,15,20,14,5,10,19,13,12,S413,BEST,BEST,AVG,POOR,POOR,BEST,AVG,AVG,Musical,13.5,2.12,Good
9,Music teacher,S414,16,20,13,6,5,19,14,13,S414,BEST,BEST,AVG,POOR,POOR,BEST,AVG,AVG,Musical,13.25,2.12,Good
9,Music teacher,S415,17,17,12,7,6,19,11,14,S415,BEST,BEST,AVG,POOR,POOR,BEST,AVG,AVG,Interpersonal,12.88,2.12,Good
9,Music teacher,S416,18,18,11,8,8,19,12,11,S416,BEST,BEST,AVG,POOR,POOR,BEST,AVG,AVG,Interpersonal,13.12,2.12,Good
9,Music teacher,S417,19,19,11,9,9,19,13,12,S417,BEST,BEST,AVG,POOR,POOR,BEST,AVG,AVG,Linguistic,13.88,2.12,Good
9,Music teacher,S418,20,20,12,10,10,19,14,13,S418,BEST,BEST,AVG,POOR,POOR,BEST,AVG,AVG,Linguistic,14.75,2.12,Good
9,Music teacher,S419,17,17,13,5,5,19,11,14,S419,BEST,BEST,AVG,POOR,POOR,BEST,AVG,AVG,Interpersonal,12.62,2.12,Good
9,Music teacher,S420,18,18,14,6,6,19,12,11,S420,BEST,BEST,AVG,POOR,POOR,BEST,AVG,AVG,Interpersonal,13.0,2.12,Good
9,Music teacher,S421,19,19,14,7,8,19,13,12,S421,BEST,BEST,AVG,POOR,POOR,BEST,AVG,AVG,Linguistic,13.88,2.12,Good
9,Music teacher,S422,20,20,13,8,9,19,14,13,S422,BEST,BEST,AVG,POOR,POOR,BEST,AVG,AVG,Linguistic,14.5,2.12,Good
9,Music teacher,S423,15,17,12,9,10,19,11,14,S423,BEST,BEST,AVG,POOR,POOR,BEST,AVG,AVG,Interpersonal,13.38,2.12,Good
9,Music teacher,S424,15,18,11,10,5,19,12,11,S424,BEST,BEST,AVG,POOR,POOR,BEST,AVG,AVG,Interpersonal,12.62,2.12,Good
9,Music teacher,S425,16,19,11,5,6,19,13,12,S425,BEST,BEST,AVG,POOR,POOR,BEST,AVG,AVG,Musical,12.62,2.12,Good
9,Music teacher,S426,17,20,12,6,8,17,14,13,S426,BEST,BEST,AVG,POOR,POOR,BEST,AVG,AVG,Musical,13.38,2.12,Good
9,Music teacher,S427,17,17,13,7,9,18,11,14,S427,BEST,BEST,AVG,POOR,POOR,BEST,AVG,AVG,Interpersonal,13.25,2.12,Good
9,Music teacher,S428,18,18,14,8,10,19,12,11,S428,BEST,BEST,AVG,POOR,POOR,BEST,AVG,AVG,Interpersonal,13.75,2.12,Good
9,Music teacher,S429,19,19,14,9,5,20,13,12,S429,BEST,BEST,AVG,POOR,POOR,BEST,AVG,AVG,Interpersonal,13.88,2.12,Good
9,Music teacher,S430,20,20,13,10,6,19,14,13,S430,BEST,BEST,AVG,POOR,POOR,BEST,AVG,AVG,Linguistic,14.38,2.12,Good
9,Music teacher,S431,19,20,12,5,8,17,11,14,S431,BEST,BEST,AVG,POOR,POOR,BEST,AVG,AVG,Musical,13.25,2.12,Good
9,Music teacher,S432,20,20,11,6,9,18,12,11,S432,BEST,BEST,AVG,POOR,POOR,BEST,AVG,AVG,Linguistic,13.38,2.12,Good
9,Music teacher,S433,17,20,11,7,10,19,13,12,S433,BEST,BEST,AVG,POOR,POOR,BEST,AVG,AVG,Musical,13.62,2.12,Good
9,Music teacher,S434,18,17,12,8,5,20,14,13,S434,BEST,BEST,AVG,POOR,POOR,BEST,AVG,AVG,Interpersonal,13.38,2.12,Good
9,Music teacher,S435,19,18,13,9,6,19,11,14,S435,BEST,BEST,AVG,POOR,POOR,BEST,AVG,AVG,Linguistic,13.62,2.12,Good
9,Music teacher,S436,20,19,14,10,8,17,12,11,S436,BEST,BEST,AVG,POOR,POOR,BEST,AVG,AVG,Linguistic,13.88,2.12,Good
9,Music teacher,S437,19,20,14,5,9,18,13,12,S437,BEST,BEST,AVG,POOR,POOR,BEST,AVG,AVG,Musical,13.75,2.12,Good
9,Music teacher,S438,20,19,13,6,10,19,14,13,S438,BEST,BEST,AVG,POOR,POOR,BEST,AVG,AVG,Linguistic,14.25,2.12,Good
9,Music teacher,S439,17,17,12,7,5,20,11,14,S439,BEST,BEST,AVG,POOR,POOR,BEST,AVG,AVG,Interpersonal,12.88,2.12,Good
9,Music teacher,S440,18,18,11,8,6,19,12,11,S440,BEST,BEST,AVG,POOR,POOR,BEST,AVG,AVG,Interpersonal,12.88,2.12,Good
9,Music teacher,S441,19,19,11,9,8,17,13,12,S441,BEST,BEST,AVG,POOR,POOR,BEST,AVG,AVG,Linguistic,13.5,2.12,Good
9,Music teacher,S442,20,20,12,5,9,18,14,13,S442,BEST,BEST,AVG,POOR,POOR,BEST,AVG,AVG,Linguistic,13.88,2.12,Good
9,Music teacher,S443,19,19,13,6,10,19,11,14,S443,BEST,BEST,AVG,POOR,POOR,BEST,AVG,AVG,Linguistic,13.88,2.12,Good
9,Music teacher,S444,20,17,14,7,5,20,12,11,S444,BEST,BEST,AVG,POOR,POOR,BEST,AVG,AVG,Linguistic,13.25,2.12,Good
9,Music teacher,S445,17,18,14,8,6,19,13,12,S445,BEST,BEST,AVG,POOR,POOR,BEST,AVG,AVG,Interpersonal,13.38,2.12,Good
9,Music teacher,S446,18,19,13,9,8,17,14,13,S446,BEST,BEST,AVG,POOR,POOR,BEST,AVG,AVG,Musical,13.88,2.12,Good
9,Music teacher,S447,19,19,12,10,9,18,11,14,S447,BEST,BEST,AVG,POOR,POOR,BEST,AVG,AVG,Linguistic,14.0,2.12,Good
9,Music teacher,S448,20,20,11,6,10,19,12,11,S448,BEST,BEST,AVG,POOR,POOR,BEST,AVG,AVG,Linguistic,13.62,2.12,Good
9,Music teacher,S449,17,16,13,7,5,20,11,12,S449,BEST,BEST,AVG,POOR,POOR,BEST,AVG,AVG,Interpersonal,12.62,2.12,Good
9,Music teacher,S450,15,18,14,8,6,16,13,14,S450,BEST,BEST,AVG,POOR,POOR,BEST,AVG,AVG,Musical,13.0,2.12,Good
10,Machine Learning Engineer,S451,11,18,11,19,5,18,20,5,S451,AVG,BEST,AVG,BEST,POOR,BEST,BEST,POOR,Intrapersonal,13.38,2.25,Good
10,Machine Learning Engineer,S452,13,19,13,17,6,19,18,6,S452,AVG,BEST,AVG,BEST,POOR,BEST,BEST,POOR,Musical,13.88,2.25,Good
10,Machine Learning Engineer,S453,12,20,12,18,7,20,19,7,S453,AVG,BEST,AVG,BEST,POOR,BEST,BEST,POOR,Musical,14.38,2.25,Good
10,Machine Learning Engineer,S454,14,19,14,19,8,17,20,8,S454,AVG,BEST,AVG,BEST,POOR,BEST,BEST,POOR,Intrapersonal,14.88,2.25,Good
10,Machine Learning Engineer,S455,11,17,11,20,9,18,17,9,S455,AVG,BEST,AVG,BEST,POOR,BEST,BEST,POOR,Logical_Mathematical,14.0,2.25,Good
10,Machine Learning Engineer,S456,13,18,13,19,10,18,18,10,S456,AVG,BEST,AVG,BEST,POOR,BEST,BEST,POOR,Logical_Mathematical,14.88,2.25,Good
10,Machine Learning Engineer,S457,11,19,12,17,5,19,18,5,S457,AVG,BEST,AVG,BEST,POOR,BEST,BEST,POOR,Musical,13.25,2.25,Good
10,Machine Learning Engineer,S458,13,20,14,18,6,20,19,6,S458,AVG,BEST,AVG,BEST,POOR,BEST,BEST,POOR,Musical,14.5,2.25,Good
10,Machine Learning Engineer,S459,12,19,11,19,7,17,20,7,S459,AVG,BEST,AVG,BEST,POOR,BEST,BEST,POOR,Intrapersonal,14.0,2.25,Good
10,Machine Learning Engineer,S460,14,17,13,20,8,18,17,8,S460,AVG,BEST,AVG,BEST,POOR,BEST,BEST,POOR,Logical_Mathematical,14.38,2.25,Good
10,Machine Learning Engineer,S461,11,18,12,19,9,18,18,9,S461,AVG,BEST,AVG,BEST,POOR,BEST,BEST,POOR,Logical_Mathematical,14.25,2.25,Good
10,Machine Learning Engineer,S462,13,19,14,17,10,19,18,10,S462,AVG,BEST,AVG,BEST,POOR,BEST,BEST,POOR,Musical,15.0,2.25,Good
10,Machine Learning Engineer,S463,11,18,11,18,5,20,19,5,S463,AVG,BEST,AVG,BEST,POOR,BEST,BEST,POOR,Interpersonal,13.38,2.25,Good
10,Machine Learning Engineer,S464,13,19,13,19,6,17,20,6,S464,AVG,BEST,AVG,BEST,POOR,BEST,BEST,POOR,Intrapersonal,14.12,2.25,Good
10,Machine Learning Engineer,S465,12,20,12,17,7,18,17,7,S465,AVG,BEST,AVG,BEST,POOR,BEST,BEST,POOR,Musical,13.75,2.25,Good
10,Machine Learning Engineer,S466,14,19,14,18,8,18,18,8,S466,AVG,BEST,AVG,BEST,POOR,BEST,BEST,POOR,Musical,14.62,2.25,Good
10,Machine Learning Engineer,S467,11,17,11,19,9,19,18,9,S467,AVG,BEST,AVG,BEST,POOR,BEST,BEST,POOR,Logical_Mathematical,14.12,2.25,Good
10,Machine Learning Engineer,S468,13,18,13,20,10,20,19,10,S468,AVG,BEST,AVG,BEST,POOR,BEST,BEST,POOR,Logical_Mathematical,15.38,2.25,Good
10,Machine Learning Engineer,S469,11,19,12,19,5,17,20,5,S469,AVG,BEST,AVG,BEST,POOR,BEST,BEST,POOR,Intrapersonal,13.5,2.25,Good
10,Machine Learning Engineer,S470,13,20,14,17,6,19,17,6,S470,AVG,BEST,AVG,BEST,POOR,BEST,BEST,POOR,Musical,14.0,2.25,Good
10,Machine Learning Engineer,S471,12,19,11,18,7,17,18,7,S471,AVG,BEST,AVG,BEST,POOR,BEST,BEST,POOR,Musical,13.62,2.25,Good
10,Machine Learning Engineer,S472,14,17,13,19,8,16,18,8,S472,AVG,BEST,AVG,BEST,POOR,BEST,BEST,POOR,Logical_Mathematical,14.12,2.25,Good
10,Machine Learning Engineer,S473,11,18,12,20,9,19,19,9,S473,AVG,BEST,AVG,BEST,POOR,BEST,BEST,POOR,Logical_Mathematical,14.62,2.25,Good
10,Machine Learning Engineer,S474,13,19,14,19,10,17,20,10,S474,AVG,BEST,AVG,BEST,POOR,BEST,BEST,POOR,Intrapersonal,15.25,2.25,Good
10,Machine Learning Engineer,S475,11,18,11,17,5,16,17,5,S475,AVG,BEST,AVG,BEST,POOR,BEST,BEST,POOR,Musical,12.5,2.25,Good
10,Machine Learning Engineer,S476,13,19,13,18,6,19,18,6,S476,AVG,BEST,AVG,BEST,POOR,BEST,BEST,POOR,Musical,14.0,2.25,Good
10,Machine Learning Engineer,S477,12,20,12,19,7,17,18,7,S477,AVG,BEST,AVG,BEST,POOR,BEST,BEST,POOR,Musical,14.0,2.25,Good
10,Machine Learning Engineer,S478,14,19,14,17,8,16,19,8,S478,AVG,BEST,AVG,BEST,POOR,BEST,BEST,POOR,Musical,14.38,2.25,Good
10,Machine Learning Engineer,S479,11,17,11,18,9,18,20,9,S479,AVG,BEST,AVG,BEST,POOR,BEST,BEST,POOR,Intrapersonal,14.12,2.25,Good
10,Machine Learning Engineer,S480,13,18,13,19,10,19,17,10,S480,AVG,BEST,AVG,BEST,POOR,BEST,BEST,POOR,Logical_Mathematical,14.88,2.25,Good
10,Machine Learning Engineer,S481,11,19,12,20,5,17,18,5,S481,AVG,BEST,AVG,BEST,POOR,BEST,BEST,POOR,Logical_Mathematical,13.38,2.25,Good
10,Machine Learning Engineer,S482,13,20,14,19,6,16,18,6,S482,AVG,BEST,AVG,BEST,POOR,BEST,BEST,POOR,Musical,14.0,2.25,Good
10,Machine Learning Engineer,S483,12,19,11,17,7,19,19,7,S483,AVG,BEST,AVG,BEST,POOR,BEST,BEST,POOR,Musical,13.88,2.25,Good
10,Machine Learning Engineer,S484,14,17,13,18,8,17,20,8,S484,AVG,BEST,AVG,BEST,POOR,BEST,BEST,POOR,Intrapersonal,14.38,2.25,Good
10,Machine Learning Engineer,S485,11,18,12,19,9,16,17,9,S485,AVG,BEST,AVG,BEST,POOR,BEST,BEST,POOR,Logical_Mathematical,13.88,2.25,Good
10,Machine Learning Engineer,S486,13,19,14,20,10,18,18,10,S486,AVG,BEST,AVG,BEST,POOR,BEST,BEST,POOR,Logical_Mathematical,15.25,2.25,Good
10,Machine Learning Engineer,S487,11,18,11,19,5,18,19,5,S487,AVG,BEST,AVG,BEST,POOR,BEST,BEST,POOR,Logical_Mathematical,13.25,2.25,Good
10,Machine Learning Engineer,S488,13,19,13,17,6,18,19,6,S488,AVG,BEST,AVG,BEST,POOR,BEST,BEST,POOR,Musical,13.88,2.25,Good
10,Machine Learning Engineer,S489,12,20,12,18,7,19,19,7,S489,AVG,BEST,AVG,BEST,POOR,BEST,BEST,POOR,Musical,14.25,2.25,Good
10,Machine Learning Engineer,S490,14,19,14,19,8,20,19,8,S490,AVG,BEST,AVG,BEST,POOR,BEST,BEST,POOR,Interpersonal,15.12,2.25,Good
10,Machine Learning Engineer,S491,11,17,11,17,9,17,19,9,S491,AVG,BEST,AVG,BEST,POOR,BEST,BEST,POOR,Intrapersonal,13.75,2.25,Good
10,Machine Learning Engineer,S492,13,18,13,18,5,18,19,5,S492,AVG,BEST,AVG,BEST,POOR,BEST,BEST,POOR,Intrapersonal,13.62,2.25,Good
10,Machine Learning Engineer,S493,11,19,12,19,6,18,19,6,S493,AVG,BEST,AVG,BEST,POOR,BEST,BEST,POOR,Musical,13.75,2.25,Good
10,Machine Learning Engineer,S494,13,20,14,20,7,19,19,7,S494,AVG,BEST,AVG,BEST,POOR,BEST,BEST,POOR,Musical,14.88,2.25,Good
10,Machine Learning Engineer,S495,12,19,11,19,8,20,19,8,S495,AVG,BEST,AVG,BEST,POOR,BEST,BEST,POOR,Interpersonal,14.5,2.25,Good
10,Machine Learning Engineer,S496,14,17,13,17,9,17,17,9,S496,AVG,BEST,AVG,BEST,POOR,BEST,BEST,POOR,Musical,14.12,2.25,Good
10,Machine Learning Engineer,S497,11,18,12,18,10,19,16,10,S497,AVG,BEST,AVG,BEST,POOR,BEST,BEST,POOR,Interpersonal,14.25,2.25,Good
10,Machine Learning Engineer,S498,13,19,14,19,6,17,19,6,S498,AVG,BEST,AVG,BEST,POOR,BEST,BEST,POOR,Musical,14.12,2.25,Good
10,Machine Learning Engineer,S499,14,15,13,20,7,16,17,7,S499,AVG,BEST,AVG,BEST,POOR,BEST,BEST,POOR,Logical_Mathematical,13.62,2.25,Good
10,Machine Learning Engineer,S500,11,17,14,19,8,18,16,8,S500,AVG,BEST,AVG,BEST,POOR,BEST,BEST,POOR,Logical_Mathematical,13.88,2.25,Good
11,Chartered Accountant,S501,12,5,12,18,7,19,13,5,S501,AVG,POOR,AVG,BEST,POOR,BEST,AVG,POOR,Interpersonal,11.38,1.88,Average
11,Chartered Accountant,S502,13,6,13,16,7,17,13,5,S502,AVG,POOR,AVG,BEST,POOR,BEST,AVG,POOR,Interpersonal,11.25,1.88,Average
11,Chartered Accountant,S503,14,7,14,17,7,16,13,6,S503,AVG,POOR,AVG,BEST,POOR,BEST,AVG,POOR,Logical_Mathematical,11.75,1.88,Average
11,Chartered Accountant,S504,11,8,11,18,7,17,13,6,S504,AVG,POOR,AVG,BEST,POOR,BEST,AVG,POOR,Logical_Mathematical,11.38,1.88,Average
11,Chartered Accountant,S505,14,9,14,19,7,19,13,5,S505,AVG,POOR,AVG,BEST,POOR,BEST,AVG,POOR,Logical_Mathematical,12.5,1.88,Average
11,Chartered Accountant,S506,12,10,12,20,8,17,13,5,S506,AVG,POOR,AVG,BEST,POOR,BEST,AVG,POOR,Logical_Mathematical,12.12,1.88,Average
11,Chartered Accountant,S507,13,5,13,15,7,16,13,6,S507,AVG,POOR,AVG,BEST,POOR,BEST,AVG,POOR,Interpersonal,11.0,1.88,Average
11,Chartered Accountant,S508,12,6,14,16,7,19,13,6,S508,AVG,POOR,AVG,BEST,POOR,BEST,AVG,POOR,Interpersonal,11.62,1.88,Average
11,Chartered Accountant,S509,13,7,14,17,9,17,13,5,S509,AVG,POOR,AVG,BEST,POOR,BEST,AVG,POOR,Logical_Mathematical,11.88,1.88,Average
11,Chartered Accountant,S510,14,8,11,18,7,16,13,5,S510,AVG,POOR,AVG,BEST,POOR,BEST,AVG,POOR,Logical_Mathematical,11.5,1.88,Average
11,Chartered Accountant,S511,11,9,14,19,7,17,13,6,S511,AVG,POOR,AVG,BEST,POOR,BEST,AVG,POOR,Logical_Mathematical,12.0,1.88,Average
11,Chartered Accountant,S512,14,10,12,20,7,19,13,6,S512,AVG,POOR,AVG,BEST,POOR,BEST,AVG,POOR,Logical_Mathematical,12.62,1.88,Average
11,Chartered Accountant,S513,12,5,13,15,5,17,13,5,S513,AVG,POOR,AVG,BEST,POOR,BEST,AVG,POOR,Interpersonal,10.62,1.88,Average
11,Chartered Accountant,S514,13,6,12,16,6,19,13,5,S514,AVG,POOR,AVG,BEST,POOR,BEST,AVG,POOR,Interpersonal,11.25,1.88,Average
11,Chartered Accountant,S515,12,7,14,17,7,17,13,6,S515,AVG,POOR,AVG,BEST,POOR,BEST,AVG,POOR,Logical_Mathematical,11.62,1.88,Average
11,Chartered Accountant,S516,13,8,11,18,8,16,13,6,S516,AVG,POOR,AVG,BEST,POOR,BEST,AVG,POOR,Logical_Mathematical,11.62,1.88,Average
11,Chartered Accountant,S517,14,9,14,19,7,17,13,5,S517,AVG,POOR,AVG,BEST,POOR,BEST,AVG,POOR,Logical_Mathematical,12.25,1.88,Average
11,Chartered Accountant,S518,11,10,12,20,7,19,13,5,S518,AVG,POOR,AVG,BEST,POOR,BEST,AVG,POOR,Logical_Mathematical,12.12,1.88,Average
11,Chartered Accountant,S519,14,5,13,15,9,17,13,6,S519,AVG,POOR,AVG,BEST,POOR,BEST,AVG,POOR,Interpersonal,11.5,1.88,Average
11,Chartered Accountant,S520,12,6,12,16,7,19,13,6,S520,AVG,POOR,AVG,BEST,POOR,BEST,AVG,POOR,Interpersonal,11.38,1.88,Average
11,Chartered Accountant,S521,13,7,14,17,7,17,13,5,S521,AVG,POOR,AVG,BEST,POOR,BEST,AVG,POOR,Logical_Mathematical,11.62,1.88,Average
11,Chartered Accountant,S522,12,8,11,18,10,16,13,5,S522,AVG,POOR,AVG,BEST,POOR,BEST,AVG,POOR,Logical_Mathematical,11.62,1.88,Average
11,Chartered Accountant,S523,13,9,14,19,7,17,13,6,S523,AVG,POOR,AVG,BEST,POOR,BEST,AVG,POOR,Logical_Mathematical,12.25,1.88,Average
11,Chartered Accountant,S524,14,10,12,20,7,19,13,6,S524,AVG,POOR,AVG,BEST,POOR,BEST,AVG,POOR,Logical_Mathematical,12.62,1.88,Average
11,Chartered Accountant,S525,11,5,13,15,8,17,13,5,S525,AVG,POOR,AVG,BEST,POOR,BEST,AVG,POOR,Interpersonal,10.88,1.88,Average
11,Chartered Accountant,S526,14,6,12,16,7,19,12,5,S526,AVG,POOR,AVG,BEST,POOR,BEST,AVG,POOR,Interpersonal,11.38,1.88,Average
11,Chartered Accountant,S527,12,7,14,17,7,17,12,6,S527,AVG,POOR,AVG,BEST,POOR,BEST,AVG,POOR,Logical_Mathematical,11.5,1.88,Average
11,Chartered Accountant,S528,13,8,11,18,9,16,12,6,S528,AVG,POOR,AVG,BEST,POOR,BEST,AVG,POOR,Logical_Mathematical,11.62,1.88,Average
11,Chartered Accountant,S529,12,9,14,19,7,17,12,5,S529,AVG,POOR,AVG,BEST,POOR,BEST,AVG,POOR,Logical_Mathematical,11.88,1.88,Average
11,Chartered Accountant,S530,13,10,12,20,8,19,12,5,S530,AVG,POOR,AVG,BEST,POOR,BEST,AVG,POOR,Logical_Mathematical,12.38,1.88,Average
11,Chartered Accountant,S531,14,5,13,15,7,17,12,6,S531,AVG,POOR,AVG,BEST,POOR,BEST,AVG,POOR,Interpersonal,11.12,1.88,Average
11,Chartered Accountant,S532,11,6,12,16,7,19,12,6,S532,AVG,POOR,AVG,BEST,POOR,BEST,AVG,POOR,Interpersonal,11.12,1.88,Average
11,Chartered Accountant,S533,14,7,14,17,9,17,12,5,S533,AVG,POOR,AVG,BEST,POOR,BEST,AVG,POOR,Logical_Mathematical,11.88,1.88,Average
11,Chartered Accountant,S534,12,8,11,18,7,16,12,5,S534,AVG,POOR,AVG,BEST,POOR,BEST,AVG,POOR,Logical_Mathematical,11.12,1.88,Average
11,Chartered Accountant,S535,13,9,14,19,7,17,12,6,S535,AVG,POOR,AVG,BEST,POOR,BEST,AVG,POOR,Logical_Mathematical,12.12,1.88,Average
11,Chartered Accountant,S536,12,10,12,20,7,19,12,6,S536,AVG,POOR,AVG,BEST,POOR,BEST,AVG,POOR,Logical_Mathematical,12.25,1.88,Average
11,Chartered Accountant,S537,13,5,13,15,8,17,12,5,S537,AVG,POOR,AVG,BEST,POOR,BEST,AVG,POOR,Interpersonal,11.0,1.88,Average
11,Chartered Accountant,S538,14,6,12,16,7,19,12,5,S538,AVG,POOR,AVG,BEST,POOR,BEST,AVG,POOR,Interpersonal,11.38,1.88,Average
11,Chartered Accountant,S539,11,7,14,17,7,17,12,6,S539,AVG,POOR,AVG,BEST,POOR,BEST,AVG,POOR,Logical_Mathematical,11.38,1.88,Average
11,Chartered Accountant,S540,14,8,11,18,9,16,12,6,S540,AVG,POOR,AVG,BEST,POOR,BEST,AVG,POOR,Logical_Mathematical,11.75,1.88,Average
11,Chartered Accountant,S541,12,9,14,19,7,17,12,5,S541,AVG,POOR,AVG,BEST,POOR,BEST,AVG,POOR,Logical_Mathematical,11.88,1.88,Average
11,Chartered Accountant,S542,13,5,12,20,7,19,12,5,S542,AVG,POOR,AVG,BEST,POOR,BEST,AVG,POOR,Logical_Mathematical,11.62,1.88,Average
11,Chartered Accountant,S543,12,6,13,15,8,17,12,6,S543,AVG,POOR,AVG,BEST,POOR,BEST,AVG,POOR,Interpersonal,11.12,1.88,Average
11,Chartered Accountant,S544,13,7,12,16,7,19,12,6,S544,AVG,POOR,AVG,BEST,POOR,BEST,AVG,POOR,Interpersonal,11.5,1.88,Average
11,Chartered Accountant,S545,14,8,14,17,7,17,12,5,S545,AVG,POOR,AVG,BEST,POOR,BEST,AVG,POOR,Logical_Mathematical,11.75,1.88,Average
11,Chartered Accountant,S546,11,9,11,18,9,16,12,5,S546,AVG,POOR,AVG,BEST,POOR,BEST,AVG,POOR,Logical_Mathematical,11.38,1.88,Average
11,Chartered Accountant,S547,14,10,14,19,7,17,12,6,S547,AVG,POOR,AVG,BEST,POOR,BEST,AVG,POOR,Logical_Mathematical,12.38,1.88,Average
11,Chartered Accountant,S548,12,6,12,20,7,19,12,6,S548,AVG,POOR,AVG,BEST,POOR,BEST,AVG,POOR,Logical_Mathematical,11.75,1.88,Average
11,Chartered Accountant,S549,13,7,13,19,6,17,12,7,S549,AVG,POOR,AVG,BEST,POOR,BEST,AVG,POOR,Logical_Mathematical,11.75,1.88,Average
11,Chartered Accountant,S550,14,8,12,20,5,18,12,7,S550,AVG,POOR,AVG,BEST,POOR,BEST,AVG,POOR,Logical_Mathematical,12.0,1.88,Average
12,Computer analyst,S551,15,7,12,15,6,11,20,6,S551,BEST,POOR,AVG,BEST,POOR,AVG,BEST,POOR,Intrapersonal,11.5,2.0,Good
12,Computer analyst,S552,16,6,13,16,5,11,15,6,S552,BEST,POOR,AVG,BEST,POOR,AVG,BEST,POOR,Linguistic,11.0,2.0,Good
12,Computer analyst,S553,17,5,14,17,7,11,16,5,S553,BEST,POOR,AVG,BEST,POOR,AVG,BEST,POOR,Linguistic,11.5,2.0,Good
12,Computer analyst,S554,18,7,11,18,6,11,17,5,S554,BEST,POOR,AVG,BEST,POOR,AVG,BEST,POOR,Linguistic,11.62,2.0,Good
12,Computer analyst,S555,19,6,14,19,6,11,18,6,S555,BEST,POOR,AVG,BEST,POOR,AVG,BEST,POOR,Linguistic,12.38,2.0,Good
12,Computer analyst,S556,20,5,12,20,5,11,19,6,S556,BEST,POOR,AVG,BEST,POOR,AVG,BEST,POOR,Linguistic,12.25,2.0,Good
12,Computer analyst,S557,15,8,13,15,7,11,20,5,S557,BEST,POOR,AVG,BEST,POOR,AVG,BEST,POOR,Intrapersonal,11.75,2.0,Good
12,Computer analyst,S558,16,7,12,16,6,11,15,5,S558,BEST,POOR,AVG,BEST,POOR,AVG,BEST,POOR,Linguistic,11.0,2.0,Good
12,Computer analyst,S559,17,6,13,17,6,11,16,6,S559,BEST,POOR,AVG,BEST,POOR,AVG,BEST,POOR,Linguistic,11.5,2.0,Good
12,Computer analyst,S560,18,5,14,18,5,11,17,6,S560,BEST,POOR,AVG,BEST,POOR,AVG,BEST,POOR,Linguistic,11.75,2.0,Good
12,Computer analyst,S561,19,8,11,19,7,11,18,5,S561,BEST,POOR,AVG,BEST,POOR,AVG,BEST,POOR,Linguistic,12.25,2.0,Good
12,Computer analyst,S562,20,7,14,20,6,11,19,6,S562,BEST,POOR,AVG,BEST,POOR,AVG,BEST,POOR,Linguistic,12.88,2.0,Good
12,Computer analyst,S563,15,6,12,15,6,11,20,6,S563,BEST,POOR,AVG,BEST,POOR,AVG,BEST,POOR,Intrapersonal,11.38,2.0,Good
12,Computer analyst,S564,16,5,13,16,5,12,15,5,S564,BEST,POOR,AVG,BEST,POOR,AVG,BEST,POOR,Linguistic,10.88,2.0,Good
12,Computer analyst,S565,17,8,12,17,7,12,16,5,S565,BEST,POOR,AVG,BEST,POOR,AVG,BEST,POOR,Linguistic,11.75,2.0,Good
12,Computer analyst,S566,18,7,13,18,6,12,17,6,S566,BEST,POOR,AVG,BEST,POOR,AVG,BEST,POOR,Linguistic,12.12,2.0,Good
12,Computer analyst,S567,19,6,14,19,6,12,18,6,S567,BEST,POOR,AVG,BEST,POOR,AVG,BEST,POOR,Linguistic,12.5,2.0,Good
12,Computer analyst,S568,20,5,11,20,5,12,19,5,S568,BEST,POOR,AVG,BEST,POOR,AVG,BEST,POOR,Linguistic,12.12,2.0,Good
12,Computer analyst,S569,15,8,14,15,7,12,20,5,S569,BEST,POOR,AVG,BEST,POOR,AVG,BEST,POOR,Intrapersonal,12.0,2.0,Good
12,Computer analyst,S570,16,7,12,16,6,12,15,6,S570,BEST,POOR,AVG,BEST,POOR,AVG,BEST,POOR,Linguistic,11.25,2.0,Good
12,Computer analyst,S571,17,6,13,17,6,12,16,6,S571,BEST,POOR,AVG,BEST,POOR,AVG,BEST,POOR,Linguistic,11.62,2.0,Good
12,Computer analyst,S572,18,5,12,18,5,12,17,5,S572,BEST,POOR,AVG,BEST,POOR,AVG,BEST,POOR,Linguistic,11.5,2.0,Good
12,Computer analyst,S573,19,8,13,19,7,12,18,6,S573,BEST,POOR,AVG,BEST,POOR,AVG,BEST,POOR,Linguistic,12.75,2.0,Good
12,Computer analyst,S574,20,7,14,20,6,12,19,6,S574,BEST,POOR,AVG,BEST,POOR,AVG,BEST,POOR,Linguistic,13.0,2.0,Good
12,Computer analyst,S575,15,6,11,16,6,12,20,5,S575,BEST,POOR,AVG,BEST,POOR,AVG,BEST,POOR,Intrapersonal,11.38,2.0,Good
12,Computer analyst,S576,16,5,14,15,5,12,15,5,S576,BEST,POOR,AVG,BEST,POOR,AVG,BEST,POOR,Linguistic,10.88,2.0,Good
12,Computer analyst,S577,17,8,12,16,7,13,16,6,S577,BEST,POOR,AVG,BEST,POOR,AVG,BEST,POOR,Linguistic,11.88,2.0,Good
12,Computer analyst,S578,18,7,13,17,6,13,17,6,S578,BEST,POOR,AVG,BEST,POOR,AVG,BEST,POOR,Linguistic,12.12,2.0,Good
12,Computer analyst,S579,19,8,12,18,6,13,18,5,S579,BEST,POOR,AVG,BEST,POOR,AVG,BEST,POOR,Linguistic,12.38,2.0,Good
12,Computer analyst,S580,20,9,13,19,5,13,19,5,S580,BEST,POOR,AVG,BEST,POOR,AVG,BEST,POOR,Linguistic,12.88,2.0,Good
12,Computer analyst,S581,15,10,14,20,7,13,20,6,S581,BEST,POOR,AVG,BEST,POOR,AVG,BEST,POOR,Logical_Mathematical,13.12,2.0,Good
12,Computer analyst,S582,16,5,11,15,6,13,15,6,S582,BEST,POOR,AVG,BEST,POOR,AVG,BEST,POOR,Linguistic,10.88,2.0,Good
12,Computer analyst,S583,17,6,14,16,6,13,16,5,S583,BEST,POOR,AVG,BEST,POOR,AVG,BEST,POOR,Linguistic,11.62,2.0,Good
12,Computer analyst,S584,18,7,12,17,5,13,17,6,S584,BEST,POOR,AVG,BEST,POOR,AVG,BEST,POOR,Linguistic,11.88,2.0,Good
12,Computer analyst,S585,19,8,13,18,7,13,18,6,S585,BEST,POOR,AVG,BEST,POOR,AVG,BEST,POOR,Linguistic,12.75,2.0,Good
12,Computer analyst,S586,20,9,12,19,6,13,19,5,S586,BEST,POOR,AVG,BEST,POOR,AVG,BEST,POOR,Linguistic,12.88,2.0,Good
12,Computer analyst,S587,15,10,13,20,6,13,20,5,S587,BEST,POOR,AVG,BEST,POOR,AVG,BEST,POOR,Logical_Mathematical,12.75,2.0,Good
12,Computer analyst,S588,16,5,14,15,5,13,15,6,S588,BEST,POOR,AVG,BEST,POOR,AVG,BEST,POOR,Linguistic,11.12,2.0,Good
12,Computer analyst,S589,17,6,11,16,7,14,16,6,S589,BEST,POOR,AVG,BEST,POOR,AVG,BEST,POOR,Linguistic,11.62,2.0,Good
12,Computer analyst,S590,18,7,14,17,6,14,17,5,S590,BEST,POOR,AVG,BEST,POOR,AVG,BEST,POOR,Linguistic,12.25,2.0,Good
12,Computer analyst,S591,19,8,12,18,6,14,18,5,S591,BEST,POOR,AVG,BEST,POOR,AVG,BEST,POOR,Linguistic,12.5,2.0,Good
12,Computer analyst,S592,20,9,13,19,5,14,19,6,S592,BEST,POOR,AVG,BEST,POOR,AVG,BEST,POOR,Linguistic,13.12,2.0,Good
12,Computer analyst,S593,15,10,12,20,7,14,20,6,S593,BEST,POOR,AVG,BEST,POOR,AVG,BEST,POOR,Logical_Mathematical,13.0,2.0,Good
12,Computer analyst,S594,16,5,13,15,6,14,15,5,S594,BEST,POOR,AVG,BEST,POOR,AVG,BEST,POOR,Linguistic,11.12,2.0,Good
12,Computer analyst,S595,17,6,14,16,6,14,16,7,S595,BEST,POOR,AVG,BEST,POOR,AVG,BEST,POOR,Linguistic,12.0,2.0,Good
12,Computer analyst,S596,18,7,11,17,5,14,17,7,S596,BEST,POOR,AVG,BEST,POOR,AVG,BEST,POOR,Linguistic,12.0,2.0,Good
12,Computer analyst,S597,19,8,14,18,7,14,18,6,S597,BEST,POOR,AVG,BEST,POOR,AVG,BEST,POOR,Linguistic,13.0,2.0,Good
12,Computer analyst,S598,20,9,12,19,6,14,19,5,S598,BEST,POOR,AVG,BEST,POOR,AVG,BEST,POOR,Linguistic,13.0,2.0,Good
12,Computer analyst,S599,16,10,13,20,7,14,20,7,S599,BEST,POOR,AVG,BEST,POOR,AVG,BEST,POOR,Logical_Mathematical,13.38,2.0,Good
12,Computer analyst,S600,17,8,14,17,9,14,16,7,S600,BEST,POOR,AVG,BEST,POOR,AVG,BEST,POOR,Linguistic,12.75,2.0,Good
13,Computer programmer,S601,19,8,8,15,5,13,11,10,S601,BEST,POOR,POOR,BEST,POOR,AVG,AVG,POOR,Linguistic,11.12,1.75,Average
13,Computer programmer,S602,20,5,9,16,6,13,12,5,S602,BEST,POOR,POOR,BEST,POOR,AVG,AVG,POOR,Linguistic,10.75,1.75,Average
13,Computer programmer,S603,18,6,10,17,7,13,13,6,S603,BEST,POOR,POOR,BEST,POOR,AVG,AVG,POOR,Linguistic,11.25,1.75,Average
13,Computer programmer,S604,17,5,5,18,8,13,14,7,S604,BEST,POOR,POOR,BEST,POOR,AVG,AVG,POOR,Logical_Mathematical,10.88,1.75,Average
13,Computer programmer,S605,15,6,6,19,9,13,14,8,S605,BEST,POOR,POOR,BEST,POOR,AVG,AVG,POOR,Logical_Mathematical,11.25,1.75,Average
13,Computer programmer,S606,20,5,7,20,5,13,13,9,S606,BEST,POOR,POOR,BEST,POOR,AVG,AVG,POOR,Linguistic,11.5,1.75,Average
13,Computer programmer,S607,19,6,8,15,6,13,12,10,S607,BEST,POOR,POOR,BEST,POOR,AVG,AVG,POOR,Linguistic,11.12,1.75,Average
13,Computer programmer,S608,18,5,9,16,7,13,12,5,S608,BEST,POOR,POOR,BEST,POOR,AVG,AVG,POOR,Linguistic,10.62,1.75,Average
13,Computer programmer,S609,17,6,10,17,8,13,11,6,S609,BEST,POOR,POOR,BEST,POOR,AVG,AVG,POOR,Linguistic,11.0,1.75,Average
13,Computer programmer,S610,19,5,8,18,9,13,11,7,S610,BEST,POOR,POOR,BEST,POOR,AVG,AVG,POOR,Linguistic,11.25,1.75,Average
13,Computer programmer,S611,20,6,9,19,5,13,12,8,S611,BEST,POOR,POOR,BEST,POOR,AVG,AVG,POOR,Linguistic,11.5,1.75,Average
13,Computer programmer,S612,18,5,10,20,6,13,13,9,S612,BEST,POOR,POOR,BEST,POOR,AVG,AVG,POOR,Logical_Mathematical,11.75,1.75,Average
13,Computer programmer,S613,17,6,5,15,7,13,14,10,S613,BEST,POOR,POOR,BEST,POOR,AVG,AVG,POOR,Linguistic,10.88,1.75,Average
13,Computer programmer,S614,15,5,6,16,8,12,14,5,S614,BEST,POOR,POOR,BEST,POOR,AVG,AVG,POOR,Logical_Mathematical,10.12,1.75,Average
13,Computer programmer,S615,20,6,7,17,9,12,13,6,S615,BEST,POOR,POOR,BEST,POOR,AVG,AVG,POOR,Linguistic,11.25,1.75,Average
13,Computer programmer,S616,19,5,8,18,5,12,12,7,S616,BEST,POOR,POOR,BEST,POOR,AVG,AVG,POOR,Linguistic,10.75,1.75,Average
13,Computer programmer,S617,18,6,9,19,6,12,12,8,S617,BEST,POOR,POOR,BEST,POOR,AVG,AVG,POOR,Logical_Mathematical,11.25,1.75,Average
13,Computer programmer,S618,17,5,10,20,7,12,11,9,S618,BEST,POOR,POOR,BEST,POOR,AVG,AVG,POOR,Logical_Mathematical,11.38,1.75,Average
13,Computer programmer,S619,19,6,8,15,8,12,11,10,S619,BEST,POOR,POOR,BEST,POOR,AVG,AVG,POOR,Linguistic,11.12,1.75,Average
13,Computer programmer,S620,20,5,9,16,9,12,12,5,S620,BEST,POOR,POOR,BEST,POOR,AVG,AVG,POOR,Linguistic,11.0,1.75,Average
13,Computer programmer,S621,18,6,10,17,5,12,13,6,S621,BEST,POOR,POOR,BEST,POOR,AVG,AVG,POOR,Linguistic,10.88,1.75,Average
13,Computer programmer,S622,17,5,5,18,6,12,14,7,S622,BEST,POOR,POOR,BEST,POOR,AVG,AVG,POOR,Logical_Mathematical,10.5,1.75,Average
13,Computer programmer,S623,15,6,6,19,7,12,14,8,S623,BEST,POOR,POOR,BEST,POOR,AVG,AVG,POOR,Logical_Mathematical,10.88,1.75,Average
13,Computer programmer,S624,20,5,7,20,8,12,13,9,S624,BEST,POOR,POOR,BEST,POOR,AVG,AVG,POOR,Linguistic,11.75,1.75,Average
13,Computer programmer,S625,19,6,8,15,9,12,12,10,S625,BEST,POOR,POOR,BEST,POOR,AVG,AVG,POOR,Linguistic,11.38,1.75,Average
13,Computer programmer,S626,18,5,9,16,5,12,12,5,S626,BEST,POOR,POOR,BEST,POOR,AVG,AVG,POOR,Linguistic,10.25,1.75,Average
13,Computer programmer,S627,17,6,10,17,6,12,11,6,S627,BEST,POOR,POOR,BEST,POOR,AVG,AVG,POOR,Linguistic,10.62,1.75,Average
13,Computer programmer,S628,16,5,8,18,7,11,11,7,S628,BEST,POOR,POOR,BEST,POOR,AVG,AVG,POOR,Logical_Mathematical,10.38,1.75,Average
13,Computer programmer,S629,15,6,9,19,8,11,12,8,S629,BEST,POOR,POOR,BEST,POOR,AVG,AVG,POOR,Logical_Mathematical,11.0,1.75,Average
13,Computer programmer,S630,19,5,10,20,9,11,13,9,S630,BEST,POOR,POOR,BEST,POOR,AVG,AVG,POOR,Logical_Mathematical,12.0,1.75,Average
13,Computer programmer,S631,18,6,5,15,5,11,14,10,S631,BEST,POOR,POOR,BEST,POOR,AVG,AVG,POOR,Linguistic,10.5,1.75,Average
13,Computer programmer,S632,17,5,6,16,6,11,14,5,S632,BEST,POOR,POOR,BEST,POOR,AVG,AVG,POOR,Linguistic,10.0,1.75,Average
13,Computer programmer,S633,16,6,7,17,7,11,13,6,S633,BEST,POOR,POOR,BEST,POOR,AVG,AVG,POOR,Logical_Mathematical,10.38,1.75,Average
13,Computer programmer,S634,15,5,8,18,8,11,12,7,S634,BEST,POOR,POOR,BEST,POOR,AVG,AVG,POOR,Logical_Mathematical,10.5,1.75,Average
13,Computer programmer,S635,19,6,9,19,9,11,12,8,S635,BEST,POOR,POOR,BEST,POOR,AVG,AVG,POOR,Linguistic,11.62,1.75,Average
13,Computer programmer,S636,18,5,10,20,5,11,11,9,S636,BEST,POOR,POOR,BEST,POOR,AVG,AVG,POOR,Logical_Mathematical,11.12,1.75,Average
13,Computer programmer,S637,17,6,8,15,6,11,11,10,S637,BEST,POOR,POOR,BEST,POOR,AVG,AVG,POOR,Linguistic,10.5,1.75,Average
13,Computer programmer,S638,16,5,9,16,7,11,12,5,S638,BEST,POOR,POOR,BEST,POOR,AVG,AVG,POOR,Linguistic,10.12,1.75,Average
13,Computer programmer,S639,15,6,10,17,8,11,13,6,S639,BEST,POOR,POOR,BEST,POOR,AVG,AVG,POOR,Logical_Mathematical,10.75,1.75,Average
13,Computer programmer,S640,19,5,5,18,9,13,14,7,S640,BEST,POOR,POOR,BEST,POOR,AVG,AVG,POOR,Linguistic,11.25,1.75,Average
13,Computer programmer,S641,18,6,6,19,5,13,14,8,S641,BEST,POOR,POOR,BEST,POOR,AVG,AVG,POOR,Logical_Mathematical,11.12,1.75,Average
13,Computer programmer,S642,17,5,7,20,6,13,13,9,S642,BEST,POOR,POOR,BEST,POOR,AVG,AVG,POOR,Logical_Mathematical,11.25,1.75,Average
13,Computer programmer,S643,16,6,8,15,7,13,12,10,S643,BEST,POOR,POOR,BEST,POOR,AVG,AVG,POOR,Linguistic,10.88,1.75,Average
13,Computer programmer,S644,15,5,9,16,8,13,12,5,S644,BEST,POOR,POOR,BEST,POOR,AVG,AVG,POOR,Logical_Mathematical,10.38,1.75,Average
13,Computer programmer,S645,19,6,10,17,9,13,11,6,S645,BEST,POOR,POOR,BEST,POOR,AVG,AVG,POOR,Linguistic,11.38,1.75,Average
13,Computer programmer,S646,18,5,6,18,5,13,11,7,S646,BEST,POOR,POOR,BEST,POOR,AVG,AVG,POOR,Linguistic,10.38,1.75,Average
13,Computer programmer,S647,17,6,7,19,6,13,11,8,S647,BEST,POOR,POOR,BEST,POOR,AVG,AVG,POOR,Logical_Mathematical,10.88,1.75,Average
13,Computer programmer,S648,16,5,8,20,7,13,11,9,S648,BEST,POOR,POOR,BEST,POOR,AVG,AVG,POOR,Logical_Mathematical,11.12,1.75,Average
13,Computer programmer,S649,15,6,9,16,8,13,11,8,S649,BEST,POOR,POOR,BEST,POOR,AVG,AVG,POOR,Logical_Mathematical,10.75,1.75,Average
13,Computer programmer,S650,19,7,10,17,9,13,11,9,S650,BEST,POOR,POOR,BEST,POOR,AVG,AVG,POOR,Linguistic,11.88,1.75,Average
14,Database designer,S651,13,5,9,15,9,15,6,14,S651,AVG,POOR,POOR,BEST,POOR,BEST,POOR,AVG,Logical_Mathematical,10.75,1.75,Average
14,Database designer,S652,12,6,9,15,9,16,6,14,S652,AVG,POOR,POOR,BEST,POOR,BEST,POOR,AVG,Interpersonal,10.88,1.75,Average
14,Database designer,S653,12,7,9,16,9,17,6,14,S653,AVG,POOR,POOR,BEST,POOR,BEST,POOR,AVG,Interpersonal,11.25,1.75,Average
14,Database designer,S654,12,8,9,16,9,20,6,14,S654,AVG,POOR,POOR,BEST,POOR,BEST,POOR,AVG,Interpersonal,11.75,1.75,Average
14,Database designer,S655,12,9,9,17,9,15,6,14,S655,AVG,POOR,POOR,BEST,POOR,BEST,POOR,AVG,Logical_Mathematical,11.38,1.75,Average
14,Database designer,S656,12,10,9,17,9,17,6,14,S656,AVG,POOR,POOR,BEST,POOR,BEST,POOR,AVG,Logical_Mathematical,11.75,1.75,Average
14,Database designer,S657,12,5,9,18,9,16,6,14,S657,AVG,POOR,POOR,BEST,POOR,BEST,POOR,AVG,Logical_Mathematical,11.12,1.75,Average
14,Database designer,S658,12,6,9,18,9,15,6,14,S658,AVG,POOR,POOR,BEST,POOR,BEST,POOR,AVG,Logical_Mathematical,11.12,1.75,Average
14,Database designer,S659,12,7,9,19,9,16,6,14,S659,AVG,POOR,POOR,BEST,POOR,BEST,POOR,AVG,Logical_Mathematical,11.5,1.75,Average
14,Database designer,S660,12,8,9,19,9,17,9,14,S660,AVG,POOR,POOR,BEST,POOR,BEST,POOR,AVG,Logical_Mathematical,12.12,1.75,Average
14,Database designer,S661,12,9,8,20,9,20,8,14,S661,AVG,POOR,POOR,BEST,POOR,BEST,POOR,AVG,Logical_Mathematical,12.5,1.75,Average
14,Database designer,S662,12,10,8,20,9,15,8,14,S662,AVG,POOR,POOR,BEST,POOR,BEST,POOR,AVG,Logical_Mathematical,12.0,1.75,Average
14,Database designer,S663,12,5,8,15,9,17,8,14,S663,AVG,POOR,POOR,BEST,POOR,BEST,POOR,AVG,Interpersonal,11.0,1.75,Average
14,Database designer,S664,12,6,8,15,9,16,8,14,S664,AVG,POOR,POOR,BEST,POOR,BEST,POOR,AVG,Interpersonal,11.0,1.75,Average
14,Database designer,S665,12,7,8,16,9,15,8,14,S665,AVG,POOR,POOR,BEST,POOR,BEST,POOR,AVG,Logical_Mathematical,11.12,1.75,Average
14,Database designer,S666,11,8,6,16,9,16,6,14,S666,AVG,POOR,POOR,BEST,POOR,BEST,POOR,AVG,Logical_Mathematical,10.75,1.75,Average
14,Database designer,S667,11,9,6,17,9,17,6,14,S667,AVG,POOR,POOR,BEST,POOR,BEST,POOR,AVG,Logical_Mathematical,11.12,1.75,Average
14,Database designer,S668,11,10,6,17,8,20,6,14,S668,AVG,POOR,POOR,BEST,POOR,BEST,POOR,AVG,Interpersonal,11.5,1.75,Average
14,Database designer,S669,11,5,6,18,8,15,6,14,S669,AVG,POOR,POOR,BEST,POOR,BEST,POOR,AVG,Logical_Mathematical,10.38,1.75,Average
14,Database designer,S670,11,6,6,18,8,17,6,14,S670,AVG,POOR,POOR,BEST,POOR,BEST,POOR,AVG,Logical_Mathematical,10.75,1.75,Average
14,Database designer,S671,11,7,6,19,8,16,6,14,S671,AVG,POOR,POOR,BEST,POOR,BEST,POOR,AVG,Logical_Mathematical,10.88,1.75,Average
14,Database designer,S672,11,8,6,19,8,15,6,14,S672,AVG,POOR,POOR,BEST,POOR,BEST,POOR,AVG,Logical_Mathematical,10.88,1.75,Average
14,Database designer,S673,11,9,6,20,8,16,6,14,S673,AVG,POOR,POOR,BEST,POOR,BEST,POOR,AVG,Logical_Mathematical,11.25,1.75,Average
14,Database designer,S674,11,10,5,20,8,17,5,14,S674,AVG,POOR,POOR,BEST,POOR,BEST,POOR,AVG,Logical_Mathematical,11.25,1.75,Average
14,Database designer,S675,11,5,5,15,8,20,5,14,S675,AVG,POOR,POOR,BEST,POOR,BEST,POOR,AVG,Interpersonal,10.38,1.75,Average
14,Database designer,S676,11,6,5,15,8,15,5,14,S676,AVG,POOR,POOR,BEST,POOR,BEST,POOR,AVG,Logical_Mathematical,9.88,1.75,Average
14,Database designer,S677,11,7,5,16,8,17,9,14,S677,AVG,POOR,POOR,BEST,POOR,BEST,POOR,AVG,Interpersonal,10.88,1.75,Average
14,Database designer,S678,13,8,5,16,8,16,8,14,S678,AVG,POOR,POOR,BEST,POOR,BEST,POOR,AVG,Logical_Mathematical,11.0,1.75,Average
14,Database designer,S679,13,9,5,17,8,16,8,14,S679,AVG,POOR,POOR,BEST,POOR,BEST,POOR,AVG,Logical_Mathematical,11.25,1.75,Average
14,Database designer,S680,13,10,10,17,8,15,8,14,S680,AVG,POOR,POOR,BEST,POOR,BEST,POOR,AVG,Logical_Mathematical,11.88,1.75,Average
14,Database designer,S681,13,5,10,18,8,16,8,14,S681,AVG,POOR,POOR,BEST,POOR,BEST,POOR,AVG,Logical_Mathematical,11.5,1.75,Average
14,Database designer,S682,13,6,10,18,8,17,8,14,S682,AVG,POOR,POOR,BEST,POOR,BEST,POOR,AVG,Logical_Mathematical,11.75,1.75,Average
14,Database designer,S683,13,7,10,19,8,20,6,14,S683,AVG,POOR,POOR,BEST,POOR,BEST,POOR,AVG,Interpersonal,12.12,1.75,Average
14,Database designer,S684,13,8,10,19,8,15,6,14,S684,AVG,POOR,POOR,BEST,POOR,BEST,POOR,AVG,Logical_Mathematical,11.62,1.75,Average
14,Database designer,S685,13,9,10,20,8,17,6,14,S685,AVG,POOR,POOR,BEST,POOR,BEST,POOR,AVG,Logical_Mathematical,12.12,1.75,Average
14,Database designer,S686,13,10,10,20,8,16,6,14,S686,AVG,POOR,POOR,BEST,POOR,BEST,POOR,AVG,Logical_Mathematical,12.12,1.75,Average
14,Database designer,S687,13,5,10,15,8,16,6,14,S687,AVG,POOR,POOR,BEST,POOR,BEST,POOR,AVG,Interpersonal,10.88,1.75,Average
14,Database designer,S688,13,6,5,15,8,15,6,14,S688,AVG,POOR,POOR,BEST,POOR,BEST,POOR,AVG,Logical_Mathematical,10.25,1.75,Average
14,Database designer,S689,11,7,5,16,8,16,6,14,S689,AVG,POOR,POOR,BEST,POOR,BEST,POOR,AVG,Logical_Mathematical,10.38,1.75,Average
14,Database designer,S690,12,8,6,16,8,17,6,14,S690,AVG,POOR,POOR,BEST,POOR,BEST,POOR,AVG,Interpersonal,10.88,1.75,Average
14,Database designer,S691,13,9,6,17,8,20,5,14,S691,AVG,POOR,POOR,BEST,POOR,BEST,POOR,AVG,Interpersonal,11.5,1.75,Average
14,Database designer,S692,14,10,7,17,7,15,5,14,S692,AVG,POOR,POOR,BEST,POOR,BEST,POOR,AVG,Logical_Mathematical,11.12,1.75,Average
14,Database designer,S693,14,5,7,18,7,16,5,14,S693,AVG,POOR,POOR,BEST,POOR,BEST,POOR,AVG,Logical_Mathematical,10.75,1.75,Average
14,Database designer,S694,13,6,5,18,7,15,6,14,S694,AVG,POOR,POOR,BEST,POOR,BEST,POOR,AVG,Logical_Mathematical,10.5,1.75,Average
14,Database designer,S695,12,7,5,19,7,16,7,14,S695,AVG,POOR,POOR,BEST,POOR,BEST,POOR,AVG,Logical_Mathematical,10.88,1.75,Average
14,Database designer,S696,11,8,6,19,7,17,5,14,S696,AVG,POOR,POOR,BEST,POOR,BEST,POOR,AVG,Logical_Mathematical,10.88,1.75,Average
14,Database designer,S697,14,9,6,20,7,20,5,14,S697,AVG,POOR,POOR,BEST,POOR,BEST,POOR,AVG,Logical_Mathematical,11.88,1.75,Average
14,Database designer,S698,13,10,7,20,7,15,5,14,S698,AVG,POOR,POOR,BEST,POOR,BEST,POOR,AVG,Logical_Mathematical,11.38,1.75,Average
14,Database designer,S699,12,10,7,15,7,17,6,14,S699,AVG,POOR,POOR,BEST,POOR,BEST,POOR,AVG,Interpersonal,11.0,1.75,Average
14,Database designer,S700,11,9,6,16,7,16,7,14,S700,AVG,POOR,POOR,BEST,POOR,BEST,POOR,AVG,Logical_Mathematical,10.75,1.75,Average
15,Economist,S701,14,13,5,15,7,16,16,8,S701,AVG,AVG,POOR,BEST,POOR,BEST,BEST,POOR,Interpersonal,11.75,2.0,Good
15,Economist,S702,12,12,6,15,5,20,15,9,S702,AVG,AVG,POOR,BEST,POOR,BEST,BEST,POOR,Interpersonal,11.75,2.0,Good
15,Economist,S703,11,11,7,15,6,19,16,10,S703,AVG,AVG,POOR,BEST,POOR,BEST,BEST,POOR,Interpersonal,11.88,2.0,Good
15,Economist,S704,13,11,8,15,7,15,17,5,S704,AVG,AVG,POOR,BEST,POOR,BEST,BEST,POOR,Intrapersonal,11.38,2.0,Good
15,Economist,S705,12,13,9,15,5,17,20,6,S705,AVG,AVG,POOR,BEST,POOR,BEST,BEST,POOR,Intrapersonal,12.12,2.0,Good
15,Economist,S706,11,13,10,15,5,16,16,7,S706,AVG,AVG,POOR,BEST,POOR,BEST,BEST,POOR,Interpersonal,11.62,2.0,Good
15,Economist,S707,11,12,5,15,6,20,15,8,S707,AVG,AVG,POOR,BEST,POOR,BEST,BEST,POOR,Interpersonal,11.5,2.0,Good
15,Economist,S708,13,11,6,15,7,19,16,9,S708,AVG,AVG,POOR,BEST,POOR,BEST,BEST,POOR,Interpersonal,12.0,2.0,Good
15,Economist,S709,12,11,7,15,5,15,17,10,S709,AVG,AVG,POOR,BEST,POOR,BEST,BEST,POOR,Intrapersonal,11.5,2.0,Good
15,Economist,S710,14,13,8,15,5,17,20,5,S710,AVG,AVG,POOR,BEST,POOR,BEST,BEST,POOR,Intrapersonal,12.12,2.0,Good
15,Economist,S711,14,13,9,15,6,16,16,6,S711,AVG,AVG,POOR,BEST,POOR,BEST,BEST,POOR,Interpersonal,11.88,2.0,Good
15,Economist,S712,12,12,10,15,7,20,15,7,S712,AVG,AVG,POOR,BEST,POOR,BEST,BEST,POOR,Interpersonal,12.25,2.0,Good
15,Economist,S713,11,11,5,15,5,19,16,8,S713,AVG,AVG,POOR,BEST,POOR,BEST,BEST,POOR,Interpersonal,11.25,2.0,Good
15,Economist,S714,13,11,6,15,5,15,17,9,S714,AVG,AVG,POOR,BEST,POOR,BEST,BEST,POOR,Intrapersonal,11.38,2.0,Good
15,Economist,S715,12,13,7,16,6,17,20,10,S715,AVG,AVG,POOR,BEST,POOR,BEST,BEST,POOR,Intrapersonal,12.62,2.0,Good
15,Economist,S716,11,13,8,16,7,16,16,5,S716,AVG,AVG,POOR,BEST,POOR,BEST,BEST,POOR,Logical_Mathematical,11.5,2.0,Good
15,Economist,S717,11,12,9,17,5,20,15,6,S717,AVG,AVG,POOR,BEST,POOR,BEST,BEST,POOR,Interpersonal,11.88,2.0,Good
15,Economist,S718,13,11,10,17,5,19,16,7,S718,AVG,AVG,POOR,BEST,POOR,BEST,BEST,POOR,Interpersonal,12.25,2.0,Good
15,Economist,S719,12,11,5,18,6,15,17,8,S719,AVG,AVG,POOR,BEST,POOR,BEST,BEST,POOR,Logical_Mathematical,11.5,2.0,Good
15,Economist,S720,14,13,6,18,7,17,16,9,S720,AVG,AVG,POOR,BEST,POOR,BEST,BEST,POOR,Logical_Mathematical,12.5,2.0,Good
15,Economist,S721,14,13,7,15,5,16,15,10,S721,AVG,AVG,POOR,BEST,POOR,BEST,BEST,POOR,Interpersonal,11.88,2.0,Good
15,Economist,S722,12,12,8,15,5,20,16,5,S722,AVG,AVG,POOR,BEST,POOR,BEST,BEST,POOR,Interpersonal,11.62,2.0,Good
15,Economist,S723,11,11,9,16,6,19,17,6,S723,AVG,AVG,POOR,BEST,POOR,BEST,BEST,POOR,Interpersonal,11.88,2.0,Good
15,Economist,S724,13,11,10,16,7,15,20,7,S724,AVG,AVG,POOR,BEST,POOR,BEST,BEST,POOR,Intrapersonal,12.38,2.0,Good
15,Economist,S725,12,13,5,17,5,17,16,8,S725,AVG,AVG,POOR,BEST,POOR,BEST,BEST,POOR,Logical_Mathematical,11.62,2.0,Good
15,Economist,S726,11,13,6,17,5,16,15,9,S726,AVG,AVG,POOR,BEST,POOR,BEST,BEST,POOR,Logical_Mathematical,11.5,2.0,Good
15,Economist,S727,11,12,7,18,6,20,16,10,S727,AVG,AVG,POOR,BEST,POOR,BEST,BEST,POOR,Interpersonal,12.5,2.0,Good
15,Economist,S728,13,11,8,18,7,19,17,5,S728,AVG,AVG,POOR,BEST,POOR,BEST,BEST,POOR,Interpersonal,12.25,2.0,Good
15,Economist,S729,12,11,9,15,5,15,20,6,S729,AVG,AVG,POOR,BEST,POOR,BEST,BEST,POOR,Intrapersonal,11.62,2.0,Good
15,Economist,S730,14,13,10,15,5,17,16,7,S730,AVG,AVG,POOR,BEST,POOR,BEST,BEST,POOR,Interpersonal,12.12,2.0,Good
15,Economist,S731,14,13,5,16,6,16,15,8,S731,AVG,AVG,POOR,BEST,POOR,BEST,BEST,POOR,Logical_Mathematical,11.62,2.0,Good
15,Economist,S732,12,12,6,16,7,20,16,9,S732,AVG,AVG,POOR,BEST,POOR,BEST,BEST,POOR,Interpersonal,12.25,2.0,Good
15,Economist,S733,11,11,7,17,5,19,17,10,S733,AVG,AVG,POOR,BEST,POOR,BEST,BEST,POOR,Interpersonal,12.12,2.0,Good
15,Economist,S734,13,11,8,17,5,15,20,5,S734,AVG,AVG,POOR,BEST,POOR,BEST,BEST,POOR,Intrapersonal,11.75,2.0,Good
15,Economist,S735,12,13,9,18,6,17,16,6,S735,AVG,AVG,POOR,BEST,POOR,BEST,BEST,POOR,Logical_Mathematical,12.12,2.0,Good
15,Economist,S736,11,13,10,18,7,16,15,7,S736,AVG,AVG,POOR,BEST,POOR,BEST,BEST,POOR,Logical_Mathematical,12.12,2.0,Good
15,Economist,S737,11,12,5,15,5,20,16,8,S737,AVG,AVG,POOR,BEST,POOR,BEST,BEST,POOR,Interpersonal,11.5,2.0,Good
15,Economist,S738,13,11,6,15,5,19,17,9,S738,AVG,AVG,POOR,BEST,POOR,BEST,BEST,POOR,Interpersonal,11.88,2.0,Good
15,Economist,S739,12,11,7,16,6,15,20,10,S739,AVG,AVG,POOR,BEST,POOR,BEST,BEST,POOR,Intrapersonal,12.12,2.0,Good
15,Economist,S740,14,13,8,16,7,17,16,5,S740,AVG,AVG,POOR,BEST,POOR,BEST,BEST,POOR,Interpersonal,12.0,2.0,Good
15,Economist,S741,14,13,9,17,5,16,15,6,S741,AVG,AVG,POOR,BEST,POOR,BEST,BEST,POOR,Logical_Mathematical,11.88,2.0,Good
15,Economist,S742,12,12,10,17,5,20,16,7,S742,AVG,AVG,POOR,BEST,POOR,BEST,BEST,POOR,Interpersonal,12.38,2.0,Good
15,Economist,S743,11,11,5,18,6,19,17,8,S743,AVG,AVG,POOR,BEST,POOR,BEST,BEST,POOR,Interpersonal,11.88,2.0,Good
15,Economist,S744,13,11,6,18,7,15,20,9,S744,AVG,AVG,POOR,BEST,POOR,BEST,BEST,POOR,Intrapersonal,12.38,2.0,Good
15,Economist,S745,12,13,7,16,5,17,16,10,S745,AVG,AVG,POOR,BEST,POOR,BEST,BEST,POOR,Interpersonal,12.0,2.0,Good
15,Economist,S746,11,13,8,17,5,16,15,5,S746,AVG,AVG,POOR,BEST,POOR,BEST,BEST,POOR,Logical_Mathematical,11.25,2.0,Good
15,Economist,S747,11,12,9,17,6,20,16,6,S747,AVG,AVG,POOR,BEST,POOR,BEST,BEST,POOR,Interpersonal,12.12,2.0,Good
15,Economist,S748,13,11,10,18,7,19,17,7,S748,AVG,AVG,POOR,BEST,POOR,BEST,BEST,POOR,Interpersonal,12.75,2.0,Good
15,Economist,S749,12,11,5,18,5,15,20,10,S749,AVG,AVG,POOR,BEST,POOR,BEST,BEST,POOR,Intrapersonal,12.0,2.0,Good
15,Economist,S750,14,13,7,19,7,17,17,8,S750,AVG,AVG,POOR,BEST,POOR,BEST,BEST,POOR,Logical_Mathematical,12.75,2.0,Good
16,Librarian,S751,11,5,16,20,12,13,17,6,S751,AVG,POOR,BEST,BEST,AVG,AVG,BEST,POOR,Logical_Mathematical,12.5,2.12,Good
16,Librarian,S752,12,5,20,19,11,13,17,5,S752,AVG,POOR,BEST,BEST,AVG,AVG,BEST,POOR,Bodily,12.75,2.12,Good
16,Librarian,S753,13,6,19,15,11,13,17,6,S753,AVG,POOR,BEST,BEST,AVG,AVG,BEST,POOR,Bodily,12.5,2.12,Good
16,Librarian,S754,14,5,15,17,13,13,17,6,S754,AVG,POOR,BEST,BEST,AVG,AVG,BEST,POOR,Logical_Mathematical,12.5,2.12,Good
16,Librarian,S755,13,5,17,16,13,13,17,7,S755,AVG,POOR,BEST,BEST,AVG,AVG,BEST,POOR,Bodily,12.62,2.12,Good
16,Librarian,S756,12,5,16,20,12,13,17,8,S756,AVG,POOR,BEST,BEST,AVG,AVG,BEST,POOR,Logical_Mathematical,12.88,2.12,Good
16,Librarian,S757,11,6,20,19,12,13,17,6,S757,AVG,POOR,BEST,BEST,AVG,AVG,BEST,POOR,Bodily,13.0,2.12,Good
16,Librarian,S758,11,5,19,15,11,13,17,9,S758,AVG,POOR,BEST,BEST,AVG,AVG,BEST,POOR,Bodily,12.5,2.12,Good
16,Librarian,S759,12,7,15,17,11,13,17,6,S759,AVG,POOR,BEST,BEST,AVG,AVG,BEST,POOR,Logical_Mathematical,12.25,2.12,Good
16,Librarian,S760,13,9,17,16,13,13,17,10,S760,AVG,POOR,BEST,BEST,AVG,AVG,BEST,POOR,Bodily,13.5,2.12,Good
16,Librarian,S761,14,10,16,20,13,13,17,6,S761,AVG,POOR,BEST,BEST,AVG,AVG,BEST,POOR,Logical_Mathematical,13.62,2.12,Good
16,Librarian,S762,13,5,20,19,12,13,17,6,S762,AVG,POOR,BEST,BEST,AVG,AVG,BEST,POOR,Bodily,13.12,2.12,Good
16,Librarian,S763,12,6,19,15,12,13,17,6,S763,AVG,POOR,BEST,BEST,AVG,AVG,BEST,POOR,Bodily,12.5,2.12,Good
16,Librarian,S764,11,5,15,17,11,13,17,6,S764,AVG,POOR,BEST,BEST,AVG,AVG,BEST,POOR,Logical_Mathematical,11.88,2.12,Good
16,Librarian,S765,11,7,17,16,11,13,17,6,S765,AVG,POOR,BEST,BEST,AVG,AVG,BEST,POOR,Bodily,12.25,2.12,Good
16,Librarian,S766,12,9,16,20,13,13,17,6,S766,AVG,POOR,BEST,BEST,AVG,AVG,BEST,POOR,Logical_Mathematical,13.25,2.12,Good
16,Librarian,S767,13,10,20,19,13,13,17,6,S767,AVG,POOR,BEST,BEST,AVG,AVG,BEST,POOR,Bodily,13.88,2.12,Good
16,Librarian,S768,14,5,19,15,12,13,17,6,S768,AVG,POOR,BEST,BEST,AVG,AVG,BEST,POOR,Bodily,12.62,2.12,Good
16,Librarian,S769,13,5,15,17,12,13,17,6,S769,AVG,POOR,BEST,BEST,AVG,AVG,BEST,POOR,Logical_Mathematical,12.25,2.12,Good
16,Librarian,S770,12,6,17,16,11,13,17,6,S770,AVG,POOR,BEST,BEST,AVG,AVG,BEST,POOR,Bodily,12.25,2.12,Good
16,Librarian,S771,11,5,16,20,11,14,17,10,S771,AVG,POOR,BEST,BEST,AVG,AVG,BEST,POOR,Logical_Mathematical,13.0,2.12,Good
16,Librarian,S772,11,7,20,19,13,14,17,10,S772,AVG,POOR,BEST,BEST,AVG,AVG,BEST,POOR,Bodily,13.88,2.12,Good
16,Librarian,S773,12,9,19,15,13,14,17,10,S773,AVG,POOR,BEST,BEST,AVG,AVG,BEST,POOR,Bodily,13.62,2.12,Good
16,Librarian,S774,13,10,15,17,12,14,16,10,S774,AVG,POOR,BEST,BEST,AVG,AVG,BEST,POOR,Logical_Mathematical,13.38,2.12,Good
16,Librarian,S775,14,7,17,16,12,14,16,10,S775,AVG,POOR,BEST,BEST,AVG,AVG,BEST,POOR,Bodily,13.25,2.12,Good
16,Librarian,S776,13,7,16,20,11,14,16,10,S776,AVG,POOR,BEST,BEST,AVG,AVG,BEST,POOR,Logical_Mathematical,13.38,2.12,Good
16,Librarian,S777,12,6,20,19,11,14,16,10,S777,AVG,POOR,BEST,BEST,AVG,AVG,BEST,POOR,Bodily,13.5,2.12,Good
16,Librarian,S778,11,5,19,15,13,14,16,10,S778,AVG,POOR,BEST,BEST,AVG,AVG,BEST,POOR,Bodily,12.88,2.12,Good
16,Librarian,S779,13,7,15,17,13,14,16,10,S779,AVG,POOR,BEST,BEST,AVG,AVG,BEST,POOR,Logical_Mathematical,13.12,2.12,Good
16,Librarian,S780,11,9,17,16,12,14,16,10,S780,AVG,POOR,BEST,BEST,AVG,AVG,BEST,POOR,Bodily,13.12,2.12,Good
16,Librarian,S781,12,10,16,20,12,14,16,10,S781,AVG,POOR,BEST,BEST,AVG,AVG,BEST,POOR,Logical_Mathematical,13.75,2.12,Good
16,Librarian,S782,13,7,20,19,11,14,16,10,S782,AVG,POOR,BEST,BEST,AVG,AVG,BEST,POOR,Bodily,13.75,2.12,Good
16,Librarian,S783,14,6,19,15,11,14,16,10,S783,AVG,POOR,BEST,BEST,AVG,AVG,BEST,POOR,Bodily,13.12,2.12,Good
16,Librarian,S784,13,5,15,17,13,14,16,10,S784,AVG,POOR,BEST,BEST,AVG,AVG,BEST,POOR,Logical_Mathematical,12.88,2.12,Good
16,Librarian,S785,12,7,17,16,13,14,16,10,S785,AVG,POOR,BEST,BEST,AVG,AVG,BEST,POOR,Bodily,13.12,2.12,Good
16,Librarian,S786,11,9,16,20,12,14,16,10,S786,AVG,POOR,BEST,BEST,AVG,AVG,BEST,POOR,Logical_Mathematical,13.5,2.12,Good
16,Librarian,S787,13,10,20,19,12,12,16,10,S787,AVG,POOR,BEST,BEST,AVG,AVG,BEST,POOR,Bodily,14.0,2.12,Good
16,Librarian,S788,11,9,19,15,11,12,16,10,S788,AVG,POOR,BEST,BEST,AVG,AVG,BEST,POOR,Bodily,12.88,2.12,Good
16,Librarian,S789,12,6,15,17,11,12,16,10,S789,AVG,POOR,BEST,BEST,AVG,AVG,BEST,POOR,Logical_Mathematical,12.38,2.12,Good
16,Librarian,S790,13,5,17,16,13,12,16,8,S790,AVG,POOR,BEST,BEST,AVG,AVG,BEST,POOR,Bodily,12.5,2.12,Good
16,Librarian,S791,14,7,16,20,13,12,16,8,S791,AVG,POOR,BEST,BEST,AVG,AVG,BEST,POOR,Logical_Mathematical,13.25,2.12,Good
16,Librarian,S792,13,9,20,19,12,12,16,8,S792,AVG,POOR,BEST,BEST,AVG,AVG,BEST,POOR,Bodily,13.62,2.12,Good
16,Librarian,S793,12,10,19,15,12,12,18,8,S793,AVG,POOR,BEST,BEST,AVG,AVG,BEST,POOR,Bodily,13.25,2.12,Good
16,Librarian,S794,11,7,15,17,11,12,18,8,S794,AVG,POOR,BEST,BEST,AVG,AVG,BEST,POOR,Intrapersonal,12.38,2.12,Good
16,Librarian,S795,12,9,17,16,11,12,18,8,S795,AVG,POOR,BEST,BEST,AVG,AVG,BEST,POOR,Intrapersonal,12.88,2.12,Good
16,Librarian,S796,13,10,16,20,13,12,18,8,S796,AVG,POOR,BEST,BEST,AVG,AVG,BEST,POOR,Logical_Mathematical,13.75,2.12,Good
16,Librarian,S797,14,9,20,19,13,12,18,8,S797,AVG,POOR,BEST,BEST,AVG,AVG,BEST,POOR,Bodily,14.12,2.12,Good
16,Librarian,S798,13,9,19,15,12,12,18,8,S798,AVG,POOR,BEST,BEST,AVG,AVG,BEST,POOR,Bodily,13.25,2.12,Good
16,Librarian,S799,12,7,15,17,11,12,18,8,S799,AVG,POOR,BEST,BEST,AVG,AVG,BEST,POOR,Intrapersonal,12.5,2.12,Good
16,Librarian,S800,11,7,17,16,11,12,18,8,S800,AVG,POOR,BEST,BEST,AVG,AVG,BEST,POOR,Intrapersonal,12.5,2.12,Good
17,Engineer,S801,11,5,6,18,19,12,18,7,S801,AVG,POOR,POOR,BEST,BEST,AVG,BEST,POOR,Spatial_Visualization,12.0,2.0,Good
17,Engineer,S802,12,5,6,17,19,12,19,0,S802,AVG,POOR,POOR,BEST,BEST,AVG,BEST,POOR,Spatial_Visualization,11.25,2.0,Good
17,Engineer,S803,13,5,6,15,19,12,17,8,S803,AVG,POOR,POOR,BEST,BEST,AVG,BEST,POOR,Spatial_Visualization,11.88,2.0,Good
17,Engineer,S804,14,5,6,19,19,12,15,8,S804,AVG,POOR,POOR,BEST,BEST,AVG,BEST,POOR,Logical_Mathematical,12.25,2.0,Good
17,Engineer,S805,13,5,6,20,19,12,20,8,S805,AVG,POOR,POOR,BEST,BEST,AVG,BEST,POOR,Logical_Mathematical,12.88,2.0,Good
17,Engineer,S806,12,5,6,18,19,12,20,8,S806,AVG,POOR,POOR,BEST,BEST,AVG,BEST,POOR,Intrapersonal,12.5,2.0,Good
17,Engineer,S807,11,5,6,19,19,12,20,8,S807,AVG,POOR,POOR,BEST,BEST,AVG,BEST,POOR,Intrapersonal,12.5,2.0,Good
17,Engineer,S808,11,6,5,17,19,12,20,8,S808,AVG,POOR,POOR,BEST,BEST,AVG,BEST,POOR,Intrapersonal,12.25,2.0,Good
17,Engineer,S809,12,6,5,15,19,12,18,8,S809,AVG,POOR,POOR,BEST,BEST,AVG,BEST,POOR,Spatial_Visualization,11.88,2.0,Good
17,Engineer,S810,13,6,5,18,19,12,19,8,S810,AVG,POOR,POOR,BEST,BEST,AVG,BEST,POOR,Spatial_Visualization,12.5,2.0,Good
17,Engineer,S811,14,6,5,17,19,12,17,8,S811,AVG,POOR,POOR,BEST,BEST,AVG,BEST,POOR,Spatial_Visualization,12.25,2.0,Good
17,Engineer,S812,13,6,5,15,19,12,15,8,S812,AVG,POOR,POOR,BEST,BEST,AVG,BEST,POOR,Spatial_Visualization,11.62,2.0,Good
17,Engineer,S813,12,6,5,19,19,12,20,8,S813,AVG,POOR,POOR,BEST,BEST,AVG,BEST,POOR,Intrapersonal,12.62,2.0,Good
17,Engineer,S814,11,6,5,20,19,12,20,8,S814,AVG,POOR,POOR,BEST,BEST,AVG,BEST,POOR,Logical_Mathematical,12.62,2.0,Good
17,Engineer,S815,11,7,8,18,19,12,20,8,S815,AVG,POOR,POOR,BEST,BEST,AVG,BEST,POOR,Intrapersonal,12.88,2.0,Good
17,Engineer,S816,12,7,8,19,19,12,20,8,S816,AVG,POOR,POOR,BEST,BEST,AVG,BEST,POOR,Intrapersonal,13.12,2.0,Good
17,Engineer,S817,13,7,8,17,19,13,20,8,S817,AVG,POOR,POOR,BEST,BEST,AVG,BEST,POOR,Intrapersonal,13.12,2.0,Good
17,Engineer,S818,14,7,8,15,19,14,20,8,S818,AVG,POOR,POOR,BEST,BEST,AVG,BEST,POOR,Intrapersonal,13.12,2.0,Good
17,Engineer,S819,13,7,8,18,19,11,20,8,S819,AVG,POOR,POOR,BEST,BEST,AVG,BEST,POOR,Intrapersonal,13.0,2.0,Good
17,Engineer,S820,12,7,8,17,19,12,18,8,S820,AVG,POOR,POOR,BEST,BEST,AVG,BEST,POOR,Spatial_Visualization,12.62,2.0,Good
17,Engineer,S821,11,7,8,15,19,13,19,8,S821,AVG,POOR,POOR,BEST,BEST,AVG,BEST,POOR,Spatial_Visualization,12.5,2.0,Good
17,Engineer,S822,11,7,8,19,19,14,17,7,S822,AVG,POOR,POOR,BEST,BEST,AVG,BEST,POOR,Logical_Mathematical,12.75,2.0,Good
17,Engineer,S823,12,5,7,20,19,11,15,7,S823,AVG,POOR,POOR,BEST,BEST,AVG,BEST,POOR,Logical_Mathematical,12.0,2.0,Good
17,Engineer,S824,13,6,7,18,19,12,20,7,S824,AVG,POOR,POOR,BEST,BEST,AVG,BEST,POOR,Intrapersonal,12.75,2.0,Good
17,Engineer,S825,14,7,7,19,19,13,20,7,S825,AVG,POOR,POOR,BEST,BEST,AVG,BEST,POOR,Intrapersonal,13.25,2.0,Good
17,Engineer,S826,13,8,7,17,20,14,20,7,S826,AVG,POOR,POOR,BEST,BEST,AVG,BEST,POOR,Spatial_Visualization,13.25,2.0,Good
17,Engineer,S827,12,9,7,15,20,11,18,6,S827,AVG,POOR,POOR,BEST,BEST,AVG,BEST,POOR,Spatial_Visualization,12.25,2.0,Good
17,Engineer,S828,11,10,7,18,20,12,19,7,S828,AVG,POOR,POOR,BEST,BEST,AVG,BEST,POOR,Spatial_Visualization,13.0,2.0,Good
17,Engineer,S829,11,5,7,17,20,13,17,8,S829,AVG,POOR,POOR,BEST,BEST,AVG,BEST,POOR,Spatial_Visualization,12.25,2.0,Good
17,Engineer,S830,12,6,7,15,20,14,15,9,S830,AVG,POOR,POOR,BEST,BEST,AVG,BEST,POOR,Spatial_Visualization,12.25,2.0,Good
17,Engineer,S831,13,7,7,19,20,11,20,10,S831,AVG,POOR,POOR,BEST,BEST,AVG,BEST,POOR,Spatial_Visualization,13.38,2.0,Good
17,Engineer,S832,14,8,7,20,20,12,20,5,S832,AVG,POOR,POOR,BEST,BEST,AVG,BEST,POOR,Logical_Mathematical,13.25,2.0,Good
17,Engineer,S833,13,9,7,18,20,13,20,7,S833,AVG,POOR,POOR,BEST,BEST,AVG,BEST,POOR,Spatial_Visualization,13.38,2.0,Good
17,Engineer,S834,12,10,8,19,20,14,20,7,S834,AVG,POOR,POOR,BEST,BEST,AVG,BEST,POOR,Spatial_Visualization,13.75,2.0,Good
17,Engineer,S835,11,5,8,17,20,11,20,7,S835,AVG,POOR,POOR,BEST,BEST,AVG,BEST,POOR,Spatial_Visualization,12.38,2.0,Good
17,Engineer,S836,11,6,8,15,20,12,20,7,S836,AVG,POOR,POOR,BEST,BEST,AVG,BEST,POOR,Spatial_Visualization,12.38,2.0,Good
17,Engineer,S837,12,7,8,18,20,13,20,7,S837,AVG,POOR,POOR,BEST,BEST,AVG,BEST,POOR,Spatial_Visualization,13.12,2.0,Good
17,Engineer,S838,13,8,8,17,20,14,18,7,S838,AVG,POOR,POOR,BEST,BEST,AVG,BEST,POOR,Spatial_Visualization,13.12,2.0,Good
17,Engineer,S839,14,9,8,15,20,11,19,7,S839,AVG,POOR,POOR,BEST,BEST,AVG,BEST,POOR,Spatial_Visualization,12.88,2.0,Good
17,Engineer,S840,13,10,8,19,20,12,17,7,S840,AVG,POOR,POOR,BEST,BEST,AVG,BEST,POOR,Spatial_Visualization,13.25,2.0,Good
17,Engineer,S841,12,5,8,20,20,13,15,6,S841,AVG,POOR,POOR,BEST,BEST,AVG,BEST,POOR,Logical_Mathematical,12.38,2.0,Good
17,Engineer,S842,11,6,9,18,20,14,20,7,S842,AVG,POOR,POOR,BEST,BEST,AVG,BEST,POOR,Spatial_Visualization,13.12,2.0,Good
17,Engineer,S843,11,7,9,19,20,11,20,8,S843,AVG,POOR,POOR,BEST,BEST,AVG,BEST,POOR,Spatial_Visualization,13.12,2.0,Good
17,Engineer,S844,12,8,9,17,16,12,20,9,S844,AVG,POOR,POOR,BEST,BEST,AVG,BEST,POOR,Intrapersonal,12.88,2.0,Good
17,Engineer,S845,13,9,9,15,16,13,20,10,S845,AVG,POOR,POOR,BEST,BEST,AVG,BEST,POOR,Intrapersonal,13.12,2.0,Good
17,Engineer,S846,14,10,9,16,16,14,20,5,S846,AVG,POOR,POOR,BEST,BEST,AVG,BEST,POOR,Intrapersonal,13.0,2.0,Good
17,Engineer,S847,11,7,9,18,16,11,20,7,S847,AVG,POOR,POOR,BEST,BEST,AVG,BEST,POOR,Intrapersonal,12.38,2.0,Good
17,Engineer,S848,12,8,9,19,16,13,20,9,S848,AVG,POOR,POOR,BEST,BEST,AVG,BEST,POOR,Intrapersonal,13.25,2.0,Good
17,Engineer,S849,13,9,5,17,16,14,20,9,S849,AVG,POOR,POOR,BEST,BEST,AVG,BEST,POOR,Intrapersonal,12.88,2.0,Good
17,Engineer,S850,14,10,7,15,16,11,20,9,S850,AVG,POOR,POOR,BEST,BEST,AVG,BEST,POOR,Intrapersonal,12.75,2.0,Good
18,Lawyer,S851,20,5,14,19,7,17,16,5,S851,BEST,POOR,AVG,BEST,POOR,BEST,BEST,POOR,Linguistic,12.88,2.12,Good
18,Lawyer,S852,19,5,14,19,7,17,16,5,S852,BEST,POOR,AVG,BEST,POOR,BEST,BEST,POOR,Linguistic,12.75,2.12,Good
18,Lawyer,S853,18,5,13,19,7,17,16,5,S853,BEST,POOR,AVG,BEST,POOR,BEST,BEST,POOR,Logical_Mathematical,12.5,2.12,Good
18,Lawyer,S854,17,5,13,19,7,17,16,6,S854,BEST,POOR,AVG,BEST,POOR,BEST,BEST,POOR,Logical_Mathematical,12.5,2.12,Good
18,Lawyer,S855,16,5,11,19,7,17,16,7,S855,BEST,POOR,AVG,BEST,POOR,BEST,BEST,POOR,Logical_Mathematical,12.25,2.12,Good
18,Lawyer,S856,15,5,12,19,7,17,16,8,S856,BEST,POOR,AVG,BEST,POOR,BEST,BEST,POOR,Logical_Mathematical,12.38,2.12,Good
18,Lawyer,S857,20,5,14,19,7,17,16,9,S857,BEST,POOR,AVG,BEST,POOR,BEST,BEST,POOR,Linguistic,13.38,2.12,Good
18,Lawyer,S858,19,5,14,19,7,17,16,10,S858,BEST,POOR,AVG,BEST,POOR,BEST,BEST,POOR,Linguistic,13.38,2.12,Good
18,Lawyer,S859,18,5,13,19,7,17,16,5,S859,BEST,POOR,AVG,BEST,POOR,BEST,BEST,POOR,Logical_Mathematical,12.5,2.12,Good
18,Lawyer,S860,17,5,13,19,6,17,16,5,S860,BEST,POOR,AVG,BEST,POOR,BEST,BEST,POOR,Logical_Mathematical,12.25,2.12,Good
18,Lawyer,S861,16,5,11,19,7,17,16,5,S861,BEST,POOR,AVG,BEST,POOR,BEST,BEST,POOR,Logical_Mathematical,12.0,2.12,Good
18,Lawyer,S862,15,5,12,19,8,17,16,5,S862,BEST,POOR,AVG,BEST,POOR,BEST,BEST,POOR,Logical_Mathematical,12.12,2.12,Good
18,Lawyer,S863,20,5,14,19,9,17,16,6,S863,BEST,POOR,AVG,BEST,POOR,BEST,BEST,POOR,Linguistic,13.25,2.12,Good
18,Lawyer,S864,19,5,14,19,10,17,16,7,S864,BEST,POOR,AVG,BEST,POOR,BEST,BEST,POOR,Linguistic,13.38,2.12,Good
18,Lawyer,S865,18,5,13,19,5,17,16,8,S865,BEST,POOR,AVG,BEST,POOR,BEST,BEST,POOR,Logical_Mathematical,12.62,2.12,Good
18,Lawyer,S866,17,5,13,19,7,17,16,9,S866,BEST,POOR,AVG,BEST,POOR,BEST,BEST,POOR,Logical_Mathematical,12.88,2.12,Good
18,Lawyer,S867,16,5,11,19,8,16,16,10,S867,BEST,POOR,AVG,BEST,POOR,BEST,BEST,POOR,Logical_Mathematical,12.62,2.12,Good
18,Lawyer,S868,15,5,12,19,8,16,16,5,S868,BEST,POOR,AVG,BEST,POOR,BEST,BEST,POOR,Logical_Mathematical,12.0,2.12,Good
18,Lawyer,S869,20,5,14,19,8,16,16,7,S869,BEST,POOR,AVG,BEST,POOR,BEST,BEST,POOR,Linguistic,13.12,2.12,Good
18,Lawyer,S870,19,5,14,19,8,16,16,7,S870,BEST,POOR,AVG,BEST,POOR,BEST,BEST,POOR,Linguistic,13.0,2.12,Good
18,Lawyer,S871,18,5,13,19,8,16,16,7,S871,BEST,POOR,AVG,BEST,POOR,BEST,BEST,POOR,Logical_Mathematical,12.75,2.12,Good
18,Lawyer,S872,17,6,13,19,8,16,16,7,S872,BEST,POOR,AVG,BEST,POOR,BEST,BEST,POOR,Logical_Mathematical,12.75,2.12,Good
18,Lawyer,S873,16,6,11,19,8,16,16,7,S873,BEST,POOR,AVG,BEST,POOR,BEST,BEST,POOR,Logical_Mathematical,12.38,2.12,Good
18,Lawyer,S874,15,6,12,19,6,16,16,7,S874,BEST,POOR,AVG,BEST,POOR,BEST,BEST,POOR,Logical_Mathematical,12.12,2.12,Good
18,Lawyer,S875,20,6,14,19,7,16,16,7,S875,BEST,POOR,AVG,BEST,POOR,BEST,BEST,POOR,Linguistic,13.12,2.12,Good
18,Lawyer,S876,19,6,14,19,8,16,16,7,S876,BEST,POOR,AVG,BEST,POOR,BEST,BEST,POOR,Linguistic,13.12,2.12,Good
18,Lawyer,S877,18,6,13,19,9,16,16,7,S877,BEST,POOR,AVG,BEST,POOR,BEST,BEST,POOR,Logical_Mathematical,13.0,2.12,Good
18,Lawyer,S878,17,6,13,19,10,16,16,7,S878,BEST,POOR,AVG,BEST,POOR,BEST,BEST,POOR,Logical_Mathematical,13.0,2.12,Good
18,Lawyer,S879,16,6,11,19,5,16,16,7,S879,BEST,POOR,AVG,BEST,POOR,BEST,BEST,POOR,Logical_Mathematical,12.0,2.12,Good
18,Lawyer,S880,15,6,12,19,8,16,16,7,S880,BEST,POOR,AVG,BEST,POOR,BEST,BEST,POOR,Logical_Mathematical,12.38,2.12,Good
18,Lawyer,S881,20,6,14,19,8,16,16,7,S881,BEST,POOR,AVG,BEST,POOR,BEST,BEST,POOR,Linguistic,13.25,2.12,Good
18,Lawyer,S882,19,6,14,19,8,16,16,8,S882,BEST,POOR,AVG,BEST,POOR,BEST,BEST,POOR,Linguistic,13.25,2.12,Good
18,Lawyer,S883,18,6,13,19,8,15,16,8,S883,BEST,POOR,AVG,BEST,POOR,BEST,BEST,POOR,Logical_Mathematical,12.88,2.12,Good
18,Lawyer,S884,17,6,13,19,6,15,16,8,S884,BEST,POOR,AVG,BEST,POOR,BEST,BEST,POOR,Logical_Mathematical,12.5,2.12,Good
18,Lawyer,S885,16,6,11,19,7,15,16,8,S885,BEST,POOR,AVG,BEST,POOR,BEST,BEST,POOR,Logical_Mathematical,12.25,2.12,Good
18,Lawyer,S886,15,6,12,19,8,15,16,8,S886,BEST,POOR,AVG,BEST,POOR,BEST,BEST,POOR,Logical_Mathematical,12.38,2.12,Good
18,Lawyer,S887,20,6,14,19,9,15,16,8,S887,BEST,POOR,AVG,BEST,POOR,BEST,BEST,POOR,Linguistic,13.38,2.12,Good
18,Lawyer,S888,19,6,14,19,10,15,16,8,S888,BEST,POOR,AVG,BEST,POOR,BEST,BEST,POOR,Linguistic,13.38,2.12,Good
18,Lawyer,S889,18,7,13,19,5,15,16,8,S889,BEST,POOR,AVG,BEST,POOR,BEST,BEST,POOR,Logical_Mathematical,12.62,2.12,Good
18,Lawyer,S890,17,8,13,19,9,15,16,8,S890,BEST,POOR,AVG,BEST,POOR,BEST,BEST,POOR,Logical_Mathematical,13.12,2.12,Good
18,Lawyer,S891,16,9,11,19,9,15,16,8,S891,BEST,POOR,AVG,BEST,POOR,BEST,BEST,POOR,Logical_Mathematical,12.88,2.12,Good
18,Lawyer,S892,15,10,12,19,9,15,16,8,S892,BEST,POOR,AVG,BEST,POOR,BEST,BEST,POOR,Logical_Mathematical,13.0,2.12,Good
18,Lawyer,S893,20,5,14,19,9,15,16,8,S893,BEST,POOR,AVG,BEST,POOR,BEST,BEST,POOR,Linguistic,13.25,2.12,Good
18,Lawyer,S894,19,6,14,19,9,15,16,8,S894,BEST,POOR,AVG,BEST,POOR,BEST,BEST,POOR,Linguistic,13.25,2.12,Good
18,Lawyer,S895,18,7,13,19,9,19,16,6,S895,BEST,POOR,AVG,BEST,POOR,BEST,BEST,POOR,Logical_Mathematical,13.38,2.12,Good
18,Lawyer,S896,17,7,13,19,9,19,16,7,S896,BEST,POOR,AVG,BEST,POOR,BEST,BEST,POOR,Logical_Mathematical,13.38,2.12,Good
18,Lawyer,S897,16,7,11,19,9,19,16,8,S897,BEST,POOR,AVG,BEST,POOR,BEST,BEST,POOR,Logical_Mathematical,13.12,2.12,Good
18,Lawyer,S898,15,7,12,19,9,19,16,9,S898,BEST,POOR,AVG,BEST,POOR,BEST,BEST,POOR,Logical_Mathematical,13.25,2.12,Good
18,Lawyer,S899,16,7,12,19,9,19,16,10,S899,BEST,POOR,AVG,BEST,POOR,BEST,BEST,POOR,Logical_Mathematical,13.5,2.12,Good
18,Lawyer,S900,17,7,12,19,9,19,16,5,S900,BEST,POOR,AVG,BEST,POOR,BEST,BEST,POOR,Logical_Mathematical,13.0,2.12,Good
19,Pharmacist,S901,11,6,16,11,7,20,12,20,S901,AVG,POOR,BEST,AVG,POOR,BEST,AVG,BEST,Interpersonal,12.88,2.12,Good
19,Pharmacist,S902,14,7,15,11,6,19,12,19,S902,AVG,POOR,BEST,AVG,POOR,BEST,AVG,BEST,Interpersonal,12.88,2.12,Good
19,Pharmacist,S903,13,8,20,11,7,20,12,18,S903,AVG,POOR,BEST,AVG,POOR,BEST,AVG,BEST,Bodily,13.62,2.12,Good
19,Pharmacist,S904,11,9,19,12,8,19,12,17,S904,AVG,POOR,BEST,AVG,POOR,BEST,AVG,BEST,Bodily,13.38,2.12,Good
19,Pharmacist,S905,12,10,18,12,9,20,12,16,S905,AVG,POOR,BEST,AVG,POOR,BEST,AVG,BEST,Interpersonal,13.62,2.12,Good
19,Pharmacist,S906,13,6,17,13,10,19,12,15,S906,AVG,POOR,BEST,AVG,POOR,BEST,AVG,BEST,Interpersonal,13.12,2.12,Good
19,Pharmacist,S907,14,7,16,13,5,20,12,16,S907,AVG,POOR,BEST,AVG,POOR,BEST,AVG,BEST,Interpersonal,12.88,2.12,Good
19,Pharmacist,S908,12,8,15,11,7,19,12,17,S908,AVG,POOR,BEST,AVG,POOR,BEST,AVG,BEST,Interpersonal,12.62,2.12,Good
19,Pharmacist,S909,12,9,20,11,7,20,12,18,S909,AVG,POOR,BEST,AVG,POOR,BEST,AVG,BEST,Bodily,13.62,2.12,Good
19,Pharmacist,S910,11,10,19,11,7,19,12,19,S910,AVG,POOR,BEST,AVG,POOR,BEST,AVG,BEST,Bodily,13.5,2.12,Good
19,Pharmacist,S911,14,6,18,12,7,20,12,20,S911,AVG,POOR,BEST,AVG,POOR,BEST,AVG,BEST,Interpersonal,13.62,2.12,Good
19,Pharmacist,S912,13,7,17,12,7,19,12,20,S912,AVG,POOR,BEST,AVG,POOR,BEST,AVG,BEST,Naturalist,13.38,2.12,Good
19,Pharmacist,S913,11,8,16,13,7,20,12,19,S913,AVG,POOR,BEST,AVG,POOR,BEST,AVG,BEST,Interpersonal,13.25,2.12,Good
19,Pharmacist,S914,12,9,15,13,7,19,12,18,S914,AVG,POOR,BEST,AVG,POOR,BEST,AVG,BEST,Interpersonal,13.12,2.12,Good
19,Pharmacist,S915,13,10,20,11,6,20,12,17,S915,AVG,POOR,BEST,AVG,POOR,BEST,AVG,BEST,Bodily,13.62,2.12,Good
19,Pharmacist,S916,14,6,19,11,6,19,12,16,S916,AVG,POOR,BEST,AVG,POOR,BEST,AVG,BEST,Bodily,12.88,2.12,Good
19,Pharmacist,S917,12,7,18,11,6,20,12,15,S917,AVG,POOR,BEST,AVG,POOR,BEST,AVG,BEST,Interpersonal,12.62,2.12,Good
19,Pharmacist,S918,12,8,17,12,7,19,12,16,S918,AVG,POOR,BEST,AVG,POOR,BEST,AVG,BEST,Interpersonal,12.88,2.12,Good
19,Pharmacist,S919,11,9,16,12,8,20,12,17,S919,AVG,POOR,BEST,AVG,POOR,BEST,AVG,BEST,Interpersonal,13.12,2.12,Good
19,Pharmacist,S920,14,10,15,13,9,19,12,18,S920,AVG,POOR,BEST,AVG,POOR,BEST,AVG,BEST,Interpersonal,13.75,2.12,Good
19,Pharmacist,S921,13,6,20,13,10,20,12,19,S921,AVG,POOR,BEST,AVG,POOR,BEST,AVG,BEST,Bodily,14.12,2.12,Good
19,Pharmacist,S922,11,7,19,11,5,19,13,20,S922,AVG,POOR,BEST,AVG,POOR,BEST,AVG,BEST,Naturalist,13.12,2.12,Good
19,Pharmacist,S923,12,8,18,11,6,20,13,20,S923,AVG,POOR,BEST,AVG,POOR,BEST,AVG,BEST,Interpersonal,13.5,2.12,Good
19,Pharmacist,S924,13,9,17,11,6,19,13,19,S924,AVG,POOR,BEST,AVG,POOR,BEST,AVG,BEST,Interpersonal,13.38,2.12,Good
19,Pharmacist,S925,14,10,16,12,6,20,13,18,S925,AVG,POOR,BEST,AVG,POOR,BEST,AVG,BEST,Interpersonal,13.62,2.12,Good
19,Pharmacist,S926,12,6,15,12,5,19,13,17,S926,AVG,POOR,BEST,AVG,POOR,BEST,AVG,BEST,Interpersonal,12.38,2.12,Good
19,Pharmacist,S927,12,7,20,13,5,20,13,16,S927,AVG,POOR,BEST,AVG,POOR,BEST,AVG,BEST,Bodily,13.25,2.12,Good
19,Pharmacist,S928,11,8,19,13,5,19,13,15,S928,AVG,POOR,BEST,AVG,POOR,BEST,AVG,BEST,Bodily,12.88,2.12,Good
19,Pharmacist,S929,14,9,18,11,5,20,13,16,S929,AVG,POOR,BEST,AVG,POOR,BEST,AVG,BEST,Interpersonal,13.25,2.12,Good
19,Pharmacist,S930,13,10,17,11,5,19,13,17,S930,AVG,POOR,BEST,AVG,POOR,BEST,AVG,BEST,Interpersonal,13.12,2.12,Good
19,Pharmacist,S931,11,6,16,11,5,20,13,18,S931,AVG,POOR,BEST,AVG,POOR,BEST,AVG,BEST,Interpersonal,12.5,2.12,Good
19,Pharmacist,S932,12,7,15,12,5,19,13,19,S932,AVG,POOR,BEST,AVG,POOR,BEST,AVG,BEST,Interpersonal,12.75,2.12,Good
19,Pharmacist,S933,13,8,20,12,5,20,13,20,S933,AVG,POOR,BEST,AVG,POOR,BEST,AVG,BEST,Bodily,13.88,2.12,Good
19,Pharmacist,S934,14,9,19,13,5,19,13,20,S934,AVG,POOR,BEST,AVG,POOR,BEST,AVG,BEST,Naturalist,14.0,2.12,Good
19,Pharmacist,S935,12,10,18,13,5,20,13,19,S935,AVG,POOR,BEST,AVG,POOR,BEST,AVG,BEST,Interpersonal,13.75,2.12,Good
19,Pharmacist,S936,12,6,17,11,5,19,14,18,S936,AVG,POOR,BEST,AVG,POOR,BEST,AVG,BEST,Interpersonal,12.75,2.12,Good
19,Pharmacist,S937,11,7,16,11,5,20,14,17,S937,AVG,POOR,BEST,AVG,POOR,BEST,AVG,BEST,Interpersonal,12.62,2.12,Good
19,Pharmacist,S938,14,8,15,11,5,19,14,16,S938,AVG,POOR,BEST,AVG,POOR,BEST,AVG,BEST,Interpersonal,12.75,2.12,Good
19,Pharmacist,S939,13,9,20,12,5,20,14,15,S939,AVG,POOR,BEST,AVG,POOR,BEST,AVG,BEST,Bodily,13.5,2.12,Good
19,Pharmacist,S940,11,10,19,12,5,19,14,16,S940,AVG,POOR,BEST,AVG,POOR,BEST,AVG,BEST,Bodily,13.25,2.12,Good
19,Pharmacist,S941,12,6,18,13,5,20,14,17,S941,AVG,POOR,BEST,AVG,POOR,BEST,AVG,BEST,Interpersonal,13.12,2.12,Good
19,Pharmacist,S942,13,7,17,13,5,19,14,18,S942,AVG,POOR,BEST,AVG,POOR,BEST,AVG,BEST,Interpersonal,13.25,2.12,Good
19,Pharmacist,S943,14,8,16,11,6,20,14,19,S943,AVG,POOR,BEST,AVG,POOR,BEST,AVG,BEST,Interpersonal,13.5,2.12,Good
19,Pharmacist,S944,12,9,15,11,7,19,14,20,S944,AVG,POOR,BEST,AVG,POOR,BEST,AVG,BEST,Naturalist,13.38,2.12,Good
19,Pharmacist,S945,12,10,20,11,8,20,14,15,S945,AVG,POOR,BEST,AVG,POOR,BEST,AVG,BEST,Bodily,13.75,2.12,Good
19,Pharmacist,S946,11,6,19,12,9,19,14,16,S946,AVG,POOR,BEST,AVG,POOR,BEST,AVG,BEST,Bodily,13.25,2.12,Good
19,Pharmacist,S947,12,7,18,12,10,20,14,17,S947,AVG,POOR,BEST,AVG,POOR,BEST,AVG,BEST,Interpersonal,13.75,2.12,Good
19,Pharmacist,S948,13,8,17,13,5,19,14,18,S948,AVG,POOR,BEST,AVG,POOR,BEST,AVG,BEST,Interpersonal,13.38,2.12,Good
19,Pharmacist,S949,14,9,19,13,9,16,14,19,S949,AVG,POOR,BEST,AVG,POOR,BEST,AVG,BEST,Bodily,14.12,2.12,Good
19,Pharmacist,S950,12,10,15,14,9,17,14,16,S950,AVG,POOR,BEST,AVG,POOR,BEST,AVG,BEST,Interpersonal,13.38,2.12,Good
20,Physician,S951,12,6,18,20,5,20,11,11,S951,AVG,POOR,BEST,BEST,POOR,BEST,AVG,AVG,Logical_Mathematical,12.88,2.12,Good
20,Physician,S952,13,7,18,19,6,19,12,12,S952,AVG,POOR,BEST,BEST,POOR,BEST,AVG,AVG,Logical_Mathematical,13.25,2.12,Good
20,Physician,S953,14,8,18,18,7,20,13,13,S953,AVG,POOR,BEST,BEST,POOR,BEST,AVG,AVG,Interpersonal,13.88,2.12,Good
20,Physician,S954,11,9,18,17,8,19,14,14,S954,AVG,POOR,BEST,BEST,POOR,BEST,AVG,AVG,Interpersonal,13.75,2.12,Good
20,Physician,S955,12,10,18,16,9,20,12,11,S955,AVG,POOR,BEST,BEST,POOR,BEST,AVG,AVG,Interpersonal,13.5,2.12,Good
20,Physician,S956,13,5,18,15,5,19,11,12,S956,AVG,POOR,BEST,BEST,POOR,BEST,AVG,AVG,Interpersonal,12.25,2.12,Good
20,Physician,S957,14,7,18,20,6,20,12,13,S957,AVG,POOR,BEST,BEST,POOR,BEST,AVG,AVG,Logical_Mathematical,13.75,2.12,Good
20,Physician,S958,11,8,18,19,7,19,13,14,S958,AVG,POOR,BEST,BEST,POOR,BEST,AVG,AVG,Logical_Mathematical,13.62,2.12,Good
20,Physician,S959,12,9,18,18,8,20,14,11,S959,AVG,POOR,BEST,BEST,POOR,BEST,AVG,AVG,Interpersonal,13.75,2.12,Good
20,Physician,S960,13,10,18,17,9,19,11,12,S960,AVG,POOR,BEST,BEST,POOR,BEST,AVG,AVG,Interpersonal,13.62,2.12,Good
20,Physician,S961,14,5,18,16,5,20,12,13,S961,AVG,POOR,BEST,BEST,POOR,BEST,AVG,AVG,Interpersonal,12.88,2.12,Good
20,Physician,S962,11,5,18,15,6,19,13,14,S962,AVG,POOR,BEST,BEST,POOR,BEST,AVG,AVG,Interpersonal,12.62,2.12,Good
20,Physician,S963,12,5,18,20,7,20,14,11,S963,AVG,POOR,BEST,BEST,POOR,BEST,AVG,AVG,Logical_Mathematical,13.38,2.12,Good
20,Physician,S964,13,5,18,19,8,19,12,12,S964,AVG,POOR,BEST,BEST,POOR,BEST,AVG,AVG,Logical_Mathematical,13.25,2.12,Good
20,Physician,S965,14,5,18,18,9,20,11,13,S965,AVG,POOR,BEST,BEST,POOR,BEST,AVG,AVG,Interpersonal,13.5,2.12,Good
20,Physician,S966,11,6,18,17,5,19,12,14,S966,AVG,POOR,BEST,BEST,POOR,BEST,AVG,AVG,Interpersonal,12.75,2.12,Good
20,Physician,S967,12,7,18,16,6,20,13,11,S967,AVG,POOR,BEST,BEST,POOR,BEST,AVG,AVG,Interpersonal,12.88,2.12,Good
20,Physician,S968,13,8,18,15,7,19,14,12,S968,AVG,POOR,BEST,BEST,POOR,BEST,AVG,AVG,Interpersonal,13.25,2.12,Good
20,Physician,S969,14,9,18,20,8,20,11,13,S969,AVG,POOR,BEST,BEST,POOR,BEST,AVG,AVG,Logical_Mathematical,14.12,2.12,Good
20,Physician,S970,11,10,18,19,9,19,12,14,S970,AVG,POOR,BEST,BEST,POOR,BEST,AVG,AVG,Logical_Mathematical,14.0,2.12,Good
20,Physician,S971,12,5,18,18,5,20,13,11,S971,AVG,POOR,BEST,BEST,POOR,BEST,AVG,AVG,Interpersonal,12.75,2.12,Good
20,Physician,S972,13,5,17,17,6,19,14,12,S972,AVG,POOR,BEST,BEST,POOR,BEST,AVG,AVG,Interpersonal,12.88,2.12,Good
20,Physician,S973,14,5,17,16,7,20,12,13,S973,AVG,POOR,BEST,BEST,POOR,BEST,AVG,AVG,Interpersonal,13.0,2.12,Good
20,Physician,S974,11,5,17,15,8,19,11,14,S974,AVG,POOR,BEST,BEST,POOR,BEST,AVG,AVG,Interpersonal,12.5,2.12,Good
20,Physician,S975,12,5,17,20,9,20,12,11,S975,AVG,POOR,BEST,BEST,POOR,BEST,AVG,AVG,Logical_Mathematical,13.25,2.12,Good
20,Physician,S976,13,5,17,19,5,19,13,12,S976,AVG,POOR,BEST,BEST,POOR,BEST,AVG,AVG,Logical_Mathematical,12.88,2.12,Good
20,Physician,S977,14,6,17,18,6,20,14,13,S977,AVG,POOR,BEST,BEST,POOR,BEST,AVG,AVG,Interpersonal,13.5,2.12,Good
20,Physician,S978,11,7,17,17,7,19,11,14,S978,AVG,POOR,BEST,BEST,POOR,BEST,AVG,AVG,Interpersonal,12.88,2.12,Good
20,Physician,S979,12,8,17,16,8,20,12,11,S979,AVG,POOR,BEST,BEST,POOR,BEST,AVG,AVG,Interpersonal,13.0,2.12,Good
20,Physician,S980,13,9,17,15,9,19,13,12,S980,AVG,POOR,BEST,BEST,POOR,BEST,AVG,AVG,Interpersonal,13.38,2.12,Good
20,Physician,S981,14,10,17,20,5,20,14,13,S981,AVG,POOR,BEST,BEST,POOR,BEST,AVG,AVG,Logical_Mathematical,14.12,2.12,Good
20,Physician,S982,11,5,17,19,6,19,12,14,S982,AVG,POOR,BEST,BEST,POOR,BEST,AVG,AVG,Logical_Mathematical,12.88,2.12,Good
20,Physician,S983,12,5,17,18,7,20,11,11,S983,AVG,POOR,BEST,BEST,POOR,BEST,AVG,AVG,Interpersonal,12.62,2.12,Good
20,Physician,S984,13,5,17,17,8,19,12,12,S984,AVG,POOR,BEST,BEST,POOR,BEST,AVG,AVG,Interpersonal,12.88,2.12,Good
20,Physician,S985,14,5,17,16,9,20,13,13,S985,AVG,POOR,BEST,BEST,POOR,BEST,AVG,AVG,Interpersonal,13.38,2.12,Good
20,Physician,S986,11,5,17,15,5,19,14,14,S986,AVG,POOR,BEST,BEST,POOR,BEST,AVG,AVG,Interpersonal,12.5,2.12,Good
20,Physician,S987,12,5,17,20,6,20,11,11,S987,AVG,POOR,BEST,BEST,POOR,BEST,AVG,AVG,Logical_Mathematical,12.75,2.12,Good
20,Physician,S988,13,5,17,19,7,19,12,12,S988,AVG,POOR,BEST,BEST,POOR,BEST,AVG,AVG,Logical_Mathematical,13.0,2.12,Good
20,Physician,S989,14,5,16,18,8,20,13,13,S989,AVG,POOR,BEST,BEST,POOR,BEST,AVG,AVG,Interpersonal,13.38,2.12,Good
20,Physician,S990,11,5,16,17,9,19,14,14,S990,AVG,POOR,BEST,BEST,POOR,BEST,AVG,AVG,Interpersonal,13.12,2.12,Good
20,Physician,S991,12,5,16,16,5,20,12,11,S991,AVG,POOR,BEST,BEST,POOR,BEST,AVG,AVG,Interpersonal,12.12,2.12,Good
20,Physician,S992,13,5,16,15,6,19,11,12,S992,AVG,POOR,BEST,BEST,POOR,BEST,AVG,AVG,Interpersonal,12.12,2.12,Good
20,Physician,S993,14,5,16,20,7,20,12,13,S993,AVG,POOR,BEST,BEST,POOR,BEST,AVG,AVG,Logical_Mathematical,13.38,2.12,Good
20,Physician,S994,11,6,16,19,8,19,13,14,S994,AVG,POOR,BEST,BEST,POOR,BEST,AVG,AVG,Logical_Mathematical,13.25,2.12,Good
20,Physician,S995,12,7,16,18,9,20,14,11,S995,AVG,POOR,BEST,BEST,POOR,BEST,AVG,AVG,Interpersonal,13.38,2.12,Good
20,Physician,S996,13,8,16,17,5,19,12,12,S996,AVG,POOR,BEST,BEST,POOR,BEST,AVG,AVG,Interpersonal,12.75,2.12,Good
20,Physician,S997,14,9,16,16,6,20,11,13,S997,AVG,POOR,BEST,BEST,POOR,BEST,AVG,AVG,Interpersonal,13.12,2.12,Good
20,Physician,S998,11,10,16,15,7,19,12,14,S998,AVG,POOR,BEST,BEST,POOR,BEST,AVG,AVG,Interpersonal,13.0,2.12,Good
20,Physician,S999,13,5,16,17,8,16,13,12,S999,AVG,POOR,BEST,BEST,POOR,BEST,AVG,AVG,Logical_Mathematical,12.5,2.12,Good
20,Physician,S1000,14,5,16,18,9,17,14,13,S1000,AVG,POOR,BEST,BEST,POOR,BEST,AVG,AVG,Logical_Mathematical,13.25,2.12,Good
21,Physicist,S1001,12,18,11,19,5,11,19,7,S1001,AVG,BEST,AVG,BEST,POOR,AVG,BEST,POOR,Logical_Mathematical,12.75,2.12,Good
21,Physicist,S1002,13,19,11,19,6,11,18,6,S1002,AVG,BEST,AVG,BEST,POOR,AVG,BEST,POOR,Musical,12.88,2.12,Good
21,Physicist,S1003,11,18,11,18,7,11,17,7,S1003,AVG,BEST,AVG,BEST,POOR,AVG,BEST,POOR,Musical,12.5,2.12,Good
21,Physicist,S1004,14,17,11,17,8,11,16,8,S1004,AVG,BEST,AVG,BEST,POOR,AVG,BEST,POOR,Musical,12.75,2.12,Good
21,Physicist,S1005,11,16,11,16,9,11,15,9,S1005,AVG,BEST,AVG,BEST,POOR,AVG,BEST,POOR,Musical,12.25,2.12,Good
21,Physicist,S1006,13,19,11,19,5,11,19,10,S1006,AVG,BEST,AVG,BEST,POOR,AVG,BEST,POOR,Musical,13.38,2.12,Good
21,Physicist,S1007,14,18,11,18,6,11,18,5,S1007,AVG,BEST,AVG,BEST,POOR,AVG,BEST,POOR,Musical,12.62,2.12,Good
21,Physicist,S1008,13,17,11,17,7,11,17,7,S1008,AVG,BEST,AVG,BEST,POOR,AVG,BEST,POOR,Musical,12.5,2.12,Good
21,Physicist,S1009,12,16,11,16,8,11,16,6,S1009,AVG,BEST,AVG,BEST,POOR,AVG,BEST,POOR,Musical,12.0,2.12,Good
21,Physicist,S1010,13,19,11,19,9,11,15,7,S1010,AVG,BEST,AVG,BEST,POOR,AVG,BEST,POOR,Musical,13.0,2.12,Good
21,Physicist,S1011,11,18,11,18,5,12,19,8,S1011,AVG,BEST,AVG,BEST,POOR,AVG,BEST,POOR,Intrapersonal,12.75,2.12,Good
21,Physicist,S1012,14,17,11,17,6,13,18,9,S1012,AVG,BEST,AVG,BEST,POOR,AVG,BEST,POOR,Intrapersonal,13.12,2.12,Good
21,Physicist,S1013,11,16,11,16,7,11,17,10,S1013,AVG,BEST,AVG,BEST,POOR,AVG,BEST,POOR,Intrapersonal,12.38,2.12,Good
21,Physicist,S1014,13,19,11,19,8,14,16,5,S1014,AVG,BEST,AVG,BEST,POOR,AVG,BEST,POOR,Musical,13.12,2.12,Good
21,Physicist,S1015,14,18,11,19,9,11,15,7,S1015,AVG,BEST,AVG,BEST,POOR,AVG,BEST,POOR,Logical_Mathematical,13.0,2.12,Good
21,Physicist,S1016,13,17,11,18,5,13,19,7,S1016,AVG,BEST,AVG,BEST,POOR,AVG,BEST,POOR,Intrapersonal,12.88,2.12,Good
21,Physicist,S1017,12,16,11,17,6,14,18,7,S1017,AVG,BEST,AVG,BEST,POOR,AVG,BEST,POOR,Intrapersonal,12.62,2.12,Good
21,Physicist,S1018,13,19,11,16,7,13,17,7,S1018,AVG,BEST,AVG,BEST,POOR,AVG,BEST,POOR,Musical,12.88,2.12,Good
21,Physicist,S1019,11,18,11,19,8,12,16,8,S1019,AVG,BEST,AVG,BEST,POOR,AVG,BEST,POOR,Logical_Mathematical,12.88,2.12,Good
21,Physicist,S1020,14,17,11,18,9,13,15,6,S1020,AVG,BEST,AVG,BEST,POOR,AVG,BEST,POOR,Logical_Mathematical,12.88,2.12,Good
21,Physicist,S1021,11,16,11,17,5,12,19,7,S1021,AVG,BEST,AVG,BEST,POOR,AVG,BEST,POOR,Intrapersonal,12.25,2.12,Good
21,Physicist,S1022,13,19,11,16,6,12,18,8,S1022,AVG,BEST,AVG,BEST,POOR,AVG,BEST,POOR,Musical,12.88,2.12,Good
21,Physicist,S1023,14,18,14,19,7,12,17,9,S1023,AVG,BEST,AVG,BEST,POOR,AVG,BEST,POOR,Logical_Mathematical,13.75,2.12,Good
21,Physicist,S1024,13,17,14,19,8,12,16,10,S1024,AVG,BEST,AVG,BEST,POOR,AVG,BEST,POOR,Logical_Mathematical,13.62,2.12,Good
21,Physicist,S1025,12,16,14,18,9,12,15,5,S1025,AVG,BEST,AVG,BEST,POOR,AVG,BEST,POOR,Logical_Mathematical,12.62,2.12,Good
21,Physicist,S1026,13,19,14,17,5,12,19,8,S1026,AVG,BEST,AVG,BEST,POOR,AVG,BEST,POOR,Musical,13.38,2.12,Good
21,Physicist,S1027,11,18,14,16,6,12,18,8,S1027,AVG,BEST,AVG,BEST,POOR,AVG,BEST,POOR,Musical,12.88,2.12,Good
21,Physicist,S1028,14,17,14,20,7,12,17,8,S1028,AVG,BEST,AVG,BEST,POOR,AVG,BEST,POOR,Logical_Mathematical,13.62,2.12,Good
21,Physicist,S1029,11,16,14,19,8,12,16,8,S1029,AVG,BEST,AVG,BEST,POOR,AVG,BEST,POOR,Logical_Mathematical,13.0,2.12,Good
21,Physicist,S1030,13,19,14,18,9,12,15,8,S1030,AVG,BEST,AVG,BEST,POOR,AVG,BEST,POOR,Musical,13.5,2.12,Good
21,Physicist,S1031,14,18,14,17,5,12,19,6,S1031,AVG,BEST,AVG,BEST,POOR,AVG,BEST,POOR,Intrapersonal,13.12,2.12,Good
21,Physicist,S1032,13,17,14,16,6,12,18,7,S1032,AVG,BEST,AVG,BEST,POOR,AVG,BEST,POOR,Intrapersonal,12.88,2.12,Good
21,Physicist,S1033,12,16,14,20,7,12,17,8,S1033,AVG,BEST,AVG,BEST,POOR,AVG,BEST,POOR,Logical_Mathematical,13.25,2.12,Good
21,Physicist,S1034,13,19,14,19,8,12,16,9,S1034,AVG,BEST,AVG,BEST,POOR,AVG,BEST,POOR,Musical,13.75,2.12,Good
21,Physicist,S1035,11,18,14,18,9,12,15,10,S1035,AVG,BEST,AVG,BEST,POOR,AVG,BEST,POOR,Musical,13.38,2.12,Good
21,Physicist,S1036,14,17,14,17,5,13,19,5,S1036,AVG,BEST,AVG,BEST,POOR,AVG,BEST,POOR,Intrapersonal,13.0,2.12,Good
21,Physicist,S1037,11,16,14,16,6,13,18,9,S1037,AVG,BEST,AVG,BEST,POOR,AVG,BEST,POOR,Intrapersonal,12.88,2.12,Good
21,Physicist,S1038,13,19,14,20,7,13,17,9,S1038,AVG,BEST,AVG,BEST,POOR,AVG,BEST,POOR,Logical_Mathematical,14.0,2.12,Good
21,Physicist,S1039,14,18,14,19,8,13,16,9,S1039,AVG,BEST,AVG,BEST,POOR,AVG,BEST,POOR,Logical_Mathematical,13.88,2.12,Good
21,Physicist,S1040,13,17,14,18,9,13,15,9,S1040,AVG,BEST,AVG,BEST,POOR,AVG,BEST,POOR,Logical_Mathematical,13.5,2.12,Good
21,Physicist,S1041,12,16,13,17,5,13,19,9,S1041,AVG,BEST,AVG,BEST,POOR,AVG,BEST,POOR,Intrapersonal,13.0,2.12,Good
21,Physicist,S1042,13,19,13,16,6,13,18,9,S1042,AVG,BEST,AVG,BEST,POOR,AVG,BEST,POOR,Musical,13.38,2.12,Good
21,Physicist,S1043,11,18,13,18,7,13,17,6,S1043,AVG,BEST,AVG,BEST,POOR,AVG,BEST,POOR,Musical,12.88,2.12,Good
21,Physicist,S1044,14,17,13,19,8,13,16,7,S1044,AVG,BEST,AVG,BEST,POOR,AVG,BEST,POOR,Logical_Mathematical,13.38,2.12,Good
21,Physicist,S1045,11,16,13,18,9,14,15,8,S1045,AVG,BEST,AVG,BEST,POOR,AVG,BEST,POOR,Logical_Mathematical,13.0,2.12,Good
21,Physicist,S1046,13,19,13,17,5,14,19,9,S1046,AVG,BEST,AVG,BEST,POOR,AVG,BEST,POOR,Musical,13.62,2.12,Good
21,Physicist,S1047,14,18,13,19,6,14,18,10,S1047,AVG,BEST,AVG,BEST,POOR,AVG,BEST,POOR,Logical_Mathematical,14.0,2.12,Good
21,Physicist,S1048,13,17,13,18,7,14,17,5,S1048,AVG,BEST,AVG,BEST,POOR,AVG,BEST,POOR,Logical_Mathematical,13.0,2.12,Good
21,Physicist,S1049,12,16,13,17,8,14,16,10,S1049,AVG,BEST,AVG,BEST,POOR,AVG,BEST,POOR,Logical_Mathematical,13.25,2.12,Good
21,Physicist,S1050,13,18,13,16,9,14,15,10,S1050,AVG,BEST,AVG,BEST,POOR,AVG,BEST,POOR,Musical,13.5,2.12,Good
22,Mathematician,S1051,12,5,8,17,18,13,6,7,S1051,AVG,POOR,POOR,BEST,BEST,AVG,POOR,POOR,Spatial_Visualization,10.75,1.75,Average
22,Mathematician,S1052,13,5,9,17,18,12,7,6,S1052,AVG,POOR,POOR,BEST,BEST,AVG,POOR,POOR,Spatial_Visualization,10.88,1.75,Average
22,Mathematician,S1053,11,5,10,17,18,13,5,7,S1053,AVG,POOR,POOR,BEST,BEST,AVG,POOR,POOR,Spatial_Visualization,10.75,1.75,Average
22,Mathematician,S1054,14,6,5,17,18,11,8,8,S1054,AVG,POOR,POOR,BEST,BEST,AVG,POOR,POOR,Spatial_Visualization,10.88,1.75,Average
22,Mathematician,S1055,14,8,8,17,18,12,9,9,S1055,AVG,POOR,POOR,BEST,BEST,AVG,POOR,POOR,Spatial_Visualization,11.88,1.75,Average
22,Mathematician,S1056,12,9,8,17,18,13,6,10,S1056,AVG,POOR,POOR,BEST,BEST,AVG,POOR,POOR,Spatial_Visualization,11.62,1.75,Average
22,Mathematician,S1057,13,10,7,17,18,11,7,5,S1057,AVG,POOR,POOR,BEST,BEST,AVG,POOR,POOR,Spatial_Visualization,11.0,1.75,Average
22,Mathematician,S1058,11,5,7,17,18,12,5,7,S1058,AVG,POOR,POOR,BEST,BEST,AVG,POOR,POOR,Spatial_Visualization,10.25,1.75,Average
22,Mathematician,S1059,14,5,7,17,18,13,8,7,S1059,AVG,POOR,POOR,BEST,BEST,AVG,POOR,POOR,Spatial_Visualization,11.12,1.75,Average
22,Mathematician,S1060,12,6,8,17,18,11,9,7,S1060,AVG,POOR,POOR,BEST,BEST,AVG,POOR,POOR,Spatial_Visualization,11.0,1.75,Average
22,Mathematician,S1061,12,8,8,17,18,14,6,7,S1061,AVG,POOR,POOR,BEST,BEST,AVG,POOR,POOR,Spatial_Visualization,11.25,1.75,Average
22,Mathematician,S1062,13,9,8,17,18,13,7,7,S1062,AVG,POOR,POOR,BEST,BEST,AVG,POOR,POOR,Spatial_Visualization,11.5,1.75,Average
22,Mathematician,S1063,11,10,6,17,18,13,5,8,S1063,AVG,POOR,POOR,BEST,BEST,AVG,POOR,POOR,Spatial_Visualization,11.0,1.75,Average
22,Mathematician,S1064,14,5,7,17,18,13,8,8,S1064,AVG,POOR,POOR,BEST,BEST,AVG,POOR,POOR,Spatial_Visualization,11.25,1.75,Average
22,Mathematician,S1065,12,5,7,17,18,12,9,6,S1065,AVG,POOR,POOR,BEST,BEST,AVG,POOR,POOR,Spatial_Visualization,10.75,1.75,Average
22,Mathematician,S1066,12,6,7,17,18,13,6,7,S1066,AVG,POOR,POOR,BEST,BEST,AVG,POOR,POOR,Spatial_Visualization,10.75,1.75,Average
22,Mathematician,S1067,12,6,8,17,18,11,7,8,S1067,AVG,POOR,POOR,BEST,BEST,AVG,POOR,POOR,Spatial_Visualization,10.88,1.75,Average
22,Mathematician,S1068,12,6,8,18,18,14,5,9,S1068,AVG,POOR,POOR,BEST,BEST,AVG,POOR,POOR,Logical_Mathematical,11.25,1.75,Average
22,Mathematician,S1069,13,5,8,18,18,11,8,10,S1069,AVG,POOR,POOR,BEST,BEST,AVG,POOR,POOR,Logical_Mathematical,11.38,1.75,Average
22,Mathematician,S1070,11,5,9,18,18,11,9,5,S1070,AVG,POOR,POOR,BEST,BEST,AVG,POOR,POOR,Logical_Mathematical,10.75,1.75,Average
22,Mathematician,S1071,14,5,10,18,18,12,6,8,S1071,AVG,POOR,POOR,BEST,BEST,AVG,POOR,POOR,Logical_Mathematical,11.38,1.75,Average
22,Mathematician,S1072,13,8,5,18,18,13,7,8,S1072,AVG,POOR,POOR,BEST,BEST,AVG,POOR,POOR,Logical_Mathematical,11.25,1.75,Average
22,Mathematician,S1073,13,9,8,18,18,11,5,8,S1073,AVG,POOR,POOR,BEST,BEST,AVG,POOR,POOR,Logical_Mathematical,11.25,1.75,Average
22,Mathematician,S1074,13,10,8,18,18,14,8,6,S1074,AVG,POOR,POOR,BEST,BEST,AVG,POOR,POOR,Logical_Mathematical,11.88,1.75,Average
22,Mathematician,S1075,12,5,8,18,19,11,9,7,S1075,AVG,POOR,POOR,BEST,BEST,AVG,POOR,POOR,Spatial_Visualization,11.12,1.75,Average
22,Mathematician,S1076,13,7,9,18,19,11,6,8,S1076,AVG,POOR,POOR,BEST,BEST,AVG,POOR,POOR,Spatial_Visualization,11.38,1.75,Average
22,Mathematician,S1077,11,8,10,18,19,11,7,9,S1077,AVG,POOR,POOR,BEST,BEST,AVG,POOR,POOR,Spatial_Visualization,11.62,1.75,Average
22,Mathematician,S1078,14,9,5,18,19,11,5,10,S1078,AVG,POOR,POOR,BEST,BEST,AVG,POOR,POOR,Spatial_Visualization,11.38,1.75,Average
22,Mathematician,S1079,13,10,8,18,19,12,8,5,S1079,AVG,POOR,POOR,BEST,BEST,AVG,POOR,POOR,Spatial_Visualization,11.62,1.75,Average
22,Mathematician,S1080,13,5,8,16,19,13,9,9,S1080,AVG,POOR,POOR,BEST,BEST,AVG,POOR,POOR,Spatial_Visualization,11.5,1.75,Average
22,Mathematician,S1081,13,5,8,16,19,11,6,6,S1081,AVG,POOR,POOR,BEST,BEST,AVG,POOR,POOR,Spatial_Visualization,10.5,1.75,Average
22,Mathematician,S1082,13,5,7,16,19,14,7,7,S1082,AVG,POOR,POOR,BEST,BEST,AVG,POOR,POOR,Spatial_Visualization,11.0,1.75,Average
22,Mathematician,S1083,12,6,7,16,19,13,5,8,S1083,AVG,POOR,POOR,BEST,BEST,AVG,POOR,POOR,Spatial_Visualization,10.75,1.75,Average
22,Mathematician,S1084,13,7,7,16,19,13,8,9,S1084,AVG,POOR,POOR,BEST,BEST,AVG,POOR,POOR,Spatial_Visualization,11.5,1.75,Average
22,Mathematician,S1085,11,8,8,16,19,13,9,10,S1085,AVG,POOR,POOR,BEST,BEST,AVG,POOR,POOR,Spatial_Visualization,11.75,1.75,Average
22,Mathematician,S1086,14,9,8,16,19,13,6,5,S1086,AVG,POOR,POOR,BEST,BEST,AVG,POOR,POOR,Spatial_Visualization,11.25,1.75,Average
22,Mathematician,S1087,13,10,8,16,19,12,7,7,S1087,AVG,POOR,POOR,BEST,BEST,AVG,POOR,POOR,Spatial_Visualization,11.5,1.75,Average
22,Mathematician,S1088,14,5,7,16,19,13,5,8,S1088,AVG,POOR,POOR,BEST,BEST,AVG,POOR,POOR,Spatial_Visualization,10.88,1.75,Average
22,Mathematician,S1089,14,5,7,16,19,11,8,9,S1089,AVG,POOR,POOR,BEST,BEST,AVG,POOR,POOR,Spatial_Visualization,11.12,1.75,Average
22,Mathematician,S1090,14,6,7,16,19,14,9,10,S1090,AVG,POOR,POOR,BEST,BEST,AVG,POOR,POOR,Spatial_Visualization,11.88,1.75,Average
22,Mathematician,S1091,12,7,8,16,20,13,6,5,S1091,AVG,POOR,POOR,BEST,BEST,AVG,POOR,POOR,Spatial_Visualization,10.88,1.75,Average
22,Mathematician,S1092,13,8,8,16,20,13,7,9,S1092,AVG,POOR,POOR,BEST,BEST,AVG,POOR,POOR,Spatial_Visualization,11.75,1.75,Average
22,Mathematician,S1093,11,9,8,15,20,13,5,10,S1093,AVG,POOR,POOR,BEST,BEST,AVG,POOR,POOR,Spatial_Visualization,11.38,1.75,Average
22,Mathematician,S1094,14,10,9,15,20,13,8,10,S1094,AVG,POOR,POOR,BEST,BEST,AVG,POOR,POOR,Spatial_Visualization,12.38,1.75,Average
22,Mathematician,S1095,14,5,10,15,20,12,9,6,S1095,AVG,POOR,POOR,BEST,BEST,AVG,POOR,POOR,Spatial_Visualization,11.38,1.75,Average
22,Mathematician,S1096,14,8,5,15,20,13,6,7,S1096,AVG,POOR,POOR,BEST,BEST,AVG,POOR,POOR,Spatial_Visualization,11.0,1.75,Average
22,Mathematician,S1097,12,9,8,15,20,12,7,8,S1097,AVG,POOR,POOR,BEST,BEST,AVG,POOR,POOR,Spatial_Visualization,11.38,1.75,Average
22,Mathematician,S1098,13,10,9,15,20,13,5,9,S1098,AVG,POOR,POOR,BEST,BEST,AVG,POOR,POOR,Spatial_Visualization,11.75,1.75,Average
22,Mathematician,S1099,11,5,10,15,20,11,8,10,S1099,AVG,POOR,POOR,BEST,BEST,AVG,POOR,POOR,Spatial_Visualization,11.25,1.75,Average
22,Mathematician,S1100,14,5,5,15,20,14,9,5,S1100,AVG,POOR,POOR,BEST,BEST,AVG,POOR,POOR,Spatial_Visualization,10.88,1.75,Average
23,Leader,S1101,11,9,11,16,5,20,18,7,S1101,AVG,POOR,AVG,BEST,POOR,BEST,BEST,POOR,Interpersonal,12.12,2.0,Good
23,Leader,S1102,12,9,12,16,6,19,18,7,S1102,AVG,POOR,AVG,BEST,POOR,BEST,BEST,POOR,Interpersonal,12.38,2.0,Good
23,Leader,S1103,12,6,13,16,7,18,18,6,S1103,AVG,POOR,AVG,BEST,POOR,BEST,BEST,POOR,Interpersonal,12.0,2.0,Good
23,Leader,S1104,11,6,14,16,7,17,18,7,S1104,AVG,POOR,AVG,BEST,POOR,BEST,BEST,POOR,Intrapersonal,12.0,2.0,Good
23,Leader,S1105,14,6,14,15,8,16,18,8,S1105,AVG,POOR,AVG,BEST,POOR,BEST,BEST,POOR,Intrapersonal,12.38,2.0,Good
23,Leader,S1106,13,6,13,15,8,15,18,9,S1106,AVG,POOR,AVG,BEST,POOR,BEST,BEST,POOR,Intrapersonal,12.12,2.0,Good
23,Leader,S1107,11,6,12,15,5,19,18,10,S1107,AVG,POOR,AVG,BEST,POOR,BEST,BEST,POOR,Interpersonal,12.0,2.0,Good
23,Leader,S1108,12,6,11,15,6,18,18,5,S1108,AVG,POOR,AVG,BEST,POOR,BEST,BEST,POOR,Interpersonal,11.38,2.0,Good
23,Leader,S1109,12,6,11,15,7,17,18,7,S1109,AVG,POOR,AVG,BEST,POOR,BEST,BEST,POOR,Intrapersonal,11.62,2.0,Good
23,Leader,S1110,11,6,12,17,7,16,18,7,S1110,AVG,POOR,AVG,BEST,POOR,BEST,BEST,POOR,Intrapersonal,11.75,2.0,Good
23,Leader,S1111,14,6,13,17,8,15,18,7,S1111,AVG,POOR,AVG,BEST,POOR,BEST,BEST,POOR,Intrapersonal,12.25,2.0,Good
23,Leader,S1112,13,6,14,17,8,19,18,7,S1112,AVG,POOR,AVG,BEST,POOR,BEST,BEST,POOR,Interpersonal,12.75,2.0,Good
23,Leader,S1113,11,6,14,17,5,18,19,8,S1113,AVG,POOR,AVG,BEST,POOR,BEST,BEST,POOR,Intrapersonal,12.25,2.0,Good
23,Leader,S1114,12,6,13,17,6,17,19,8,S1114,AVG,POOR,AVG,BEST,POOR,BEST,BEST,POOR,Intrapersonal,12.25,2.0,Good
23,Leader,S1115,12,6,12,17,7,16,19,8,S1115,AVG,POOR,AVG,BEST,POOR,BEST,BEST,POOR,Intrapersonal,12.12,2.0,Good
23,Leader,S1116,11,6,11,20,7,15,19,6,S1116,AVG,POOR,AVG,BEST,POOR,BEST,BEST,POOR,Logical_Mathematical,11.88,2.0,Good
23,Leader,S1117,14,6,11,20,8,19,19,7,S1117,AVG,POOR,AVG,BEST,POOR,BEST,BEST,POOR,Logical_Mathematical,13.0,2.0,Good
23,Leader,S1118,13,6,12,20,8,18,19,8,S1118,AVG,POOR,AVG,BEST,POOR,BEST,BEST,POOR,Logical_Mathematical,13.0,2.0,Good
23,Leader,S1119,11,6,13,20,5,17,19,9,S1119,AVG,POOR,AVG,BEST,POOR,BEST,BEST,POOR,Logical_Mathematical,12.5,2.0,Good
23,Leader,S1120,12,6,14,20,6,16,19,10,S1120,AVG,POOR,AVG,BEST,POOR,BEST,BEST,POOR,Logical_Mathematical,12.88,2.0,Good
23,Leader,S1121,12,6,14,17,7,15,19,5,S1121,AVG,POOR,AVG,BEST,POOR,BEST,BEST,POOR,Intrapersonal,11.88,2.0,Good
23,Leader,S1122,11,6,13,17,7,19,19,8,S1122,AVG,POOR,AVG,BEST,POOR,BEST,BEST,POOR,Interpersonal,12.5,2.0,Good
23,Leader,S1123,14,6,12,17,8,18,19,8,S1123,AVG,POOR,AVG,BEST,POOR,BEST,BEST,POOR,Intrapersonal,12.75,2.0,Good
23,Leader,S1124,13,6,11,17,8,17,19,8,S1124,AVG,POOR,AVG,BEST,POOR,BEST,BEST,POOR,Intrapersonal,12.38,2.0,Good
23,Leader,S1125,11,8,11,17,5,16,19,8,S1125,AVG,POOR,AVG,BEST,POOR,BEST,BEST,POOR,Intrapersonal,11.88,2.0,Good
23,Leader,S1126,12,9,12,17,6,15,19,8,S1126,AVG,POOR,AVG,BEST,POOR,BEST,BEST,POOR,Intrapersonal,12.25,2.0,Good
23,Leader,S1127,12,10,13,17,7,19,19,8,S1127,AVG,POOR,AVG,BEST,POOR,BEST,BEST,POOR,Interpersonal,13.12,2.0,Good
23,Leader,S1128,11,5,14,17,7,18,19,6,S1128,AVG,POOR,AVG,BEST,POOR,BEST,BEST,POOR,Intrapersonal,12.12,2.0,Good
23,Leader,S1129,14,8,14,18,8,17,17,7,S1129,AVG,POOR,AVG,BEST,POOR,BEST,BEST,POOR,Logical_Mathematical,12.88,2.0,Good
23,Leader,S1130,13,9,13,18,8,16,17,8,S1130,AVG,POOR,AVG,BEST,POOR,BEST,BEST,POOR,Logical_Mathematical,12.75,2.0,Good
23,Leader,S1131,11,10,12,18,5,15,17,9,S1131,AVG,POOR,AVG,BEST,POOR,BEST,BEST,POOR,Logical_Mathematical,12.12,2.0,Good
23,Leader,S1132,12,5,11,18,6,19,17,10,S1132,AVG,POOR,AVG,BEST,POOR,BEST,BEST,POOR,Interpersonal,12.25,2.0,Good
23,Leader,S1133,12,8,11,18,7,18,17,5,S1133,AVG,POOR,AVG,BEST,POOR,BEST,BEST,POOR,Logical_Mathematical,12.0,2.0,Good
23,Leader,S1134,11,9,12,18,7,17,17,9,S1134,AVG,POOR,AVG,BEST,POOR,BEST,BEST,POOR,Logical_Mathematical,12.5,2.0,Good
23,Leader,S1135,14,10,13,15,8,16,17,9,S1135,AVG,POOR,AVG,BEST,POOR,BEST,BEST,POOR,Intrapersonal,12.75,2.0,Good
23,Leader,S1136,13,5,14,15,5,15,17,9,S1136,AVG,POOR,AVG,BEST,POOR,BEST,BEST,POOR,Intrapersonal,11.62,2.0,Good
23,Leader,S1137,11,5,14,15,6,19,17,9,S1137,AVG,POOR,AVG,BEST,POOR,BEST,BEST,POOR,Interpersonal,12.0,2.0,Good
23,Leader,S1138,12,8,13,15,7,18,17,9,S1138,AVG,POOR,AVG,BEST,POOR,BEST,BEST,POOR,Interpersonal,12.38,2.0,Good
23,Leader,S1139,12,9,12,15,7,17,17,9,S1139,AVG,POOR,AVG,BEST,POOR,BEST,BEST,POOR,Interpersonal,12.25,2.0,Good
23,Leader,S1140,11,10,11,15,8,16,17,9,S1140,AVG,POOR,AVG,BEST,POOR,BEST,BEST,POOR,Intrapersonal,12.12,2.0,Good
23,Leader,S1141,14,5,11,15,8,15,17,6,S1141,AVG,POOR,AVG,BEST,POOR,BEST,BEST,POOR,Intrapersonal,11.38,2.0,Good
23,Leader,S1142,13,5,12,19,5,19,17,7,S1142,AVG,POOR,AVG,BEST,POOR,BEST,BEST,POOR,Logical_Mathematical,12.12,2.0,Good
23,Leader,S1143,11,5,13,19,6,18,17,8,S1143,AVG,POOR,AVG,BEST,POOR,BEST,BEST,POOR,Logical_Mathematical,12.12,2.0,Good
23,Leader,S1144,12,6,14,19,7,17,17,9,S1144,AVG,POOR,AVG,BEST,POOR,BEST,BEST,POOR,Logical_Mathematical,12.62,2.0,Good
23,Leader,S1145,12,7,14,19,7,16,17,10,S1145,AVG,POOR,AVG,BEST,POOR,BEST,BEST,POOR,Logical_Mathematical,12.75,2.0,Good
23,Leader,S1146,11,8,13,19,8,15,16,5,S1146,AVG,POOR,AVG,BEST,POOR,BEST,BEST,POOR,Logical_Mathematical,11.88,2.0,Good
23,Leader,S1147,14,9,12,19,8,19,16,10,S1147,AVG,POOR,AVG,BEST,POOR,BEST,BEST,POOR,Logical_Mathematical,13.38,2.0,Good
23,Leader,S1148,13,10,11,19,9,18,16,10,S1148,AVG,POOR,AVG,BEST,POOR,BEST,BEST,POOR,Logical_Mathematical,13.25,2.0,Good
23,Leader,S1149,12,5,13,19,9,17,16,10,S1149,AVG,POOR,AVG,BEST,POOR,BEST,BEST,POOR,Logical_Mathematical,12.62,2.0,Good
23,Leader,S1150,13,8,12,19,9,16,16,10,S1150,AVG,POOR,AVG,BEST,POOR,BEST,BEST,POOR,Logical_Mathematical,12.88,2.0,Good
24,Manager,S1151,11,6,12,15,18,17,18,5,S1151,AVG,POOR,AVG,BEST,BEST,BEST,BEST,POOR,Spatial_Visualization,12.75,2.25,Good
24,Manager,S1152,12,7,12,16,18,18,17,6,S1152,AVG,POOR,AVG,BEST,BEST,BEST,BEST,POOR,Spatial_Visualization,13.25,2.25,Good
24,Manager,S1153,12,8,13,17,18,17,16,7,S1153,AVG,POOR,AVG,BEST,BEST,BEST,BEST,POOR,Spatial_Visualization,13.5,2.25,Good
24,Manager,S1154,11,9,13,18,18,16,15,8,S1154,AVG,POOR,AVG,BEST,BEST,BEST,BEST,POOR,Logical_Mathematical,13.5,2.25,Good
24,Manager,S1155,14,10,13,19,18,15,18,8,S1155,AVG,POOR,AVG,BEST,BEST,BEST,BEST,POOR,Logical_Mathematical,14.38,2.25,Good
24,Manager,S1156,13,5,14,20,18,15,17,9,S1156,AVG,POOR,AVG,BEST,BEST,BEST,BEST,POOR,Logical_Mathematical,13.88,2.25,Good
24,Manager,S1157,11,7,14,20,18,18,16,7,S1157,AVG,POOR,AVG,BEST,BEST,BEST,BEST,POOR,Logical_Mathematical,13.88,2.25,Good
24,Manager,S1158,12,7,14,19,18,17,15,5,S1158,AVG,POOR,AVG,BEST,BEST,BEST,BEST,POOR,Logical_Mathematical,13.38,2.25,Good
24,Manager,S1159,12,6,12,18,18,16,18,5,S1159,AVG,POOR,AVG,BEST,BEST,BEST,BEST,POOR,Logical_Mathematical,13.12,2.25,Good
24,Manager,S1160,11,7,12,17,18,15,17,6,S1160,AVG,POOR,AVG,BEST,BEST,BEST,BEST,POOR,Spatial_Visualization,12.88,2.25,Good
24,Manager,S1161,14,8,13,16,18,15,16,7,S1161,AVG,POOR,AVG,BEST,BEST,BEST,BEST,POOR,Spatial_Visualization,13.38,2.25,Good
24,Manager,S1162,13,9,13,15,18,18,15,8,S1162,AVG,POOR,AVG,BEST,BEST,BEST,BEST,POOR,Spatial_Visualization,13.62,2.25,Good
24,Manager,S1163,11,10,13,15,17,17,18,8,S1163,AVG,POOR,AVG,BEST,BEST,BEST,BEST,POOR,Intrapersonal,13.62,2.25,Good
24,Manager,S1164,12,5,14,16,16,16,17,9,S1164,AVG,POOR,AVG,BEST,BEST,BEST,BEST,POOR,Intrapersonal,13.12,2.25,Good
24,Manager,S1165,12,7,14,17,15,15,16,7,S1165,AVG,POOR,AVG,BEST,BEST,BEST,BEST,POOR,Logical_Mathematical,12.88,2.25,Good
24,Manager,S1166,11,7,14,18,15,15,15,5,S1166,AVG,POOR,AVG,BEST,BEST,BEST,BEST,POOR,Logical_Mathematical,12.5,2.25,Good
24,Manager,S1167,14,7,12,19,18,18,18,5,S1167,AVG,POOR,AVG,BEST,BEST,BEST,BEST,POOR,Logical_Mathematical,13.88,2.25,Good
24,Manager,S1168,13,6,12,20,17,17,17,6,S1168,AVG,POOR,AVG,BEST,BEST,BEST,BEST,POOR,Logical_Mathematical,13.5,2.25,Good
24,Manager,S1169,11,7,13,20,16,16,16,7,S1169,AVG,POOR,AVG,BEST,BEST,BEST,BEST,POOR,Logical_Mathematical,13.25,2.25,Good
24,Manager,S1170,12,6,13,19,15,15,15,8,S1170,AVG,POOR,AVG,BEST,BEST,BEST,BEST,POOR,Logical_Mathematical,12.88,2.25,Good
24,Manager,S1171,12,7,13,18,15,15,18,8,S1171,AVG,POOR,AVG,BEST,BEST,BEST,BEST,POOR,Logical_Mathematical,13.25,2.25,Good
24,Manager,S1172,11,8,14,17,18,18,17,9,S1172,AVG,POOR,AVG,BEST,BEST,BEST,BEST,POOR,Spatial_Visualization,14.0,2.25,Good
24,Manager,S1173,14,9,14,16,17,17,16,7,S1173,AVG,POOR,AVG,BEST,BEST,BEST,BEST,POOR,Spatial_Visualization,13.75,2.25,Good
24,Manager,S1174,13,10,14,15,16,16,15,5,S1174,AVG,POOR,AVG,BEST,BEST,BEST,BEST,POOR,Spatial_Visualization,13.0,2.25,Good
24,Manager,S1175,11,5,12,15,15,15,18,5,S1175,AVG,POOR,AVG,BEST,BEST,BEST,BEST,POOR,Intrapersonal,12.0,2.25,Good
24,Manager,S1176,12,7,12,16,15,15,17,6,S1176,AVG,POOR,AVG,BEST,BEST,BEST,BEST,POOR,Intrapersonal,12.5,2.25,Good
24,Manager,S1177,12,7,13,17,18,18,16,7,S1177,AVG,POOR,AVG,BEST,BEST,BEST,BEST,POOR,Spatial_Visualization,13.5,2.25,Good
24,Manager,S1178,11,7,13,18,17,17,15,8,S1178,AVG,POOR,AVG,BEST,BEST,BEST,BEST,POOR,Logical_Mathematical,13.25,2.25,Good
24,Manager,S1179,14,7,13,19,16,16,18,8,S1179,AVG,POOR,AVG,BEST,BEST,BEST,BEST,POOR,Logical_Mathematical,13.88,2.25,Good
24,Manager,S1180,13,6,14,20,15,15,17,9,S1180,AVG,POOR,AVG,BEST,BEST,BEST,BEST,POOR,Logical_Mathematical,13.62,2.25,Good
24,Manager,S1181,11,7,14,20,15,15,16,7,S1181,AVG,POOR,AVG,BEST,BEST,BEST,BEST,POOR,Logical_Mathematical,13.12,2.25,Good
24,Manager,S1182,12,8,14,19,18,18,15,5,S1182,AVG,POOR,AVG,BEST,BEST,BEST,BEST,POOR,Logical_Mathematical,13.62,2.25,Good
24,Manager,S1183,12,9,12,18,17,17,18,5,S1183,AVG,POOR,AVG,BEST,BEST,BEST,BEST,POOR,Logical_Mathematical,13.5,2.25,Good
24,Manager,S1184,11,10,12,17,16,16,17,6,S1184,AVG,POOR,AVG,BEST,BEST,BEST,BEST,POOR,Logical_Mathematical,13.12,2.25,Good
24,Manager,S1185,14,5,13,16,15,15,16,7,S1185,AVG,POOR,AVG,BEST,BEST,BEST,BEST,POOR,Logical_Mathematical,12.62,2.25,Good
24,Manager,S1186,13,7,13,15,15,15,15,8,S1186,AVG,POOR,AVG,BEST,BEST,BEST,BEST,POOR,Logical_Mathematical,12.62,2.25,Good
24,Manager,S1187,11,7,13,15,18,18,18,8,S1187,AVG,POOR,AVG,BEST,BEST,BEST,BEST,POOR,Spatial_Visualization,13.5,2.25,Good
24,Manager,S1188,12,7,14,16,17,17,17,9,S1188,AVG,POOR,AVG,BEST,BEST,BEST,BEST,POOR,Spatial_Visualization,13.62,2.25,Good
24,Manager,S1189,12,7,14,17,16,16,16,7,S1189,AVG,POOR,AVG,BEST,BEST,BEST,BEST,POOR,Logical_Mathematical,13.12,2.25,Good
24,Manager,S1190,11,7,14,18,15,15,15,5,S1190,AVG,POOR,AVG,BEST,BEST,BEST,BEST,POOR,Logical_Mathematical,12.5,2.25,Good
24,Manager,S1191,14,7,12,19,15,15,18,5,S1191,AVG,POOR,AVG,BEST,BEST,BEST,BEST,POOR,Logical_Mathematical,13.12,2.25,Good
24,Manager,S1192,13,6,12,20,15,18,17,6,S1192,AVG,POOR,AVG,BEST,BEST,BEST,BEST,POOR,Logical_Mathematical,13.38,2.25,Good
24,Manager,S1193,11,7,13,20,18,17,16,7,S1193,AVG,POOR,AVG,BEST,BEST,BEST,BEST,POOR,Logical_Mathematical,13.62,2.25,Good
24,Manager,S1194,12,8,13,19,17,16,15,8,S1194,AVG,POOR,AVG,BEST,BEST,BEST,BEST,POOR,Logical_Mathematical,13.5,2.25,Good
24,Manager,S1195,12,9,13,18,16,15,18,8,S1195,AVG,POOR,AVG,BEST,BEST,BEST,BEST,POOR,Logical_Mathematical,13.62,2.25,Good
24,Manager,S1196,11,10,14,17,15,18,17,9,S1196,AVG,POOR,AVG,BEST,BEST,BEST,BEST,POOR,Interpersonal,13.88,2.25,Good
24,Manager,S1197,14,5,14,16,15,17,16,7,S1197,AVG,POOR,AVG,BEST,BEST,BEST,BEST,POOR,Interpersonal,13.0,2.25,Good
24,Manager,S1198,13,7,14,15,16,16,15,5,S1198,AVG,POOR,AVG,BEST,BEST,BEST,BEST,POOR,Spatial_Visualization,12.62,2.25,Good
24,Manager,S1199,12,7,13,20,16,15,19,9,S1199,AVG,POOR,AVG,BEST,BEST,BEST,BEST,POOR,Logical_Mathematical,13.88,2.25,Good
24,Manager,S1200,13,7,14,19,16,15,18,9,S1200,AVG,POOR,AVG,BEST,BEST,BEST,BEST,POOR,Logical_Mathematical,13.88,2.25,Good
25,Politician,S1201,12,5,11,19,6,20,17,5,S1201,AVG,POOR,AVG,BEST,POOR,BEST,BEST,POOR,Interpersonal,11.88,2.0,Good
25,Politician,S1202,12,5,12,19,6,19,17,5,S1202,AVG,POOR,AVG,BEST,POOR,BEST,BEST,POOR,Logical_Mathematical,11.88,2.0,Good
25,Politician,S1203,13,6,12,19,6,18,17,5,S1203,AVG,POOR,AVG,BEST,POOR,BEST,BEST,POOR,Logical_Mathematical,12.0,2.0,Good
25,Politician,S1204,13,6,11,19,6,17,17,6,S1204,AVG,POOR,AVG,BEST,POOR,BEST,BEST,POOR,Logical_Mathematical,11.88,2.0,Good
25,Politician,S1205,13,7,14,19,6,16,17,6,S1205,AVG,POOR,AVG,BEST,POOR,BEST,BEST,POOR,Logical_Mathematical,12.25,2.0,Good
25,Politician,S1206,14,7,13,19,6,15,17,6,S1206,AVG,POOR,AVG,BEST,POOR,BEST,BEST,POOR,Logical_Mathematical,12.12,2.0,Good
25,Politician,S1207,14,8,11,19,6,19,17,5,S1207,AVG,POOR,AVG,BEST,POOR,BEST,BEST,POOR,Logical_Mathematical,12.38,2.0,Good
25,Politician,S1208,14,8,12,19,6,18,17,5,S1208,AVG,POOR,AVG,BEST,POOR,BEST,BEST,POOR,Logical_Mathematical,12.38,2.0,Good
25,Politician,S1209,12,9,12,19,6,17,17,5,S1209,AVG,POOR,AVG,BEST,POOR,BEST,BEST,POOR,Logical_Mathematical,12.12,2.0,Good
25,Politician,S1210,12,9,11,19,7,16,17,6,S1210,AVG,POOR,AVG,BEST,POOR,BEST,BEST,POOR,Logical_Mathematical,12.12,2.0,Good
25,Politician,S1211,13,10,14,19,8,15,17,6,S1211,AVG,POOR,AVG,BEST,POOR,BEST,BEST,POOR,Logical_Mathematical,12.75,2.0,Good
25,Politician,S1212,13,10,13,19,9,19,17,6,S1212,AVG,POOR,AVG,BEST,POOR,BEST,BEST,POOR,Logical_Mathematical,13.25,2.0,Good
25,Politician,S1213,13,5,11,19,10,18,17,5,S1213,AVG,POOR,AVG,BEST,POOR,BEST,BEST,POOR,Logical_Mathematical,12.25,2.0,Good
25,Politician,S1214,14,5,12,19,5,17,17,5,S1214,AVG,POOR,AVG,BEST,POOR,BEST,BEST,POOR,Logical_Mathematical,11.75,2.0,Good
25,Politician,S1215,14,6,12,19,8,16,17,5,S1215,AVG,POOR,AVG,BEST,POOR,BEST,BEST,POOR,Logical_Mathematical,12.12,2.0,Good
25,Politician,S1216,14,6,11,19,9,15,17,6,S1216,AVG,POOR,AVG,BEST,POOR,BEST,BEST,POOR,Logical_Mathematical,12.12,2.0,Good
25,Politician,S1217,12,7,14,19,10,19,17,6,S1217,AVG,POOR,AVG,BEST,POOR,BEST,BEST,POOR,Logical_Mathematical,13.0,2.0,Good
25,Politician,S1218,12,7,13,19,5,18,17,6,S1218,AVG,POOR,AVG,BEST,POOR,BEST,BEST,POOR,Logical_Mathematical,12.12,2.0,Good
25,Politician,S1219,13,8,11,19,5,17,17,5,S1219,AVG,POOR,AVG,BEST,POOR,BEST,BEST,POOR,Logical_Mathematical,11.88,2.0,Good
25,Politician,S1220,13,8,12,19,5,16,17,5,S1220,AVG,POOR,AVG,BEST,POOR,BEST,BEST,POOR,Logical_Mathematical,11.88,2.0,Good
25,Politician,S1221,13,9,12,19,5,15,17,5,S1221,AVG,POOR,AVG,BEST,POOR,BEST,BEST,POOR,Logical_Mathematical,11.88,2.0,Good
25,Politician,S1222,14,9,11,19,6,19,17,6,S1222,AVG,POOR,AVG,BEST,POOR,BEST,BEST,POOR,Logical_Mathematical,12.62,2.0,Good
25,Politician,S1223,14,10,14,19,7,18,17,6,S1223,AVG,POOR,AVG,BEST,POOR,BEST,BEST,POOR,Logical_Mathematical,13.12,2.0,Good
25,Politician,S1224,14,10,13,19,8,17,17,6,S1224,AVG,POOR,AVG,BEST,POOR,BEST,BEST,POOR,Logical_Mathematical,13.0,2.0,Good
25,Politician,S1225,12,5,11,19,9,16,18,5,S1225,AVG,POOR,AVG,BEST,POOR,BEST,BEST,POOR,Logical_Mathematical,11.88,2.0,Good
25,Politician,S1226,12,5,12,19,10,15,18,5,S1226,AVG,POOR,AVG,BEST,POOR,BEST,BEST,POOR,Logical_Mathematical,12.0,2.0,Good
25,Politician,S1227,13,6,12,19,5,19,18,5,S1227,AVG,POOR,AVG,BEST,POOR,BEST,BEST,POOR,Logical_Mathematical,12.12,2.0,Good
25,Politician,S1228,13,6,11,19,7,18,18,6,S1228,AVG,POOR,AVG,BEST,POOR,BEST,BEST,POOR,Logical_Mathematical,12.25,2.0,Good
25,Politician,S1229,13,7,14,19,7,17,18,6,S1229,AVG,POOR,AVG,BEST,POOR,BEST,BEST,POOR,Logical_Mathematical,12.62,2.0,Good
25,Politician,S1230,14,7,13,19,7,16,18,6,S1230,AVG,POOR,AVG,BEST,POOR,BEST,BEST,POOR,Logical_Mathematical,12.5,2.0,Good
25,Politician,S1231,14,8,11,19,7,15,18,5,S1231,AVG,POOR,AVG,BEST,POOR,BEST,BEST,POOR,Logical_Mathematical,12.12,2.0,Good
25,Politician,S1232,14,8,12,19,6,19,18,5,S1232,AVG,POOR,AVG,BEST,POOR,BEST,BEST,POOR,Logical_Mathematical,12.62,2.0,Good
25,Politician,S1233,12,9,12,19,7,18,18,5,S1233,AVG,POOR,AVG,BEST,POOR,BEST,BEST,POOR,Logical_Mathematical,12.5,2.0,Good
25,Politician,S1234,12,9,11,19,8,17,18,6,S1234,AVG,POOR,AVG,BEST,POOR,BEST,BEST,POOR,Logical_Mathematical,12.5,2.0,Good
25,Politician,S1235,13,10,14,19,9,16,18,6,S1235,AVG,POOR,AVG,BEST,POOR,BEST,BEST,POOR,Logical_Mathematical,13.12,2.0,Good
25,Politician,S1236,13,10,13,19,10,15,18,6,S1236,AVG,POOR,AVG,BEST,POOR,BEST,BEST,POOR,Logical_Mathematical,13.0,2.0,Good
25,Politician,S1237,13,5,12,19,5,19,18,5,S1237,AVG,POOR,AVG,BEST,POOR,BEST,BEST,POOR,Logical_Mathematical,12.0,2.0,Good
25,Politician,S1238,14,5,13,19,8,18,18,5,S1238,AVG,POOR,AVG,BEST,POOR,BEST,BEST,POOR,Logical_Mathematical,12.5,2.0,Good
25,Politician,S1239,14,6,12,19,8,17,15,5,S1239,AVG,POOR,AVG,BEST,POOR,BEST,BEST,POOR,Logical_Mathematical,12.0,2.0,Good
25,Politician,S1240,14,6,12,19,8,16,16,6,S1240,AVG,POOR,AVG,BEST,POOR,BEST,BEST,POOR,Logical_Mathematical,12.12,2.0,Good
25,Politician,S1241,12,7,12,19,8,15,18,6,S1241,AVG,POOR,AVG,BEST,POOR,BEST,BEST,POOR,Logical_Mathematical,12.12,2.0,Good
25,Politician,S1242,12,7,12,19,8,19,19,6,S1242,AVG,POOR,AVG,BEST,POOR,BEST,BEST,POOR,Logical_Mathematical,12.75,2.0,Good
25,Politician,S1243,13,8,12,19,6,18,16,5,S1243,AVG,POOR,AVG,BEST,POOR,BEST,BEST,POOR,Logical_Mathematical,12.12,2.0,Good
25,Politician,S1244,13,8,12,19,7,17,20,5,S1244,AVG,POOR,AVG,BEST,POOR,BEST,BEST,POOR,Intrapersonal,12.62,2.0,Good
25,Politician,S1245,13,9,12,19,8,16,19,5,S1245,AVG,POOR,AVG,BEST,POOR,BEST,BEST,POOR,Logical_Mathematical,12.62,2.0,Good
25,Politician,S1246,14,9,12,19,9,15,17,6,S1246,AVG,POOR,AVG,BEST,POOR,BEST,BEST,POOR,Logical_Mathematical,12.62,2.0,Good
25,Politician,S1247,14,10,12,19,10,19,15,6,S1247,AVG,POOR,AVG,BEST,POOR,BEST,BEST,POOR,Logical_Mathematical,13.12,2.0,Good
25,Politician,S1248,14,10,12,19,5,18,16,6,S1248,AVG,POOR,AVG,BEST,POOR,BEST,BEST,POOR,Logical_Mathematical,12.5,2.0,Good
25,Politician,S1249,13,7,12,19,8,17,20,5,S1249,AVG,POOR,AVG,BEST,POOR,BEST,BEST,POOR,Intrapersonal,12.62,2.0,Good
25,Politician,S1250,14,7,12,19,8,16,17,5,S1250,AVG,POOR,AVG,BEST,POOR,BEST,BEST,POOR,Logical_Mathematical,12.25,2.0,Good
26,Social Worker,S1251,11,5,20,6,12,19,18,7,S1251,AVG,POOR,BEST,POOR,AVG,BEST,BEST,POOR,Bodily,12.25,2.0,Good
26,Social Worker,S1252,11,5,20,7,12,19,18,7,S1252,AVG,POOR,BEST,POOR,AVG,BEST,BEST,POOR,Bodily,12.38,2.0,Good
26,Social Worker,S1253,11,5,20,8,12,19,18,7,S1253,AVG,POOR,BEST,POOR,AVG,BEST,BEST,POOR,Bodily,12.5,2.0,Good
26,Social Worker,S1254,11,5,20,9,12,19,18,7,S1254,AVG,POOR,BEST,POOR,AVG,BEST,BEST,POOR,Bodily,12.62,2.0,Good
26,Social Worker,S1255,11,6,20,10,12,19,18,7,S1255,AVG,POOR,BEST,POOR,AVG,BEST,BEST,POOR,Bodily,12.88,2.0,Good
26,Social Worker,S1256,11,7,20,5,12,19,18,7,S1256,AVG,POOR,BEST,POOR,AVG,BEST,BEST,POOR,Bodily,12.38,2.0,Good
26,Social Worker,S1257,11,8,20,6,12,19,18,7,S1257,AVG,POOR,BEST,POOR,AVG,BEST,BEST,POOR,Bodily,12.62,2.0,Good
26,Social Worker,S1258,11,9,20,6,12,19,18,7,S1258,AVG,POOR,BEST,POOR,AVG,BEST,BEST,POOR,Bodily,12.75,2.0,Good
26,Social Worker,S1259,11,10,20,6,12,19,18,7,S1259,AVG,POOR,BEST,POOR,AVG,BEST,BEST,POOR,Bodily,12.88,2.0,Good
26,Social Worker,S1260,11,5,20,6,12,19,18,7,S1260,AVG,POOR,BEST,POOR,AVG,BEST,BEST,POOR,Bodily,12.25,2.0,Good
26,Social Worker,S1261,11,5,20,6,12,19,18,7,S1261,AVG,POOR,BEST,POOR,AVG,BEST,BEST,POOR,Bodily,12.25,2.0,Good
26,Social Worker,S1262,11,5,20,6,12,19,18,7,S1262,AVG,POOR,BEST,POOR,AVG,BEST,BEST,POOR,Bodily,12.25,2.0,Good
26,Social Worker,S1263,11,5,20,7,12,19,18,7,S1263,AVG,POOR,BEST,POOR,AVG,BEST,BEST,POOR,Bodily,12.38,2.0,Good
26,Social Worker,S1264,11,6,20,8,12,19,18,7,S1264,AVG,POOR,BEST,POOR,AVG,BEST,BEST,POOR,Bodily,12.62,2.0,Good
26,Social Worker,S1265,11,7,20,9,14,19,18,7,S1265,AVG,POOR,BEST,POOR,AVG,BEST,BEST,POOR,Bodily,13.12,2.0,Good
26,Social Worker,S1266,11,8,20,10,14,19,18,7,S1266,AVG,POOR,BEST,POOR,AVG,BEST,BEST,POOR,Bodily,13.38,2.0,Good
26,Social Worker,S1267,11,9,20,5,14,19,18,7,S1267,AVG,POOR,BEST,POOR,AVG,BEST,BEST,POOR,Bodily,12.88,2.0,Good
26,Social Worker,S1268,12,10,20,8,14,18,17,7,S1268,AVG,POOR,BEST,POOR,AVG,BEST,BEST,POOR,Bodily,13.25,2.0,Good
26,Social Worker,S1269,12,5,20,8,14,18,17,8,S1269,AVG,POOR,BEST,POOR,AVG,BEST,BEST,POOR,Bodily,12.75,2.0,Good
26,Social Worker,S1270,12,6,20,6,14,18,17,9,S1270,AVG,POOR,BEST,POOR,AVG,BEST,BEST,POOR,Bodily,12.75,2.0,Good
26,Social Worker,S1271,12,6,19,7,14,18,17,10,S1271,AVG,POOR,BEST,POOR,AVG,BEST,BEST,POOR,Bodily,12.88,2.0,Good
26,Social Worker,S1272,12,6,19,8,14,18,17,5,S1272,AVG,POOR,BEST,POOR,AVG,BEST,BEST,POOR,Bodily,12.38,2.0,Good
26,Social Worker,S1273,12,7,19,9,14,18,17,8,S1273,AVG,POOR,BEST,POOR,AVG,BEST,BEST,POOR,Bodily,13.0,2.0,Good
26,Social Worker,S1274,12,8,19,10,14,18,17,8,S1274,AVG,POOR,BEST,POOR,AVG,BEST,BEST,POOR,Bodily,13.25,2.0,Good
26,Social Worker,S1275,12,9,19,5,13,16,19,7,S1275,AVG,POOR,BEST,POOR,AVG,BEST,BEST,POOR,Bodily,12.5,2.0,Good
26,Social Worker,S1276,12,10,19,7,13,16,19,8,S1276,AVG,POOR,BEST,POOR,AVG,BEST,BEST,POOR,Bodily,13.0,2.0,Good
26,Social Worker,S1277,12,5,19,7,13,16,19,9,S1277,AVG,POOR,BEST,POOR,AVG,BEST,BEST,POOR,Bodily,12.5,2.0,Good
26,Social Worker,S1278,12,6,19,7,13,16,19,10,S1278,AVG,POOR,BEST,POOR,AVG,BEST,BEST,POOR,Bodily,12.75,2.0,Good
26,Social Worker,S1279,11,5,20,6,12,19,18,5,S1279,AVG,POOR,BEST,POOR,AVG,BEST,BEST,POOR,Bodily,12.0,2.0,Good
26,Social Worker,S1280,11,5,20,6,12,19,18,8,S1280,AVG,POOR,BEST,POOR,AVG,BEST,BEST,POOR,Bodily,12.38,2.0,Good
26,Social Worker,S1281,11,6,20,8,12,19,18,7,S1281,AVG,POOR,BEST,POOR,AVG,BEST,BEST,POOR,Bodily,12.62,2.0,Good
26,Social Worker,S1282,11,7,20,8,12,18,18,7,S1282,AVG,POOR,BEST,POOR,AVG,BEST,BEST,POOR,Bodily,12.62,2.0,Good
26,Social Worker,S1283,11,8,20,8,12,16,18,7,S1283,AVG,POOR,BEST,POOR,AVG,BEST,BEST,POOR,Bodily,12.5,2.0,Good
26,Social Worker,S1284,11,9,20,8,14,16,18,8,S1284,AVG,POOR,BEST,POOR,AVG,BEST,BEST,POOR,Bodily,13.0,2.0,Good
26,Social Worker,S1285,11,10,20,8,14,16,18,9,S1285,AVG,POOR,BEST,POOR,AVG,BEST,BEST,POOR,Bodily,13.25,2.0,Good
26,Social Worker,S1286,11,5,20,8,14,16,18,10,S1286,AVG,POOR,BEST,POOR,AVG,BEST,BEST,POOR,Bodily,12.75,2.0,Good
26,Social Worker,S1287,12,6,20,8,14,19,17,5,S1287,AVG,POOR,BEST,POOR,AVG,BEST,BEST,POOR,Bodily,12.62,2.0,Good
26,Social Worker,S1288,12,6,20,8,14,18,17,8,S1288,AVG,POOR,BEST,POOR,AVG,BEST,BEST,POOR,Bodily,12.88,2.0,Good
26,Social Worker,S1289,12,6,20,8,14,18,17,8,S1289,AVG,POOR,BEST,POOR,AVG,BEST,BEST,POOR,Bodily,12.88,2.0,Good
26,Social Worker,S1290,12,6,19,8,14,18,17,8,S1290,AVG,POOR,BEST,POOR,AVG,BEST,BEST,POOR,Bodily,12.75,2.0,Good
26,Social Worker,S1291,12,7,19,8,14,18,17,8,S1291,AVG,POOR,BEST,POOR,AVG,BEST,BEST,POOR,Bodily,12.88,2.0,Good
26,Social Worker,S1292,12,8,19,8,14,18,17,8,S1292,AVG,POOR,BEST,POOR,AVG,BEST,BEST,POOR,Bodily,13.0,2.0,Good
26,Social Worker,S1293,12,9,19,8,14,16,17,7,S1293,AVG,POOR,BEST,POOR,AVG,BEST,BEST,POOR,Bodily,12.75,2.0,Good
26,Social Worker,S1294,14,10,15,9,12,16,18,8,S1294,AVG,POOR,BEST,POOR,AVG,BEST,BEST,POOR,Intrapersonal,12.75,2.0,Good
26,Social Worker,S1295,14,7,15,9,12,16,18,9,S1295,AVG,POOR,BEST,POOR,AVG,BEST,BEST,POOR,Intrapersonal,12.5,2.0,Good
26,Social Worker,S1296,14,8,15,9,12,16,18,10,S1296,AVG,POOR,BEST,POOR,AVG,BEST,BEST,POOR,Intrapersonal,12.75,2.0,Good
26,Social Worker,S1297,14,9,15,9,12,19,18,5,S1297,AVG,POOR,BEST,POOR,AVG,BEST,BEST,POOR,Interpersonal,12.62,2.0,Good
26,Social Worker,S1298,12,10,15,9,12,19,18,8,S1298,AVG,POOR,BEST,POOR,AVG,BEST,BEST,POOR,Interpersonal,12.88,2.0,Good
26,Social Worker,S1299,14,5,15,9,12,19,18,9,S1299,AVG,POOR,BEST,POOR,AVG,BEST,BEST,POOR,Interpersonal,12.62,2.0,Good
26,Social Worker,S1300,14,8,15,9,12,19,18,9,S1300,AVG,POOR,BEST,POOR,AVG,BEST,BEST,POOR,Interpersonal,13.0,2.0,Good
27,Receptionist,S1301,19,18,12,13,5,20,11,6,S1301,BEST,BEST,AVG,AVG,POOR,BEST,AVG,POOR,Interpersonal,13.0,2.12,Good
27,Receptionist,S1302,16,17,12,14,5,20,11,6,S1302,BEST,BEST,AVG,AVG,POOR,BEST,AVG,POOR,Interpersonal,12.62,2.12,Good
27,Receptionist,S1303,15,16,12,12,5,20,11,6,S1303,BEST,BEST,AVG,AVG,POOR,BEST,AVG,POOR,Interpersonal,12.12,2.12,Good
27,Receptionist,S1304,19,15,12,11,5,20,11,6,S1304,BEST,BEST,AVG,AVG,POOR,BEST,AVG,POOR,Interpersonal,12.38,2.12,Good
27,Receptionist,S1305,20,16,12,14,5,20,11,6,S1305,BEST,BEST,AVG,AVG,POOR,BEST,AVG,POOR,Linguistic,13.0,2.12,Good
27,Receptionist,S1306,16,17,12,12,5,20,11,6,S1306,BEST,BEST,AVG,AVG,POOR,BEST,AVG,POOR,Interpersonal,12.38,2.12,Good
27,Receptionist,S1307,15,18,12,13,5,20,11,6,S1307,BEST,BEST,AVG,AVG,POOR,BEST,AVG,POOR,Interpersonal,12.5,2.12,Good
27,Receptionist,S1308,19,19,12,13,5,20,11,6,S1308,BEST,BEST,AVG,AVG,POOR,BEST,AVG,POOR,Interpersonal,13.12,2.12,Good
27,Receptionist,S1309,19,18,12,14,5,20,11,6,S1309,BEST,BEST,AVG,AVG,POOR,BEST,AVG,POOR,Interpersonal,13.12,2.12,Good
27,Receptionist,S1310,16,18,12,12,5,20,11,6,S1310,BEST,BEST,AVG,AVG,POOR,BEST,AVG,POOR,Interpersonal,12.5,2.12,Good
27,Receptionist,S1311,15,17,12,11,5,20,11,6,S1311,BEST,BEST,AVG,AVG,POOR,BEST,AVG,POOR,Interpersonal,12.12,2.12,Good
27,Receptionist,S1312,19,16,12,14,5,20,11,6,S1312,BEST,BEST,AVG,AVG,POOR,BEST,AVG,POOR,Interpersonal,12.88,2.12,Good
27,Receptionist,S1313,20,15,12,12,5,20,11,6,S1313,BEST,BEST,AVG,AVG,POOR,BEST,AVG,POOR,Linguistic,12.62,2.12,Good
27,Receptionist,S1314,16,16,12,13,5,20,11,6,S1314,BEST,BEST,AVG,AVG,POOR,BEST,AVG,POOR,Interpersonal,12.38,2.12,Good
27,Receptionist,S1315,15,17,12,13,5,20,11,6,S1315,BEST,BEST,AVG,AVG,POOR,BEST,AVG,POOR,Interpersonal,12.38,2.12,Good
27,Receptionist,S1316,19,18,12,14,5,20,11,6,S1316,BEST,BEST,AVG,AVG,POOR,BEST,AVG,POOR,Interpersonal,13.12,2.12,Good
27,Receptionist,S1317,19,19,12,12,5,20,11,6,S1317,BEST,BEST,AVG,AVG,POOR,BEST,AVG,POOR,Interpersonal,13.0,2.12,Good
27,Receptionist,S1318,16,18,12,11,5,20,11,6,S1318,BEST,BEST,AVG,AVG,POOR,BEST,AVG,POOR,Interpersonal,12.38,2.12,Good
27,Receptionist,S1319,15,18,11,14,6,19,12,7,S1319,BEST,BEST,AVG,AVG,POOR,BEST,AVG,POOR,Interpersonal,12.75,2.12,Good
27,Receptionist,S1320,19,17,11,12,6,19,12,7,S1320,BEST,BEST,AVG,AVG,POOR,BEST,AVG,POOR,Linguistic,12.88,2.12,Good
27,Receptionist,S1321,20,16,11,13,6,19,12,7,S1321,BEST,BEST,AVG,AVG,POOR,BEST,AVG,POOR,Linguistic,13.0,2.12,Good
27,Receptionist,S1322,16,15,11,13,6,19,12,7,S1322,BEST,BEST,AVG,AVG,POOR,BEST,AVG,POOR,Interpersonal,12.38,2.12,Good
27,Receptionist,S1323,15,16,11,14,6,19,12,7,S1323,BEST,BEST,AVG,AVG,POOR,BEST,AVG,POOR,Interpersonal,12.5,2.12,Good
27,Receptionist,S1324,19,17,11,12,6,19,12,7,S1324,BEST,BEST,AVG,AVG,POOR,BEST,AVG,POOR,Linguistic,12.88,2.12,Good
27,Receptionist,S1325,19,18,11,11,6,19,12,7,S1325,BEST,BEST,AVG,AVG,POOR,BEST,AVG,POOR,Linguistic,12.88,2.12,Good
27,Receptionist,S1326,16,19,11,14,6,19,12,7,S1326,BEST,BEST,AVG,AVG,POOR,BEST,AVG,POOR,Musical,13.0,2.12,Good
27,Receptionist,S1327,15,16,11,12,6,19,12,7,S1327,BEST,BEST,AVG,AVG,POOR,BEST,AVG,POOR,Interpersonal,12.25,2.12,Good
27,Receptionist,S1328,19,18,11,13,6,19,12,7,S1328,BEST,BEST,AVG,AVG,POOR,BEST,AVG,POOR,Linguistic,13.12,2.12,Good
27,Receptionist,S1329,20,17,12,13,8,20,13,6,S1329,BEST,BEST,AVG,AVG,POOR,BEST,AVG,POOR,Linguistic,13.62,2.12,Good
27,Receptionist,S1330,16,16,12,14,8,20,13,6,S1330,BEST,BEST,AVG,AVG,POOR,BEST,AVG,POOR,Interpersonal,13.12,2.12,Good
27,Receptionist,S1331,15,15,12,12,8,20,13,6,S1331,BEST,BEST,AVG,AVG,POOR,BEST,AVG,POOR,Interpersonal,12.62,2.12,Good
27,Receptionist,S1332,19,16,12,11,8,20,13,6,S1332,BEST,BEST,AVG,AVG,POOR,BEST,AVG,POOR,Interpersonal,13.12,2.12,Good
27,Receptionist,S1333,19,17,12,14,8,20,13,6,S1333,BEST,BEST,AVG,AVG,POOR,BEST,AVG,POOR,Interpersonal,13.62,2.12,Good
27,Receptionist,S1334,16,18,12,12,8,20,13,6,S1334,BEST,BEST,AVG,AVG,POOR,BEST,AVG,POOR,Interpersonal,13.12,2.12,Good
27,Receptionist,S1335,15,19,12,13,8,20,13,6,S1335,BEST,BEST,AVG,AVG,POOR,BEST,AVG,POOR,Interpersonal,13.25,2.12,Good
27,Receptionist,S1336,19,17,12,13,8,20,13,6,S1336,BEST,BEST,AVG,AVG,POOR,BEST,AVG,POOR,Interpersonal,13.5,2.12,Good
27,Receptionist,S1337,20,18,12,14,8,20,13,6,S1337,BEST,BEST,AVG,AVG,POOR,BEST,AVG,POOR,Linguistic,13.88,2.12,Good
27,Receptionist,S1338,16,17,12,12,8,20,13,6,S1338,BEST,BEST,AVG,AVG,POOR,BEST,AVG,POOR,Interpersonal,13.0,2.12,Good
27,Receptionist,S1339,15,16,12,11,8,20,13,6,S1339,BEST,BEST,AVG,AVG,POOR,BEST,AVG,POOR,Interpersonal,12.62,2.12,Good
27,Receptionist,S1340,19,15,12,14,8,20,13,6,S1340,BEST,BEST,AVG,AVG,POOR,BEST,AVG,POOR,Interpersonal,13.38,2.12,Good
27,Receptionist,S1341,19,16,12,12,8,20,13,6,S1341,BEST,BEST,AVG,AVG,POOR,BEST,AVG,POOR,Interpersonal,13.25,2.12,Good
27,Receptionist,S1342,16,17,12,13,8,20,13,6,S1342,BEST,BEST,AVG,AVG,POOR,BEST,AVG,POOR,Interpersonal,13.12,2.12,Good
27,Receptionist,S1343,15,18,12,13,8,20,13,6,S1343,BEST,BEST,AVG,AVG,POOR,BEST,AVG,POOR,Interpersonal,13.12,2.12,Good
27,Receptionist,S1344,19,17,12,14,8,20,13,6,S1344,BEST,BEST,AVG,AVG,POOR,BEST,AVG,POOR,Interpersonal,13.62,2.12,Good
27,Receptionist,S1345,20,16,12,12,8,20,13,6,S1345,BEST,BEST,AVG,AVG,POOR,BEST,AVG,POOR,Linguistic,13.38,2.12,Good
27,Receptionist,S1346,16,15,12,11,8,20,13,6,S1346,BEST,BEST,AVG,AVG,POOR,BEST,AVG,POOR,Interpersonal,12.62,2.12,Good
27,Receptionist,S1347,15,16,12,14,8,20,13,6,S1347,BEST,BEST,AVG,AVG,POOR,BEST,AVG,POOR,Interpersonal,13.0,2.12,Good
27,Receptionist,S1348,19,17,12,12,8,20,13,6,S1348,BEST,BEST,AVG,AVG,POOR,BEST,AVG,POOR,Interpersonal,13.38,2.12,Good
27,Receptionist,S1349,18,18,12,13,8,20,13,6,S1349,BEST,BEST,AVG,AVG,POOR,BEST,AVG,POOR,Interpersonal,13.5,2.12,Good
27,Receptionist,S1350,16,19,12,14,8,20,13,6,S1350,BEST,BEST,AVG,AVG,POOR,BEST,AVG,POOR,Interpersonal,13.5,2.12,Good
28,Sales Representative,S1351,19,5,11,15,6,18,11,6,S1351,BEST,POOR,AVG,BEST,POOR,BEST,AVG,POOR,Linguistic,11.38,2.0,Good
28,Sales Representative,S1352,18,5,14,20,6,18,11,6,S1352,BEST,POOR,AVG,BEST,POOR,BEST,AVG,POOR,Logical_Mathematical,12.25,2.0,Good
28,Sales Representative,S1353,17,5,13,18,6,18,11,5,S1353,BEST,POOR,AVG,BEST,POOR,BEST,AVG,POOR,Logical_Mathematical,11.62,2.0,Good
28,Sales Representative,S1354,16,5,12,17,5,18,11,5,S1354,BEST,POOR,AVG,BEST,POOR,BEST,AVG,POOR,Interpersonal,11.12,2.0,Good
28,Sales Representative,S1355,15,5,11,20,5,18,11,7,S1355,BEST,POOR,AVG,BEST,POOR,BEST,AVG,POOR,Logical_Mathematical,11.5,2.0,Good
28,Sales Representative,S1356,20,5,14,20,5,18,11,7,S1356,BEST,POOR,AVG,BEST,POOR,BEST,AVG,POOR,Linguistic,12.5,2.0,Good
28,Sales Representative,S1357,19,5,13,15,5,18,11,6,S1357,BEST,POOR,AVG,BEST,POOR,BEST,AVG,POOR,Linguistic,11.5,2.0,Good
28,Sales Representative,S1358,18,5,12,20,6,18,11,6,S1358,BEST,POOR,AVG,BEST,POOR,BEST,AVG,POOR,Logical_Mathematical,12.0,2.0,Good
28,Sales Representative,S1359,17,5,11,18,6,18,11,5,S1359,BEST,POOR,AVG,BEST,POOR,BEST,AVG,POOR,Logical_Mathematical,11.38,2.0,Good
28,Sales Representative,S1360,16,5,14,17,6,18,11,5,S1360,BEST,POOR,AVG,BEST,POOR,BEST,AVG,POOR,Interpersonal,11.5,2.0,Good
28,Sales Representative,S1361,15,5,13,20,6,18,11,7,S1361,BEST,POOR,AVG,BEST,POOR,BEST,AVG,POOR,Logical_Mathematical,11.88,2.0,Good
28,Sales Representative,S1362,19,6,12,15,6,18,11,7,S1362,BEST,POOR,AVG,BEST,POOR,BEST,AVG,POOR,Linguistic,11.75,2.0,Good
28,Sales Representative,S1363,18,6,11,20,6,18,11,6,S1363,BEST,POOR,AVG,BEST,POOR,BEST,AVG,POOR,Logical_Mathematical,12.0,2.0,Good
28,Sales Representative,S1364,17,6,14,18,6,18,11,6,S1364,BEST,POOR,AVG,BEST,POOR,BEST,AVG,POOR,Logical_Mathematical,12.0,2.0,Good
28,Sales Representative,S1365,16,6,13,17,6,18,11,5,S1365,BEST,POOR,AVG,BEST,POOR,BEST,AVG,POOR,Interpersonal,11.5,2.0,Good
28,Sales Representative,S1366,15,6,12,20,6,18,11,5,S1366,BEST,POOR,AVG,BEST,POOR,BEST,AVG,POOR,Logical_Mathematical,11.62,2.0,Good
28,Sales Representative,S1367,20,5,11,20,6,18,11,7,S1367,BEST,POOR,AVG,BEST,POOR,BEST,AVG,POOR,Linguistic,12.25,2.0,Good
28,Sales Representative,S1368,19,5,14,20,6,18,11,8,S1368,BEST,POOR,AVG,BEST,POOR,BEST,AVG,POOR,Logical_Mathematical,12.62,2.0,Good
28,Sales Representative,S1369,18,5,13,15,6,18,11,9,S1369,BEST,POOR,AVG,BEST,POOR,BEST,AVG,POOR,Linguistic,11.88,2.0,Good
28,Sales Representative,S1370,17,5,12,20,6,18,11,7,S1370,BEST,POOR,AVG,BEST,POOR,BEST,AVG,POOR,Logical_Mathematical,12.0,2.0,Good
28,Sales Representative,S1371,16,5,11,18,6,18,11,10,S1371,BEST,POOR,AVG,BEST,POOR,BEST,AVG,POOR,Logical_Mathematical,11.88,2.0,Good
28,Sales Representative,S1372,15,5,14,17,5,18,11,7,S1372,BEST,POOR,AVG,BEST,POOR,BEST,AVG,POOR,Interpersonal,11.5,2.0,Good
28,Sales Representative,S1373,19,5,13,20,5,18,11,7,S1373,BEST,POOR,AVG,BEST,POOR,BEST,AVG,POOR,Logical_Mathematical,12.25,2.0,Good
28,Sales Representative,S1374,18,5,12,20,5,18,11,8,S1374,BEST,POOR,AVG,BEST,POOR,BEST,AVG,POOR,Logical_Mathematical,12.12,2.0,Good
28,Sales Representative,S1375,17,5,11,20,5,18,11,9,S1375,BEST,POOR,AVG,BEST,POOR,BEST,AVG,POOR,Logical_Mathematical,12.0,2.0,Good
28,Sales Representative,S1376,16,5,14,15,5,18,11,7,S1376,BEST,POOR,AVG,BEST,POOR,BEST,AVG,POOR,Interpersonal,11.38,2.0,Good
28,Sales Representative,S1377,15,5,13,20,6,18,11,10,S1377,BEST,POOR,AVG,BEST,POOR,BEST,AVG,POOR,Logical_Mathematical,12.25,2.0,Good
28,Sales Representative,S1378,20,5,12,18,6,18,11,7,S1378,BEST,POOR,AVG,BEST,POOR,BEST,AVG,POOR,Linguistic,12.12,2.0,Good
28,Sales Representative,S1379,19,5,11,17,6,18,11,7,S1379,BEST,POOR,AVG,BEST,POOR,BEST,AVG,POOR,Linguistic,11.75,2.0,Good
28,Sales Representative,S1380,18,5,14,20,6,18,11,8,S1380,BEST,POOR,AVG,BEST,POOR,BEST,AVG,POOR,Logical_Mathematical,12.5,2.0,Good
28,Sales Representative,S1381,17,5,13,20,7,18,11,9,S1381,BEST,POOR,AVG,BEST,POOR,BEST,AVG,POOR,Logical_Mathematical,12.5,2.0,Good
28,Sales Representative,S1382,16,5,12,20,7,18,11,7,S1382,BEST,POOR,AVG,BEST,POOR,BEST,AVG,POOR,Logical_Mathematical,12.0,2.0,Good
28,Sales Representative,S1383,15,5,11,15,7,18,11,10,S1383,BEST,POOR,AVG,BEST,POOR,BEST,AVG,POOR,Interpersonal,11.5,2.0,Good
28,Sales Representative,S1384,19,5,14,20,7,18,11,7,S1384,BEST,POOR,AVG,BEST,POOR,BEST,AVG,POOR,Logical_Mathematical,12.62,2.0,Good
28,Sales Representative,S1385,18,5,13,18,7,18,11,7,S1385,BEST,POOR,AVG,BEST,POOR,BEST,AVG,POOR,Linguistic,12.12,2.0,Good
28,Sales Representative,S1386,17,5,12,17,7,18,11,7,S1386,BEST,POOR,AVG,BEST,POOR,BEST,AVG,POOR,Interpersonal,11.75,2.0,Good
28,Sales Representative,S1387,16,7,11,16,7,17,11,8,S1387,BEST,POOR,AVG,BEST,POOR,BEST,AVG,POOR,Interpersonal,11.62,2.0,Good
28,Sales Representative,S1388,15,7,14,16,7,17,11,9,S1388,BEST,POOR,AVG,BEST,POOR,BEST,AVG,POOR,Interpersonal,12.0,2.0,Good
28,Sales Representative,S1389,20,7,13,16,7,17,11,7,S1389,BEST,POOR,AVG,BEST,POOR,BEST,AVG,POOR,Linguistic,12.25,2.0,Good
28,Sales Representative,S1390,19,7,12,16,7,17,12,10,S1390,BEST,POOR,AVG,BEST,POOR,BEST,AVG,POOR,Linguistic,12.5,2.0,Good
28,Sales Representative,S1391,18,7,11,15,7,17,12,7,S1391,BEST,POOR,AVG,BEST,POOR,BEST,AVG,POOR,Linguistic,11.75,2.0,Good
28,Sales Representative,S1392,17,7,14,20,7,17,12,8,S1392,BEST,POOR,AVG,BEST,POOR,BEST,AVG,POOR,Logical_Mathematical,12.75,2.0,Good
28,Sales Representative,S1393,16,7,13,18,7,17,12,9,S1393,BEST,POOR,AVG,BEST,POOR,BEST,AVG,POOR,Logical_Mathematical,12.38,2.0,Good
28,Sales Representative,S1394,15,6,12,17,7,17,12,7,S1394,BEST,POOR,AVG,BEST,POOR,BEST,AVG,POOR,Logical_Mathematical,11.62,2.0,Good
28,Sales Representative,S1395,15,6,11,16,7,17,12,10,S1395,BEST,POOR,AVG,BEST,POOR,BEST,AVG,POOR,Interpersonal,11.75,2.0,Good
28,Sales Representative,S1396,17,5,14,15,7,17,12,7,S1396,BEST,POOR,AVG,BEST,POOR,BEST,AVG,POOR,Linguistic,11.75,2.0,Good
28,Sales Representative,S1397,18,5,13,20,7,17,12,8,S1397,BEST,POOR,AVG,BEST,POOR,BEST,AVG,POOR,Logical_Mathematical,12.5,2.0,Good
28,Sales Representative,S1398,19,7,12,18,7,17,12,8,S1398,BEST,POOR,AVG,BEST,POOR,BEST,AVG,POOR,Linguistic,12.5,2.0,Good
28,Sales Representative,S1399,20,7,13,17,7,17,12,8,S1399,BEST,POOR,AVG,BEST,POOR,BEST,AVG,POOR,Linguistic,12.62,2.0,Good
28,Sales Representative,S1400,15,7,12,16,7,17,12,8,S1400,BEST,POOR,AVG,BEST,POOR,BEST,AVG,POOR,Interpersonal,11.75,2.0,Good
29,Counselor,S1401,11,6,14,17,6,19,17,12,S1401,AVG,POOR,AVG,BEST,POOR,BEST,BEST,AVG,Interpersonal,12.75,2.12,Good
29,Counselor,S1402,12,6,14,17,6,16,16,12,S1402,AVG,POOR,AVG,BEST,POOR,BEST,BEST,AVG,Logical_Mathematical,12.38,2.12,Good
29,Counselor,S1403,13,6,14,17,6,15,17,12,S1403,AVG,POOR,AVG,BEST,POOR,BEST,BEST,AVG,Logical_Mathematical,12.5,2.12,Good
29,Counselor,S1404,14,6,14,17,6,17,19,12,S1404,AVG,POOR,AVG,BEST,POOR,BEST,BEST,AVG,Intrapersonal,13.12,2.12,Good
29,Counselor,S1405,13,5,14,17,5,18,17,12,S1405,AVG,POOR,AVG,BEST,POOR,BEST,BEST,AVG,Interpersonal,12.62,2.12,Good
29,Counselor,S1406,12,5,14,15,5,19,16,12,S1406,AVG,POOR,AVG,BEST,POOR,BEST,BEST,AVG,Interpersonal,12.25,2.12,Good
29,Counselor,S1407,11,6,14,16,6,19,17,12,S1407,AVG,POOR,AVG,BEST,POOR,BEST,BEST,AVG,Interpersonal,12.62,2.12,Good
29,Counselor,S1408,11,6,14,18,6,16,19,12,S1408,AVG,POOR,AVG,BEST,POOR,BEST,BEST,AVG,Intrapersonal,12.75,2.12,Good
29,Counselor,S1409,12,6,14,19,6,15,17,12,S1409,AVG,POOR,AVG,BEST,POOR,BEST,BEST,AVG,Logical_Mathematical,12.62,2.12,Good
29,Counselor,S1410,13,6,14,20,5,17,17,13,S1410,AVG,POOR,AVG,BEST,POOR,BEST,BEST,AVG,Logical_Mathematical,13.12,2.12,Good
29,Counselor,S1411,14,6,14,17,5,18,16,13,S1411,AVG,POOR,AVG,BEST,POOR,BEST,BEST,AVG,Interpersonal,12.88,2.12,Good
29,Counselor,S1412,13,5,14,15,6,19,17,13,S1412,AVG,POOR,AVG,BEST,POOR,BEST,BEST,AVG,Interpersonal,12.75,2.12,Good
29,Counselor,S1413,12,5,14,16,6,19,19,13,S1413,AVG,POOR,AVG,BEST,POOR,BEST,BEST,AVG,Interpersonal,13.0,2.12,Good
29,Counselor,S1414,11,5,14,18,5,16,16,13,S1414,AVG,POOR,AVG,BEST,POOR,BEST,BEST,AVG,Logical_Mathematical,12.25,2.12,Good
29,Counselor,S1415,13,5,14,19,5,15,17,13,S1415,AVG,POOR,AVG,BEST,POOR,BEST,BEST,AVG,Logical_Mathematical,12.62,2.12,Good
29,Counselor,S1416,13,5,14,20,5,17,19,13,S1416,AVG,POOR,AVG,BEST,POOR,BEST,BEST,AVG,Logical_Mathematical,13.25,2.12,Good
29,Counselor,S1417,11,5,14,17,5,18,17,13,S1417,AVG,POOR,AVG,BEST,POOR,BEST,BEST,AVG,Interpersonal,12.5,2.12,Good
29,Counselor,S1418,12,5,14,15,5,18,16,13,S1418,AVG,POOR,AVG,BEST,POOR,BEST,BEST,AVG,Interpersonal,12.25,2.12,Good
29,Counselor,S1419,13,5,14,16,5,18,17,13,S1419,AVG,POOR,AVG,BEST,POOR,BEST,BEST,AVG,Interpersonal,12.62,2.12,Good
29,Counselor,S1420,14,6,14,18,5,19,19,14,S1420,AVG,POOR,AVG,BEST,POOR,BEST,BEST,AVG,Interpersonal,13.62,2.12,Good
29,Counselor,S1421,13,6,14,19,5,16,16,14,S1421,AVG,POOR,AVG,BEST,POOR,BEST,BEST,AVG,Logical_Mathematical,12.88,2.12,Good
29,Counselor,S1422,12,5,14,20,5,15,17,14,S1422,AVG,POOR,AVG,BEST,POOR,BEST,BEST,AVG,Logical_Mathematical,12.75,2.12,Good
29,Counselor,S1423,11,5,14,17,5,17,19,14,S1423,AVG,POOR,AVG,BEST,POOR,BEST,BEST,AVG,Intrapersonal,12.75,2.12,Good
29,Counselor,S1424,14,5,14,17,5,18,17,14,S1424,AVG,POOR,AVG,BEST,POOR,BEST,BEST,AVG,Interpersonal,13.0,2.12,Good
29,Counselor,S1425,11,8,14,17,5,16,17,14,S1425,AVG,POOR,AVG,BEST,POOR,BEST,BEST,AVG,Logical_Mathematical,12.75,2.12,Good
29,Counselor,S1426,12,7,14,15,8,16,16,14,S1426,AVG,POOR,AVG,BEST,POOR,BEST,BEST,AVG,Interpersonal,12.75,2.12,Good
29,Counselor,S1427,13,9,14,16,5,19,17,14,S1427,AVG,POOR,AVG,BEST,POOR,BEST,BEST,AVG,Interpersonal,13.38,2.12,Good
29,Counselor,S1428,14,8,14,18,8,16,19,14,S1428,AVG,POOR,AVG,BEST,POOR,BEST,BEST,AVG,Intrapersonal,13.88,2.12,Good
29,Counselor,S1429,13,8,14,19,7,15,17,14,S1429,AVG,POOR,AVG,BEST,POOR,BEST,BEST,AVG,Logical_Mathematical,13.38,2.12,Good
29,Counselor,S1430,12,8,14,20,9,17,20,14,S1430,AVG,POOR,AVG,BEST,POOR,BEST,BEST,AVG,Logical_Mathematical,14.25,2.12,Good
29,Counselor,S1431,11,8,14,20,8,18,16,14,S1431,AVG,POOR,AVG,BEST,POOR,BEST,BEST,AVG,Logical_Mathematical,13.62,2.12,Good
29,Counselor,S1432,14,8,14,20,8,19,17,14,S1432,AVG,POOR,AVG,BEST,POOR,BEST,BEST,AVG,Logical_Mathematical,14.25,2.12,Good
29,Counselor,S1433,11,8,12,20,8,19,19,14,S1433,AVG,POOR,AVG,BEST,POOR,BEST,BEST,AVG,Logical_Mathematical,13.88,2.12,Good
29,Counselor,S1434,12,8,12,15,8,19,20,14,S1434,AVG,POOR,AVG,BEST,POOR,BEST,BEST,AVG,Intrapersonal,13.5,2.12,Good
29,Counselor,S1435,13,8,12,16,8,16,20,11,S1435,AVG,POOR,AVG,BEST,POOR,BEST,BEST,AVG,Intrapersonal,13.0,2.12,Good
29,Counselor,S1436,14,8,12,18,5,15,16,11,S1436,AVG,POOR,AVG,BEST,POOR,BEST,BEST,AVG,Logical_Mathematical,12.38,2.12,Good
29,Counselor,S1437,13,8,12,19,8,17,17,11,S1437,AVG,POOR,AVG,BEST,POOR,BEST,BEST,AVG,Logical_Mathematical,13.12,2.12,Good
29,Counselor,S1438,12,5,12,20,7,18,19,11,S1438,AVG,POOR,AVG,BEST,POOR,BEST,BEST,AVG,Logical_Mathematical,13.0,2.12,Good
29,Counselor,S1439,11,8,12,20,9,18,20,11,S1439,AVG,POOR,AVG,BEST,POOR,BEST,BEST,AVG,Logical_Mathematical,13.62,2.12,Good
29,Counselor,S1440,11,7,12,15,8,19,16,11,S1440,AVG,POOR,AVG,BEST,POOR,BEST,BEST,AVG,Interpersonal,12.38,2.12,Good
29,Counselor,S1441,11,9,12,16,8,16,17,11,S1441,AVG,POOR,AVG,BEST,POOR,BEST,BEST,AVG,Intrapersonal,12.5,2.12,Good
29,Counselor,S1442,12,7,12,18,7,15,19,11,S1442,AVG,POOR,AVG,BEST,POOR,BEST,BEST,AVG,Intrapersonal,12.62,2.12,Good
29,Counselor,S1443,13,7,12,19,7,17,20,11,S1443,AVG,POOR,AVG,BEST,POOR,BEST,BEST,AVG,Intrapersonal,13.25,2.12,Good
29,Counselor,S1444,14,7,12,20,7,18,16,11,S1444,AVG,POOR,AVG,BEST,POOR,BEST,BEST,AVG,Logical_Mathematical,13.12,2.12,Good
29,Counselor,S1445,13,7,12,20,7,19,17,12,S1445,AVG,POOR,AVG,BEST,POOR,BEST,BEST,AVG,Logical_Mathematical,13.38,2.12,Good
29,Counselor,S1446,12,7,12,15,7,19,19,12,S1446,AVG,POOR,AVG,BEST,POOR,BEST,BEST,AVG,Interpersonal,12.88,2.12,Good
29,Counselor,S1447,11,7,12,16,7,16,16,12,S1447,AVG,POOR,AVG,BEST,POOR,BEST,BEST,AVG,Logical_Mathematical,12.12,2.12,Good
29,Counselor,S1448,12,7,12,18,7,15,17,12,S1448,AVG,POOR,AVG,BEST,POOR,BEST,BEST,AVG,Logical_Mathematical,12.5,2.12,Good
29,Counselor,S1449,13,7,12,19,7,17,19,12,S1449,AVG,POOR,AVG,BEST,POOR,BEST,BEST,AVG,Logical_Mathematical,13.25,2.12,Good
29,Counselor,S1450,14,7,12,20,7,18,20,12,S1450,AVG,POOR,AVG,BEST,POOR,BEST,BEST,AVG,Logical_Mathematical,13.75,2.12,Good
30,Athlete,S1451,12,11,19,5,7,19,18,13,S1451,AVG,AVG,BEST,POOR,POOR,BEST,BEST,AVG,Bodily,13.0,2.12,Good
30,Athlete,S1452,11,11,17,6,7,19,16,12,S1452,AVG,AVG,BEST,POOR,POOR,BEST,BEST,AVG,Interpersonal,12.38,2.12,Good
30,Athlete,S1453,13,11,18,8,7,19,17,14,S1453,AVG,AVG,BEST,POOR,POOR,BEST,BEST,AVG,Interpersonal,13.38,2.12,Good
30,Athlete,S1454,14,11,16,7,7,19,19,12,S1454,AVG,AVG,BEST,POOR,POOR,BEST,BEST,AVG,Interpersonal,13.12,2.12,Good
30,Athlete,S1455,11,11,15,10,7,19,20,11,S1455,AVG,AVG,BEST,POOR,POOR,BEST,BEST,AVG,Intrapersonal,13.0,2.12,Good
30,Athlete,S1456,12,11,20,8,7,19,19,13,S1456,AVG,AVG,BEST,POOR,POOR,BEST,BEST,AVG,Bodily,13.62,2.12,Good
30,Athlete,S1457,13,11,19,6,5,19,18,12,S1457,AVG,AVG,BEST,POOR,POOR,BEST,BEST,AVG,Bodily,12.88,2.12,Good
30,Athlete,S1458,12,11,18,5,6,19,17,14,S1458,AVG,AVG,BEST,POOR,POOR,BEST,BEST,AVG,Interpersonal,12.75,2.12,Good
30,Athlete,S1459,11,11,19,6,8,19,18,12,S1459,AVG,AVG,BEST,POOR,POOR,BEST,BEST,AVG,Bodily,13.0,2.12,Good
30,Athlete,S1460,13,11,19,8,7,19,15,11,S1460,AVG,AVG,BEST,POOR,POOR,BEST,BEST,AVG,Bodily,12.88,2.12,Good
30,Athlete,S1461,14,11,17,7,10,19,18,13,S1461,AVG,AVG,BEST,POOR,POOR,BEST,BEST,AVG,Interpersonal,13.62,2.12,Good
30,Athlete,S1462,11,11,18,10,8,19,16,12,S1462,AVG,AVG,BEST,POOR,POOR,BEST,BEST,AVG,Interpersonal,13.12,2.12,Good
30,Athlete,S1463,12,11,16,8,6,19,17,14,S1463,AVG,AVG,BEST,POOR,POOR,BEST,BEST,AVG,Interpersonal,12.88,2.12,Good
30,Athlete,S1464,13,11,15,6,7,19,19,12,S1464,AVG,AVG,BEST,POOR,POOR,BEST,BEST,AVG,Interpersonal,12.75,2.12,Good
30,Athlete,S1465,12,11,20,5,7,19,20,11,S1465,AVG,AVG,BEST,POOR,POOR,BEST,BEST,AVG,Bodily,13.12,2.12,Good
30,Athlete,S1466,12,11,19,6,5,19,19,13,S1466,AVG,AVG,BEST,POOR,POOR,BEST,BEST,AVG,Bodily,13.0,2.12,Good
30,Athlete,S1467,11,11,18,8,6,19,18,13,S1467,AVG,AVG,BEST,POOR,POOR,BEST,BEST,AVG,Interpersonal,13.0,2.12,Good
30,Athlete,S1468,13,11,19,7,8,15,17,12,S1468,AVG,AVG,BEST,POOR,POOR,BEST,BEST,AVG,Bodily,12.75,2.12,Good
30,Athlete,S1469,14,11,17,10,7,15,18,14,S1469,AVG,AVG,BEST,POOR,POOR,BEST,BEST,AVG,Intrapersonal,13.25,2.12,Good
30,Athlete,S1470,11,11,18,8,10,15,15,12,S1470,AVG,AVG,BEST,POOR,POOR,BEST,BEST,AVG,Bodily,12.5,2.12,Good
30,Athlete,S1471,12,11,16,6,8,15,18,11,S1471,AVG,AVG,BEST,POOR,POOR,BEST,BEST,AVG,Intrapersonal,12.12,2.12,Good
30,Athlete,S1472,13,11,15,5,6,15,18,13,S1472,AVG,AVG,BEST,POOR,POOR,BEST,BEST,AVG,Intrapersonal,12.0,2.12,Good
30,Athlete,S1473,12,11,20,6,7,15,16,12,S1473,AVG,AVG,BEST,POOR,POOR,BEST,BEST,AVG,Bodily,12.38,2.12,Good
30,Athlete,S1474,11,11,19,8,7,15,17,14,S1474,AVG,AVG,BEST,POOR,POOR,BEST,BEST,AVG,Bodily,12.75,2.12,Good
30,Athlete,S1475,13,11,18,7,7,15,19,12,S1475,AVG,AVG,BEST,POOR,POOR,BEST,BEST,AVG,Intrapersonal,12.75,2.12,Good
30,Athlete,S1476,14,11,20,10,7,15,20,11,S1476,AVG,AVG,BEST,POOR,POOR,BEST,BEST,AVG,Bodily,13.5,2.12,Good
30,Athlete,S1477,11,11,19,8,5,15,19,13,S1477,AVG,AVG,BEST,POOR,POOR,BEST,BEST,AVG,Bodily,12.62,2.12,Good
30,Athlete,S1478,12,11,18,6,6,15,18,12,S1478,AVG,AVG,BEST,POOR,POOR,BEST,BEST,AVG,Bodily,12.25,2.12,Good
30,Athlete,S1479,13,11,17,5,8,15,17,14,S1479,AVG,AVG,BEST,POOR,POOR,BEST,BEST,AVG,Bodily,12.5,2.12,Good
30,Athlete,S1480,12,11,16,6,7,15,18,12,S1480,AVG,AVG,BEST,POOR,POOR,BEST,BEST,AVG,Intrapersonal,12.12,2.12,Good
30,Athlete,S1481,11,14,16,8,10,15,15,11,S1481,AVG,AVG,BEST,POOR,POOR,BEST,BEST,AVG,Bodily,12.5,2.12,Good
30,Athlete,S1482,13,14,19,7,8,15,18,13,S1482,AVG,AVG,BEST,POOR,POOR,BEST,BEST,AVG,Bodily,13.38,2.12,Good
30,Athlete,S1483,14,14,17,10,6,17,16,13,S1483,AVG,AVG,BEST,POOR,POOR,BEST,BEST,AVG,Bodily,13.38,2.12,Good
30,Athlete,S1484,11,14,16,8,7,17,17,13,S1484,AVG,AVG,BEST,POOR,POOR,BEST,BEST,AVG,Interpersonal,12.88,2.12,Good
30,Athlete,S1485,12,14,15,6,7,17,19,12,S1485,AVG,AVG,BEST,POOR,POOR,BEST,BEST,AVG,Intrapersonal,12.75,2.12,Good
30,Athlete,S1486,13,14,20,5,7,17,20,14,S1486,AVG,AVG,BEST,POOR,POOR,BEST,BEST,AVG,Bodily,13.75,2.12,Good
30,Athlete,S1487,13,14,19,6,7,17,19,12,S1487,AVG,AVG,BEST,POOR,POOR,BEST,BEST,AVG,Bodily,13.38,2.12,Good
30,Athlete,S1488,13,14,18,8,5,17,18,11,S1488,AVG,AVG,BEST,POOR,POOR,BEST,BEST,AVG,Bodily,13.0,2.12,Good
30,Athlete,S1489,13,14,17,7,6,17,17,13,S1489,AVG,AVG,BEST,POOR,POOR,BEST,BEST,AVG,Bodily,13.0,2.12,Good
30,Athlete,S1490,13,14,16,10,8,17,18,13,S1490,AVG,AVG,BEST,POOR,POOR,BEST,BEST,AVG,Intrapersonal,13.62,2.12,Good
30,Athlete,S1491,11,14,17,8,7,17,16,12,S1491,AVG,AVG,BEST,POOR,POOR,BEST,BEST,AVG,Bodily,12.75,2.12,Good
30,Athlete,S1492,11,14,19,6,10,17,17,14,S1492,AVG,AVG,BEST,POOR,POOR,BEST,BEST,AVG,Bodily,13.5,2.12,Good
30,Athlete,S1493,11,14,17,5,8,17,19,12,S1493,AVG,AVG,BEST,POOR,POOR,BEST,BEST,AVG,Intrapersonal,12.88,2.12,Good
30,Athlete,S1494,11,14,16,6,6,17,20,11,S1494,AVG,AVG,BEST,POOR,POOR,BEST,BEST,AVG,Intrapersonal,12.62,2.12,Good
30,Athlete,S1495,11,14,15,8,9,17,19,13,S1495,AVG,AVG,BEST,POOR,POOR,BEST,BEST,AVG,Intrapersonal,13.25,2.12,Good
30,Athlete,S1496,11,14,20,7,9,17,18,13,S1496,AVG,AVG,BEST,POOR,POOR,BEST,BEST,AVG,Bodily,13.62,2.12,Good
30,Athlete,S1497,11,14,19,10,9,17,17,12,S1497,AVG,AVG,BEST,POOR,POOR,BEST,BEST,AVG,Bodily,13.62,2.12,Good
30,Athlete,S1498,11,14,18,8,9,17,18,14,S1498,AVG,AVG,BEST,POOR,POOR,BEST,BEST,AVG,Bodily,13.62,2.12,Good
30,Athlete,S1499,11,14,17,6,9,17,15,12,S1499,AVG,AVG,BEST,POOR,POOR,BEST,BEST,AVG,Bodily,12.62,2.12,Good
30,Athlete,S1500,11,14,16,8,9,17,16,11,S1500,AVG,AVG,BEST,POOR,POOR,BEST,BEST,AVG,Interpersonal,12.75,2.12,Good
31,Dancer,S1501,5,20,18,5,11,2,11,14,S1501,POOR,BEST,BEST,POOR,AVG,BEST,AVG,AVG,Musical,10.75,2.12,Good
31,Dancer,S1502,6,19,18,6,11,2,11,12,S1502,POOR,BEST,BEST,POOR,AVG,BEST,AVG,AVG,Musical,10.62,2.12,Good
31,Dancer,S1503,7,18,18,7,12,2,12,11,S1503,POOR,BEST,BEST,POOR,AVG,BEST,AVG,AVG,Musical,10.88,2.12,Good
31,Dancer,S1504,8,17,18,8,12,2,12,12,S1504,POOR,BEST,BEST,POOR,AVG,BEST,AVG,AVG,Bodily,11.12,2.12,Good
31,Dancer,S1505,9,16,18,9,13,2,13,12,S1505,POOR,BEST,BEST,POOR,AVG,BEST,AVG,AVG,Bodily,11.5,2.12,Good
31,Dancer,S1506,10,15,18,10,12,2,12,13,S1506,POOR,BEST,BEST,POOR,AVG,BEST,AVG,AVG,Bodily,11.5,2.12,Good
31,Dancer,S1507,10,20,18,10,12,17,12,14,S1507,POOR,BEST,BEST,POOR,AVG,BEST,AVG,AVG,Musical,14.12,2.12,Good
31,Dancer,S1508,9,19,18,9,13,17,13,12,S1508,POOR,BEST,BEST,POOR,AVG,BEST,AVG,AVG,Musical,13.75,2.12,Good
31,Dancer,S1509,8,18,18,8,13,17,13,12,S1509,POOR,BEST,BEST,POOR,AVG,BEST,AVG,AVG,Musical,13.38,2.12,Good
31,Dancer,S1510,7,17,18,7,14,17,14,13,S1510,POOR,BEST,BEST,POOR,AVG,BEST,AVG,AVG,Bodily,13.38,2.12,Good
31,Dancer,S1511,6,16,18,6,14,17,14,13,S1511,POOR,BEST,BEST,POOR,AVG,BEST,AVG,AVG,Bodily,13.0,2.12,Good
31,Dancer,S1512,5,15,18,5,11,17,11,11,S1512,POOR,BEST,BEST,POOR,AVG,BEST,AVG,AVG,Bodily,11.62,2.12,Good
31,Dancer,S1513,5,20,18,10,12,17,12,11,S1513,POOR,BEST,BEST,POOR,AVG,BEST,AVG,AVG,Musical,13.12,2.12,Good
31,Dancer,S1514,6,19,18,10,13,17,13,12,S1514,POOR,BEST,BEST,POOR,AVG,BEST,AVG,AVG,Musical,13.5,2.12,Good
31,Dancer,S1515,7,18,17,10,14,17,14,12,S1515,POOR,BEST,BEST,POOR,AVG,BEST,AVG,AVG,Musical,13.62,2.12,Good
31,Dancer,S1516,8,17,17,10,12,17,12,13,S1516,POOR,BEST,BEST,POOR,AVG,BEST,AVG,AVG,Musical,13.25,2.12,Good
31,Dancer,S1517,9,16,17,10,11,17,11,12,S1517,POOR,BEST,BEST,POOR,AVG,BEST,AVG,AVG,Bodily,12.88,2.12,Good
31,Dancer,S1518,10,15,17,10,12,17,12,12,S1518,POOR,BEST,BEST,POOR,AVG,BEST,AVG,AVG,Bodily,13.12,2.12,Good
31,Dancer,S1519,10,20,17,10,12,17,12,13,S1519,POOR,BEST,BEST,POOR,AVG,BEST,AVG,AVG,Musical,13.88,2.12,Good
31,Dancer,S1520,9,19,17,9,13,17,13,13,S1520,POOR,BEST,BEST,POOR,AVG,BEST,AVG,AVG,Musical,13.75,2.12,Good
31,Dancer,S1521,8,18,17,9,14,17,14,14,S1521,POOR,BEST,BEST,POOR,AVG,BEST,AVG,AVG,Musical,13.88,2.12,Good
31,Dancer,S1522,7,17,17,9,12,17,12,14,S1522,POOR,BEST,BEST,POOR,AVG,BEST,AVG,AVG,Musical,13.12,2.12,Good
31,Dancer,S1523,6,16,17,9,11,17,11,14,S1523,POOR,BEST,BEST,POOR,AVG,BEST,AVG,AVG,Bodily,12.62,2.12,Good
31,Dancer,S1524,5,15,17,9,11,17,11,12,S1524,POOR,BEST,BEST,POOR,AVG,BEST,AVG,AVG,Bodily,12.12,2.12,Good
31,Dancer,S1525,5,20,17,9,12,17,12,11,S1525,POOR,BEST,BEST,POOR,AVG,BEST,AVG,AVG,Musical,12.88,2.12,Good
31,Dancer,S1526,6,19,17,9,12,17,12,12,S1526,POOR,BEST,BEST,POOR,AVG,BEST,AVG,AVG,Musical,13.0,2.12,Good
31,Dancer,S1527,7,18,17,9,13,17,13,12,S1527,POOR,BEST,BEST,POOR,AVG,BEST,AVG,AVG,Musical,13.25,2.12,Good
31,Dancer,S1528,8,17,17,9,12,17,12,13,S1528,POOR,BEST,BEST,POOR,AVG,BEST,AVG,AVG,Musical,13.12,2.12,Good
31,Dancer,S1529,9,16,16,9,12,17,12,14,S1529,POOR,BEST,BEST,POOR,AVG,BEST,AVG,AVG,Interpersonal,13.12,2.12,Good
31,Dancer,S1530,10,15,16,6,13,17,13,12,S1530,POOR,BEST,BEST,POOR,AVG,BEST,AVG,AVG,Interpersonal,12.75,2.12,Good
31,Dancer,S1531,10,20,16,6,13,17,13,11,S1531,POOR,BEST,BEST,POOR,AVG,BEST,AVG,AVG,Musical,13.25,2.12,Good
31,Dancer,S1532,9,19,16,6,14,17,14,13,S1532,POOR,BEST,BEST,POOR,AVG,BEST,AVG,AVG,Musical,13.5,2.12,Good
31,Dancer,S1533,8,18,16,6,14,17,14,12,S1533,POOR,BEST,BEST,POOR,AVG,BEST,AVG,AVG,Musical,13.12,2.12,Good
31,Dancer,S1534,7,17,16,6,14,17,14,12,S1534,POOR,BEST,BEST,POOR,AVG,BEST,AVG,AVG,Musical,12.88,2.12,Good
31,Dancer,S1535,6,16,16,6,12,16,12,11,S1535,POOR,BEST,BEST,POOR,AVG,BEST,AVG,AVG,Musical,11.88,2.12,Good
31,Dancer,S1536,5,15,16,6,11,16,11,12,S1536,POOR,BEST,BEST,POOR,AVG,BEST,AVG,AVG,Bodily,11.5,2.12,Good
31,Dancer,S1537,5,20,16,6,12,16,12,12,S1537,POOR,BEST,BEST,POOR,AVG,BEST,AVG,AVG,Musical,12.38,2.12,Good
31,Dancer,S1538,6,19,16,6,13,16,13,13,S1538,POOR,BEST,BEST,POOR,AVG,BEST,AVG,AVG,Musical,12.75,2.12,Good
31,Dancer,S1539,7,18,16,6,14,16,14,12,S1539,POOR,BEST,BEST,POOR,AVG,BEST,AVG,AVG,Musical,12.88,2.12,Good
31,Dancer,S1540,8,17,16,5,12,16,12,12,S1540,POOR,BEST,BEST,POOR,AVG,BEST,AVG,AVG,Musical,12.25,2.12,Good
31,Dancer,S1541,9,16,16,5,11,16,11,13,S1541,POOR,BEST,BEST,POOR,AVG,BEST,AVG,AVG,Musical,12.12,2.12,Good
31,Dancer,S1542,10,15,16,5,12,16,12,13,S1542,POOR,BEST,BEST,POOR,AVG,BEST,AVG,AVG,Bodily,12.38,2.12,Good
31,Dancer,S1543,10,20,16,5,12,16,12,14,S1543,POOR,BEST,BEST,POOR,AVG,BEST,AVG,AVG,Musical,13.12,2.12,Good
31,Dancer,S1544,9,19,16,5,13,16,13,14,S1544,POOR,BEST,BEST,POOR,AVG,BEST,AVG,AVG,Musical,13.12,2.12,Good
31,Dancer,S1545,8,18,15,5,11,16,11,11,S1545,POOR,BEST,BEST,POOR,AVG,BEST,AVG,AVG,Musical,11.88,2.12,Good
31,Dancer,S1546,7,17,15,8,12,16,12,13,S1546,POOR,BEST,BEST,POOR,AVG,BEST,AVG,AVG,Musical,12.5,2.12,Good
31,Dancer,S1547,6,16,15,8,12,16,12,12,S1547,POOR,BEST,BEST,POOR,AVG,BEST,AVG,AVG,Musical,12.12,2.12,Good
31,Dancer,S1548,5,15,15,8,12,16,12,11,S1548,POOR,BEST,BEST,POOR,AVG,BEST,AVG,AVG,Interpersonal,11.75,2.12,Good
31,Dancer,S1549,7,16,15,8,13,16,13,14,S1549,POOR,BEST,BEST,POOR,AVG,BEST,AVG,AVG,Musical,12.75,2.12,Good
31,Dancer,S1550,6,17,15,8,13,16,13,12,S1550,POOR,BEST,BEST,POOR,AVG,BEST,AVG,AVG,Musical,12.5,2.12,Good
32,Mechanic,S1551,5,7,20,18,11,14,5,12,S1551,POOR,POOR,BEST,BEST,AVG,AVG,POOR,AVG,Bodily,11.5,1.88,Average
32,Mechanic,S1552,6,7,18,18,11,14,6,12,S1552,POOR,POOR,BEST,BEST,AVG,AVG,POOR,AVG,Bodily,11.5,1.88,Average
32,Mechanic,S1553,7,7,17,18,12,14,7,12,S1553,POOR,POOR,BEST,BEST,AVG,AVG,POOR,AVG,Logical_Mathematical,11.75,1.88,Average
32,Mechanic,S1554,8,7,18,18,12,14,5,12,S1554,POOR,POOR,BEST,BEST,AVG,AVG,POOR,AVG,Bodily,11.75,1.88,Average
32,Mechanic,S1555,9,7,19,18,13,14,6,12,S1555,POOR,POOR,BEST,BEST,AVG,AVG,POOR,AVG,Bodily,12.25,1.88,Average
32,Mechanic,S1556,10,7,16,18,12,14,7,12,S1556,POOR,POOR,BEST,BEST,AVG,AVG,POOR,AVG,Logical_Mathematical,12.0,1.88,Average
32,Mechanic,S1557,10,7,17,18,12,14,5,12,S1557,POOR,POOR,BEST,BEST,AVG,AVG,POOR,AVG,Logical_Mathematical,11.88,1.88,Average
32,Mechanic,S1558,9,7,18,18,13,14,6,12,S1558,POOR,POOR,BEST,BEST,AVG,AVG,POOR,AVG,Bodily,12.12,1.88,Average
32,Mechanic,S1559,8,7,19,18,13,14,7,12,S1559,POOR,POOR,BEST,BEST,AVG,AVG,POOR,AVG,Bodily,12.25,1.88,Average
32,Mechanic,S1560,7,7,20,18,14,14,5,12,S1560,POOR,POOR,BEST,BEST,AVG,AVG,POOR,AVG,Bodily,12.12,1.88,Average
32,Mechanic,S1561,6,7,18,18,14,14,6,12,S1561,POOR,POOR,BEST,BEST,AVG,AVG,POOR,AVG,Bodily,11.88,1.88,Average
32,Mechanic,S1562,5,7,17,18,11,14,7,12,S1562,POOR,POOR,BEST,BEST,AVG,AVG,POOR,AVG,Logical_Mathematical,11.38,1.88,Average
32,Mechanic,S1563,7,5,18,18,12,14,5,13,S1563,POOR,POOR,BEST,BEST,AVG,AVG,POOR,AVG,Bodily,11.5,1.88,Average
32,Mechanic,S1564,7,6,19,18,13,14,6,13,S1564,POOR,POOR,BEST,BEST,AVG,AVG,POOR,AVG,Bodily,12.0,1.88,Average
32,Mechanic,S1565,6,7,16,17,14,14,7,13,S1565,POOR,POOR,BEST,BEST,AVG,AVG,POOR,AVG,Logical_Mathematical,11.75,1.88,Average
32,Mechanic,S1566,7,8,17,17,12,14,8,13,S1566,POOR,POOR,BEST,BEST,AVG,AVG,POOR,AVG,Bodily,12.0,1.88,Average
32,Mechanic,S1567,8,9,18,17,11,13,9,13,S1567,POOR,POOR,BEST,BEST,AVG,AVG,POOR,AVG,Bodily,12.25,1.88,Average
32,Mechanic,S1568,7,10,19,17,12,13,10,13,S1568,POOR,POOR,BEST,BEST,AVG,AVG,POOR,AVG,Bodily,12.62,1.88,Average
32,Mechanic,S1569,9,10,20,17,12,13,8,13,S1569,POOR,POOR,BEST,BEST,AVG,AVG,POOR,AVG,Bodily,12.75,1.88,Average
32,Mechanic,S1570,7,9,18,17,13,13,9,13,S1570,POOR,POOR,BEST,BEST,AVG,AVG,POOR,AVG,Bodily,12.38,1.88,Average
32,Mechanic,S1571,5,8,17,17,14,13,10,13,S1571,POOR,POOR,BEST,BEST,AVG,AVG,POOR,AVG,Bodily,12.12,1.88,Average
32,Mechanic,S1572,7,7,18,17,12,13,8,14,S1572,POOR,POOR,BEST,BEST,AVG,AVG,POOR,AVG,Bodily,12.0,1.88,Average
32,Mechanic,S1573,8,6,19,17,11,13,9,14,S1573,POOR,POOR,BEST,BEST,AVG,AVG,POOR,AVG,Bodily,12.12,1.88,Average
32,Mechanic,S1574,7,5,16,17,11,13,10,14,S1574,POOR,POOR,BEST,BEST,AVG,AVG,POOR,AVG,Logical_Mathematical,11.62,1.88,Average
32,Mechanic,S1575,5,8,17,17,12,13,8,14,S1575,POOR,POOR,BEST,BEST,AVG,AVG,POOR,AVG,Bodily,11.75,1.88,Average
32,Mechanic,S1576,6,8,18,17,12,13,9,14,S1576,POOR,POOR,BEST,BEST,AVG,AVG,POOR,AVG,Bodily,12.12,1.88,Average
32,Mechanic,S1577,7,8,19,17,13,13,10,14,S1577,POOR,POOR,BEST,BEST,AVG,AVG,POOR,AVG,Bodily,12.62,1.88,Average
32,Mechanic,S1578,8,8,20,17,12,13,8,14,S1578,POOR,POOR,BEST,BEST,AVG,AVG,POOR,AVG,Bodily,12.5,1.88,Average
32,Mechanic,S1579,9,8,18,17,12,13,9,14,S1579,POOR,POOR,BEST,BEST,AVG,AVG,POOR,AVG,Bodily,12.5,1.88,Average
32,Mechanic,S1580,10,8,17,17,13,13,10,14,S1580,POOR,POOR,BEST,BEST,AVG,AVG,POOR,AVG,Bodily,12.75,1.88,Average
32,Mechanic,S1581,10,8,18,16,13,13,5,14,S1581,POOR,POOR,BEST,BEST,AVG,AVG,POOR,AVG,Bodily,12.12,1.88,Average
32,Mechanic,S1582,9,8,19,16,14,13,7,14,S1582,POOR,POOR,BEST,BEST,AVG,AVG,POOR,AVG,Bodily,12.5,1.88,Average
32,Mechanic,S1583,8,8,16,16,14,12,6,14,S1583,POOR,POOR,BEST,BEST,AVG,AVG,POOR,AVG,Bodily,11.75,1.88,Average
32,Mechanic,S1584,7,8,17,16,14,12,8,14,S1584,POOR,POOR,BEST,BEST,AVG,AVG,POOR,AVG,Bodily,12.0,1.88,Average
32,Mechanic,S1585,6,8,18,16,12,12,5,11,S1585,POOR,POOR,BEST,BEST,AVG,AVG,POOR,AVG,Bodily,11.0,1.88,Average
32,Mechanic,S1586,5,8,19,16,11,12,7,11,S1586,POOR,POOR,BEST,BEST,AVG,AVG,POOR,AVG,Bodily,11.12,1.88,Average
32,Mechanic,S1587,8,5,20,16,12,12,6,11,S1587,POOR,POOR,BEST,BEST,AVG,AVG,POOR,AVG,Bodily,11.25,1.88,Average
32,Mechanic,S1588,10,6,18,16,13,12,8,11,S1588,POOR,POOR,BEST,BEST,AVG,AVG,POOR,AVG,Bodily,11.75,1.88,Average
32,Mechanic,S1589,8,7,17,16,14,12,5,11,S1589,POOR,POOR,BEST,BEST,AVG,AVG,POOR,AVG,Bodily,11.25,1.88,Average
32,Mechanic,S1590,10,8,18,16,12,12,7,11,S1590,POOR,POOR,BEST,BEST,AVG,AVG,POOR,AVG,Bodily,11.75,1.88,Average
32,Mechanic,S1591,9,9,19,16,11,12,6,11,S1591,POOR,POOR,BEST,BEST,AVG,AVG,POOR,AVG,Bodily,11.62,1.88,Average
32,Mechanic,S1592,10,10,16,16,12,12,8,11,S1592,POOR,POOR,BEST,BEST,AVG,AVG,POOR,AVG,Bodily,11.88,1.88,Average
32,Mechanic,S1593,7,10,17,15,12,12,5,11,S1593,POOR,POOR,BEST,BEST,AVG,AVG,POOR,AVG,Bodily,11.12,1.88,Average
32,Mechanic,S1594,6,9,18,15,13,11,7,11,S1594,POOR,POOR,BEST,BEST,AVG,AVG,POOR,AVG,Bodily,11.25,1.88,Average
32,Mechanic,S1595,5,8,19,15,11,11,6,13,S1595,POOR,POOR,BEST,BEST,AVG,AVG,POOR,AVG,Bodily,11.0,1.88,Average
32,Mechanic,S1596,10,7,19,15,12,11,8,13,S1596,POOR,POOR,BEST,BEST,AVG,AVG,POOR,AVG,Bodily,11.88,1.88,Average
32,Mechanic,S1597,8,6,19,15,12,11,5,13,S1597,POOR,POOR,BEST,BEST,AVG,AVG,POOR,AVG,Bodily,11.12,1.88,Average
32,Mechanic,S1598,10,5,17,15,12,11,7,13,S1598,POOR,POOR,BEST,BEST,AVG,AVG,POOR,AVG,Bodily,11.25,1.88,Average
32,Mechanic,S1599,5,9,17,15,13,11,6,13,S1599,POOR,POOR,BEST,BEST,AVG,AVG,POOR,AVG,Bodily,11.12,1.88,Average
32,Mechanic,S1600,6,7,17,15,13,11,8,13,S1600,POOR,POOR,BEST,BEST,AVG,AVG,POOR,AVG,Bodily,11.25,1.88,Average
33,AI Engineer,S1601,20,14,16,5,5,17,15,12,S1601,BEST,AVG,BEST,POOR,POOR,BEST,BEST,AVG,Linguistic,13.0,2.25,Good
33,AI Engineer,S1602,19,13,17,6,5,17,15,13,S1602,BEST,AVG,BEST,POOR,POOR,BEST,BEST,AVG,Linguistic,13.12,2.25,Good
33,AI Engineer,S1603,18,12,15,7,6,18,15,11,S1603,BEST,AVG,BEST,POOR,POOR,BEST,BEST,AVG,Linguistic,12.75,2.25,Good
33,AI Engineer,S1604,17,11,18,8,6,18,15,14,S1604,BEST,AVG,BEST,POOR,POOR,BEST,BEST,AVG,Bodily,13.38,2.25,Good
33,AI Engineer,S1605,16,14,20,9,7,19,15,12,S1605,BEST,AVG,BEST,POOR,POOR,BEST,BEST,AVG,Bodily,14.0,2.25,Good
33,AI Engineer,S1606,15,13,17,5,7,19,15,13,S1606,BEST,AVG,BEST,POOR,POOR,BEST,BEST,AVG,Interpersonal,13.0,2.25,Good
33,AI Engineer,S1607,20,12,16,6,8,20,15,11,S1607,BEST,AVG,BEST,POOR,POOR,BEST,BEST,AVG,Linguistic,13.5,2.25,Good
33,AI Engineer,S1608,19,11,17,7,8,20,15,14,S1608,BEST,AVG,BEST,POOR,POOR,BEST,BEST,AVG,Interpersonal,13.88,2.25,Good
33,AI Engineer,S1609,18,14,15,8,5,16,15,12,S1609,BEST,AVG,BEST,POOR,POOR,BEST,BEST,AVG,Linguistic,12.88,2.25,Good
33,AI Engineer,S1610,17,13,18,9,5,15,15,13,S1610,BEST,AVG,BEST,POOR,POOR,BEST,BEST,AVG,Bodily,13.12,2.25,Good
33,AI Engineer,S1611,20,12,20,5,6,16,15,11,S1611,BEST,AVG,BEST,POOR,POOR,BEST,BEST,AVG,Linguistic,13.12,2.25,Good
33,AI Engineer,S1612,19,11,19,6,6,17,15,14,S1612,BEST,AVG,BEST,POOR,POOR,BEST,BEST,AVG,Linguistic,13.38,2.25,Good
33,AI Engineer,S1613,18,14,17,7,7,17,16,12,S1613,BEST,AVG,BEST,POOR,POOR,BEST,BEST,AVG,Linguistic,13.5,2.25,Good
33,AI Engineer,S1614,17,13,17,8,7,17,16,13,S1614,BEST,AVG,BEST,POOR,POOR,BEST,BEST,AVG,Linguistic,13.5,2.25,Good
33,AI Engineer,S1615,16,12,16,9,8,18,16,11,S1615,BEST,AVG,BEST,POOR,POOR,BEST,BEST,AVG,Interpersonal,13.25,2.25,Good
33,AI Engineer,S1616,15,11,17,5,5,18,16,14,S1616,BEST,AVG,BEST,POOR,POOR,BEST,BEST,AVG,Interpersonal,12.62,2.25,Good
33,AI Engineer,S1617,20,13,15,6,5,19,16,12,S1617,BEST,AVG,BEST,POOR,POOR,BEST,BEST,AVG,Linguistic,13.25,2.25,Good
33,AI Engineer,S1618,19,14,18,7,6,19,16,13,S1618,BEST,AVG,BEST,POOR,POOR,BEST,BEST,AVG,Linguistic,14.0,2.25,Good
33,AI Engineer,S1619,18,13,20,8,6,20,16,11,S1619,BEST,AVG,BEST,POOR,POOR,BEST,BEST,AVG,Bodily,14.0,2.25,Good
33,AI Engineer,S1620,17,12,19,9,7,20,16,14,S1620,BEST,AVG,BEST,POOR,POOR,BEST,BEST,AVG,Interpersonal,14.25,2.25,Good
33,AI Engineer,S1621,20,11,17,5,7,16,16,12,S1621,BEST,AVG,BEST,POOR,POOR,BEST,BEST,AVG,Linguistic,13.0,2.25,Good
33,AI Engineer,S1622,19,14,18,6,8,15,16,13,S1622,BEST,AVG,BEST,POOR,POOR,BEST,BEST,AVG,Linguistic,13.62,2.25,Good
33,AI Engineer,S1623,18,13,16,7,5,16,16,11,S1623,BEST,AVG,BEST,POOR,POOR,BEST,BEST,AVG,Linguistic,12.75,2.25,Good
33,AI Engineer,S1624,17,12,17,8,5,17,17,14,S1624,BEST,AVG,BEST,POOR,POOR,BEST,BEST,AVG,Linguistic,13.38,2.25,Good
33,AI Engineer,S1625,16,11,15,9,6,17,17,12,S1625,BEST,AVG,BEST,POOR,POOR,BEST,BEST,AVG,Interpersonal,12.88,2.25,Good
33,AI Engineer,S1626,15,14,18,5,6,17,17,13,S1626,BEST,AVG,BEST,POOR,POOR,BEST,BEST,AVG,Bodily,13.12,2.25,Good
33,AI Engineer,S1627,20,13,20,6,7,18,17,11,S1627,BEST,AVG,BEST,POOR,POOR,BEST,BEST,AVG,Linguistic,14.0,2.25,Good
33,AI Engineer,S1628,19,12,19,7,7,18,17,14,S1628,BEST,AVG,BEST,POOR,POOR,BEST,BEST,AVG,Linguistic,14.12,2.25,Good
33,AI Engineer,S1629,18,11,17,8,8,19,17,12,S1629,BEST,AVG,BEST,POOR,POOR,BEST,BEST,AVG,Interpersonal,13.75,2.25,Good
33,AI Engineer,S1630,17,14,18,9,5,19,17,13,S1630,BEST,AVG,BEST,POOR,POOR,BEST,BEST,AVG,Interpersonal,14.0,2.25,Good
33,AI Engineer,S1631,20,13,18,5,5,20,17,11,S1631,BEST,AVG,BEST,POOR,POOR,BEST,BEST,AVG,Linguistic,13.62,2.25,Good
33,AI Engineer,S1632,19,12,16,6,6,20,17,14,S1632,BEST,AVG,BEST,POOR,POOR,BEST,BEST,AVG,Interpersonal,13.75,2.25,Good
33,AI Engineer,S1633,18,11,17,7,6,16,17,12,S1633,BEST,AVG,BEST,POOR,POOR,BEST,BEST,AVG,Linguistic,13.0,2.25,Good
33,AI Engineer,S1634,17,14,15,8,7,15,19,13,S1634,BEST,AVG,BEST,POOR,POOR,BEST,BEST,AVG,Intrapersonal,13.5,2.25,Good
33,AI Engineer,S1635,16,13,18,9,7,16,19,11,S1635,BEST,AVG,BEST,POOR,POOR,BEST,BEST,AVG,Intrapersonal,13.62,2.25,Good
33,AI Engineer,S1636,15,12,20,5,8,17,19,14,S1636,BEST,AVG,BEST,POOR,POOR,BEST,BEST,AVG,Bodily,13.75,2.25,Good
33,AI Engineer,S1637,20,11,19,6,5,17,19,12,S1637,BEST,AVG,BEST,POOR,POOR,BEST,BEST,AVG,Linguistic,13.62,2.25,Good
33,AI Engineer,S1638,19,14,17,7,5,17,19,13,S1638,BEST,AVG,BEST,POOR,POOR,BEST,BEST,AVG,Linguistic,13.88,2.25,Good
33,AI Engineer,S1639,18,13,16,8,6,18,19,11,S1639,BEST,AVG,BEST,POOR,POOR,BEST,BEST,AVG,Intrapersonal,13.62,2.25,Good
33,AI Engineer,S1640,17,12,17,9,6,18,19,14,S1640,BEST,AVG,BEST,POOR,POOR,BEST,BEST,AVG,Intrapersonal,14.0,2.25,Good
33,AI Engineer,S1641,20,11,15,5,7,19,19,12,S1641,BEST,AVG,BEST,POOR,POOR,BEST,BEST,AVG,Linguistic,13.5,2.25,Good
33,AI Engineer,S1642,19,14,18,6,7,19,19,13,S1642,BEST,AVG,BEST,POOR,POOR,BEST,BEST,AVG,Linguistic,14.38,2.25,Good
33,AI Engineer,S1643,18,13,20,7,8,20,19,11,S1643,BEST,AVG,BEST,POOR,POOR,BEST,BEST,AVG,Bodily,14.5,2.25,Good
33,AI Engineer,S1644,17,12,19,8,5,20,19,14,S1644,BEST,AVG,BEST,POOR,POOR,BEST,BEST,AVG,Interpersonal,14.25,2.25,Good
33,AI Engineer,S1645,16,11,17,9,5,16,19,12,S1645,BEST,AVG,BEST,POOR,POOR,BEST,BEST,AVG,Intrapersonal,13.12,2.25,Good
33,AI Engineer,S1646,15,14,16,5,6,15,20,13,S1646,BEST,AVG,BEST,POOR,POOR,BEST,BEST,AVG,Intrapersonal,13.0,2.25,Good
33,AI Engineer,S1647,20,13,17,6,6,16,20,11,S1647,BEST,AVG,BEST,POOR,POOR,BEST,BEST,AVG,Linguistic,13.62,2.25,Good
33,AI Engineer,S1648,19,12,15,7,7,17,20,14,S1648,BEST,AVG,BEST,POOR,POOR,BEST,BEST,AVG,Intrapersonal,13.88,2.25,Good
33,AI Engineer,S1649,18,11,18,8,7,15,20,12,S1649,BEST,AVG,BEST,POOR,POOR,BEST,BEST,AVG,Intrapersonal,13.62,2.25,Good
33,AI Engineer,S1650,19,12,20,6,5,17,20,11,S1650,BEST,AVG,BEST,POOR,POOR,BEST,BEST,AVG,Bodily,13.75,2.25,Good
34,Physical Therapist,S1651,5,6,18,12,6,8,13,19,S1651,POOR,POOR,BEST,AVG,POOR,POOR,AVG,BEST,Naturalist,10.88,1.75,Average
34,Physical Therapist,S1652,6,7,17,13,5,8,12,18,S1652,POOR,POOR,BEST,AVG,POOR,POOR,AVG,BEST,Naturalist,10.75,1.75,Average
34,Physical Therapist,S1653,7,8,16,11,6,8,12,19,S1653,POOR,POOR,BEST,AVG,POOR,POOR,AVG,BEST,Naturalist,10.88,1.75,Average
34,Physical Therapist,S1654,5,9,15,14,5,8,12,18,S1654,POOR,POOR,BEST,AVG,POOR,POOR,AVG,BEST,Naturalist,10.75,1.75,Average
34,Physical Therapist,S1655,6,6,20,12,6,8,12,18,S1655,POOR,POOR,BEST,AVG,POOR,POOR,AVG,BEST,Bodily,11.0,1.75,Average
34,Physical Therapist,S1656,7,7,17,13,5,8,12,19,S1656,POOR,POOR,BEST,AVG,POOR,POOR,AVG,BEST,Naturalist,11.0,1.75,Average
34,Physical Therapist,S1657,5,8,18,11,6,8,12,18,S1657,POOR,POOR,BEST,AVG,POOR,POOR,AVG,BEST,Bodily,10.75,1.75,Average
34,Physical Therapist,S1658,6,9,19,14,5,8,12,19,S1658,POOR,POOR,BEST,AVG,POOR,POOR,AVG,BEST,Bodily,11.5,1.75,Average
34,Physical Therapist,S1659,7,6,17,12,7,8,12,18,S1659,POOR,POOR,BEST,AVG,POOR,POOR,AVG,BEST,Naturalist,10.88,1.75,Average
34,Physical Therapist,S1660,8,7,18,13,6,8,12,18,S1660,POOR,POOR,BEST,AVG,POOR,POOR,AVG,BEST,Bodily,11.25,1.75,Average
34,Physical Therapist,S1661,9,8,17,11,7,8,12,19,S1661,POOR,POOR,BEST,AVG,POOR,POOR,AVG,BEST,Naturalist,11.38,1.75,Average
34,Physical Therapist,S1662,10,9,16,14,6,8,12,18,S1662,POOR,POOR,BEST,AVG,POOR,POOR,AVG,BEST,Naturalist,11.62,1.75,Average
34,Physical Therapist,S1663,8,6,15,12,6,8,12,19,S1663,POOR,POOR,BEST,AVG,POOR,POOR,AVG,BEST,Naturalist,10.75,1.75,Average
34,Physical Therapist,S1664,9,7,20,13,7,7,12,18,S1664,POOR,POOR,BEST,AVG,POOR,POOR,AVG,BEST,Bodily,11.62,1.75,Average
34,Physical Therapist,S1665,10,8,17,11,6,7,12,18,S1665,POOR,POOR,BEST,AVG,POOR,POOR,AVG,BEST,Naturalist,11.12,1.75,Average
34,Physical Therapist,S1666,8,9,18,14,7,7,13,19,S1666,POOR,POOR,BEST,AVG,POOR,POOR,AVG,BEST,Naturalist,11.88,1.75,Average
34,Physical Therapist,S1667,9,6,19,12,6,7,13,18,S1667,POOR,POOR,BEST,AVG,POOR,POOR,AVG,BEST,Bodily,11.25,1.75,Average
34,Physical Therapist,S1668,10,7,17,13,5,7,13,19,S1668,POOR,POOR,BEST,AVG,POOR,POOR,AVG,BEST,Naturalist,11.38,1.75,Average
34,Physical Therapist,S1669,8,8,18,11,7,7,13,18,S1669,POOR,POOR,BEST,AVG,POOR,POOR,AVG,BEST,Bodily,11.25,1.75,Average
34,Physical Therapist,S1670,9,9,17,14,6,7,13,18,S1670,POOR,POOR,BEST,AVG,POOR,POOR,AVG,BEST,Naturalist,11.62,1.75,Average
34,Physical Therapist,S1671,10,6,16,12,7,7,13,19,S1671,POOR,POOR,BEST,AVG,POOR,POOR,AVG,BEST,Naturalist,11.25,1.75,Average
34,Physical Therapist,S1672,6,7,15,13,6,7,13,18,S1672,POOR,POOR,BEST,AVG,POOR,POOR,AVG,BEST,Naturalist,10.62,1.75,Average
34,Physical Therapist,S1673,6,8,20,11,5,7,13,19,S1673,POOR,POOR,BEST,AVG,POOR,POOR,AVG,BEST,Bodily,11.12,1.75,Average
34,Physical Therapist,S1674,6,9,17,14,7,7,13,18,S1674,POOR,POOR,BEST,AVG,POOR,POOR,AVG,BEST,Naturalist,11.38,1.75,Average
34,Physical Therapist,S1675,6,6,18,12,6,9,13,18,S1675,POOR,POOR,BEST,AVG,POOR,POOR,AVG,BEST,Bodily,11.0,1.75,Average
34,Physical Therapist,S1676,6,7,19,13,7,9,13,19,S1676,POOR,POOR,BEST,AVG,POOR,POOR,AVG,BEST,Bodily,11.62,1.75,Average
34,Physical Therapist,S1677,6,8,17,11,6,9,13,18,S1677,POOR,POOR,BEST,AVG,POOR,POOR,AVG,BEST,Naturalist,11.0,1.75,Average
34,Physical Therapist,S1678,6,9,16,14,7,9,13,19,S1678,POOR,POOR,BEST,AVG,POOR,POOR,AVG,BEST,Naturalist,11.62,1.75,Average
34,Physical Therapist,S1679,6,6,18,12,7,9,13,18,S1679,POOR,POOR,BEST,AVG,POOR,POOR,AVG,BEST,Bodily,11.12,1.75,Average
34,Physical Therapist,S1680,7,7,17,13,6,9,14,18,S1680,POOR,POOR,BEST,AVG,POOR,POOR,AVG,BEST,Naturalist,11.38,1.75,Average
34,Physical Therapist,S1681,7,8,16,11,7,9,14,19,S1681,POOR,POOR,BEST,AVG,POOR,POOR,AVG,BEST,Naturalist,11.38,1.75,Average
34,Physical Therapist,S1682,7,9,15,14,6,9,14,18,S1682,POOR,POOR,BEST,AVG,POOR,POOR,AVG,BEST,Naturalist,11.5,1.75,Average
34,Physical Therapist,S1683,7,6,20,12,7,9,14,19,S1683,POOR,POOR,BEST,AVG,POOR,POOR,AVG,BEST,Bodily,11.75,1.75,Average
34,Physical Therapist,S1684,7,7,17,13,7,6,14,18,S1684,POOR,POOR,BEST,AVG,POOR,POOR,AVG,BEST,Naturalist,11.12,1.75,Average
34,Physical Therapist,S1685,7,8,18,11,6,6,14,18,S1685,POOR,POOR,BEST,AVG,POOR,POOR,AVG,BEST,Bodily,11.0,1.75,Average
34,Physical Therapist,S1686,8,9,19,14,7,6,14,19,S1686,POOR,POOR,BEST,AVG,POOR,POOR,AVG,BEST,Bodily,12.0,1.75,Average
34,Physical Therapist,S1687,8,6,17,12,6,6,14,18,S1687,POOR,POOR,BEST,AVG,POOR,POOR,AVG,BEST,Naturalist,10.88,1.75,Average
34,Physical Therapist,S1688,8,7,16,13,8,6,14,19,S1688,POOR,POOR,BEST,AVG,POOR,POOR,AVG,BEST,Naturalist,11.38,1.75,Average
34,Physical Therapist,S1689,8,8,18,11,7,6,14,18,S1689,POOR,POOR,BEST,AVG,POOR,POOR,AVG,BEST,Bodily,11.25,1.75,Average
34,Physical Therapist,S1690,8,9,17,14,6,6,14,18,S1690,POOR,POOR,BEST,AVG,POOR,POOR,AVG,BEST,Naturalist,11.5,1.75,Average
34,Physical Therapist,S1691,8,6,16,12,7,6,14,19,S1691,POOR,POOR,BEST,AVG,POOR,POOR,AVG,BEST,Naturalist,11.0,1.75,Average
34,Physical Therapist,S1692,8,7,15,13,6,6,12,18,S1692,POOR,POOR,BEST,AVG,POOR,POOR,AVG,BEST,Naturalist,10.62,1.75,Average
34,Physical Therapist,S1693,8,8,20,11,9,6,12,19,S1693,POOR,POOR,BEST,AVG,POOR,POOR,AVG,BEST,Bodily,11.62,1.75,Average
34,Physical Therapist,S1694,9,9,17,14,7,10,12,18,S1694,POOR,POOR,BEST,AVG,POOR,POOR,AVG,BEST,Naturalist,12.0,1.75,Average
34,Physical Therapist,S1695,9,6,18,12,6,10,12,18,S1695,POOR,POOR,BEST,AVG,POOR,POOR,AVG,BEST,Bodily,11.38,1.75,Average
34,Physical Therapist,S1696,9,7,19,13,7,10,12,19,S1696,POOR,POOR,BEST,AVG,POOR,POOR,AVG,BEST,Bodily,12.0,1.75,Average
34,Physical Therapist,S1697,9,8,17,11,6,10,12,18,S1697,POOR,POOR,BEST,AVG,POOR,POOR,AVG,BEST,Naturalist,11.38,1.75,Average
34,Physical Therapist,S1698,9,9,15,14,9,10,12,19,S1698,POOR,POOR,BEST,AVG,POOR,POOR,AVG,BEST,Naturalist,12.12,1.75,Average
34,Physical Therapist,S1699,9,10,18,12,10,10,12,18,S1699,POOR,POOR,BEST,AVG,POOR,POOR,AVG,BEST,Bodily,12.38,1.75,Average
34,Physical Therapist,S1700,9,6,15,11,7,10,12,18,S1700,POOR,POOR,BEST,AVG,POOR,POOR,AVG,BEST,Naturalist,11.0,1.75,Average
35,Editor,S1701,5,19,5,18,10,12,19,11,S1701,POOR,BEST,POOR,BEST,POOR,AVG,BEST,AVG,Musical,12.38,2.0,Good
35,Editor,S1702,8,18,7,18,10,13,18,11,S1702,POOR,BEST,POOR,BEST,POOR,AVG,BEST,AVG,Musical,12.88,2.0,Good
35,Editor,S1703,9,16,9,18,10,11,17,11,S1703,POOR,BEST,POOR,BEST,POOR,AVG,BEST,AVG,Logical_Mathematical,12.62,2.0,Good
35,Editor,S1704,6,15,6,18,10,14,15,11,S1704,POOR,BEST,POOR,BEST,POOR,AVG,BEST,AVG,Logical_Mathematical,11.88,2.0,Good
35,Editor,S1705,7,19,10,18,10,12,16,11,S1705,POOR,BEST,POOR,BEST,POOR,AVG,BEST,AVG,Musical,12.88,2.0,Good
35,Editor,S1706,8,20,7,18,10,13,20,11,S1706,POOR,BEST,POOR,BEST,POOR,AVG,BEST,AVG,Musical,13.38,2.0,Good
35,Editor,S1707,9,19,5,17,10,11,19,11,S1707,POOR,BEST,POOR,BEST,POOR,AVG,BEST,AVG,Musical,12.62,2.0,Good
35,Editor,S1708,6,19,5,17,10,14,18,11,S1708,POOR,BEST,POOR,BEST,POOR,AVG,BEST,AVG,Musical,12.5,2.0,Good
35,Editor,S1709,7,18,7,18,10,12,17,11,S1709,POOR,BEST,POOR,BEST,POOR,AVG,BEST,AVG,Musical,12.5,2.0,Good
35,Editor,S1710,8,16,9,18,9,13,16,11,S1710,POOR,BEST,POOR,BEST,POOR,AVG,BEST,AVG,Logical_Mathematical,12.5,2.0,Good
35,Editor,S1711,9,15,6,19,9,11,19,11,S1711,POOR,BEST,POOR,BEST,POOR,AVG,BEST,AVG,Logical_Mathematical,12.38,2.0,Good
35,Editor,S1712,10,19,10,19,9,14,18,11,S1712,POOR,BEST,POOR,BEST,POOR,AVG,BEST,AVG,Musical,13.75,2.0,Good
35,Editor,S1713,6,20,7,18,9,12,17,11,S1713,POOR,BEST,POOR,BEST,POOR,AVG,BEST,AVG,Musical,12.5,2.0,Good
35,Editor,S1714,9,19,9,18,9,13,15,11,S1714,POOR,BEST,POOR,BEST,POOR,AVG,BEST,AVG,Musical,12.88,2.0,Good
35,Editor,S1715,9,19,9,17,9,11,16,11,S1715,POOR,BEST,POOR,BEST,POOR,AVG,BEST,AVG,Musical,12.62,2.0,Good
35,Editor,S1716,9,18,9,17,9,14,20,12,S1716,POOR,BEST,POOR,BEST,POOR,AVG,BEST,AVG,Intrapersonal,13.5,2.0,Good
35,Editor,S1717,9,16,9,18,9,12,19,12,S1717,POOR,BEST,POOR,BEST,POOR,AVG,BEST,AVG,Intrapersonal,13.0,2.0,Good
35,Editor,S1718,8,15,9,18,9,13,18,12,S1718,POOR,BEST,POOR,BEST,POOR,AVG,BEST,AVG,Logical_Mathematical,12.75,2.0,Good
35,Editor,S1719,9,19,5,19,9,11,17,12,S1719,POOR,BEST,POOR,BEST,POOR,AVG,BEST,AVG,Musical,12.62,2.0,Good
35,Editor,S1720,6,20,7,19,8,14,16,12,S1720,POOR,BEST,POOR,BEST,POOR,AVG,BEST,AVG,Musical,12.75,2.0,Good
35,Editor,S1721,7,19,9,17,8,12,19,12,S1721,POOR,BEST,POOR,BEST,POOR,AVG,BEST,AVG,Musical,12.88,2.0,Good
35,Editor,S1722,8,18,6,18,8,13,18,12,S1722,POOR,BEST,POOR,BEST,POOR,AVG,BEST,AVG,Musical,12.62,2.0,Good
35,Editor,S1723,9,16,10,18,8,11,17,12,S1723,POOR,BEST,POOR,BEST,POOR,AVG,BEST,AVG,Logical_Mathematical,12.62,2.0,Good
35,Editor,S1724,6,15,7,17,8,14,15,12,S1724,POOR,BEST,POOR,BEST,POOR,AVG,BEST,AVG,Logical_Mathematical,11.75,2.0,Good
35,Editor,S1725,7,19,10,17,8,12,16,12,S1725,POOR,BEST,POOR,BEST,POOR,AVG,BEST,AVG,Musical,12.62,2.0,Good
35,Editor,S1726,8,20,7,18,8,13,20,12,S1726,POOR,BEST,POOR,BEST,POOR,AVG,BEST,AVG,Musical,13.25,2.0,Good
35,Editor,S1727,9,19,7,18,8,11,19,12,S1727,POOR,BEST,POOR,BEST,POOR,AVG,BEST,AVG,Musical,12.88,2.0,Good
35,Editor,S1728,10,18,7,19,8,14,18,12,S1728,POOR,BEST,POOR,BEST,POOR,AVG,BEST,AVG,Logical_Mathematical,13.25,2.0,Good
35,Editor,S1729,6,16,5,19,8,12,17,14,S1729,POOR,BEST,POOR,BEST,POOR,AVG,BEST,AVG,Logical_Mathematical,12.12,2.0,Good
35,Editor,S1730,7,15,7,17,8,13,16,14,S1730,POOR,BEST,POOR,BEST,POOR,AVG,BEST,AVG,Logical_Mathematical,12.12,2.0,Good
35,Editor,S1731,8,19,9,18,7,11,19,14,S1731,POOR,BEST,POOR,BEST,POOR,AVG,BEST,AVG,Musical,13.12,2.0,Good
35,Editor,S1732,9,20,6,18,7,14,18,14,S1732,POOR,BEST,POOR,BEST,POOR,AVG,BEST,AVG,Musical,13.25,2.0,Good
35,Editor,S1733,6,19,10,17,7,12,17,14,S1733,POOR,BEST,POOR,BEST,POOR,AVG,BEST,AVG,Musical,12.75,2.0,Good
35,Editor,S1734,7,18,7,20,7,13,15,14,S1734,POOR,BEST,POOR,BEST,POOR,AVG,BEST,AVG,Logical_Mathematical,12.62,2.0,Good
35,Editor,S1735,8,16,9,18,7,11,16,14,S1735,POOR,BEST,POOR,BEST,POOR,AVG,BEST,AVG,Logical_Mathematical,12.38,2.0,Good
35,Editor,S1736,9,15,5,18,7,14,20,14,S1736,POOR,BEST,POOR,BEST,POOR,AVG,BEST,AVG,Intrapersonal,12.75,2.0,Good
35,Editor,S1737,6,19,7,19,7,12,19,14,S1737,POOR,BEST,POOR,BEST,POOR,AVG,BEST,AVG,Musical,12.88,2.0,Good
35,Editor,S1738,7,20,9,19,7,13,18,14,S1738,POOR,BEST,POOR,BEST,POOR,AVG,BEST,AVG,Musical,13.38,2.0,Good
35,Editor,S1739,8,19,6,15,7,11,17,14,S1739,POOR,BEST,POOR,BEST,POOR,AVG,BEST,AVG,Musical,12.12,2.0,Good
35,Editor,S1740,9,18,10,15,6,14,16,14,S1740,POOR,BEST,POOR,BEST,POOR,AVG,BEST,AVG,Musical,12.75,2.0,Good
35,Editor,S1741,10,16,7,18,6,12,19,14,S1741,POOR,BEST,POOR,BEST,POOR,AVG,BEST,AVG,Intrapersonal,12.75,2.0,Good
35,Editor,S1742,6,15,6,18,6,13,18,13,S1742,POOR,BEST,POOR,BEST,POOR,AVG,BEST,AVG,Logical_Mathematical,11.88,2.0,Good
35,Editor,S1743,9,19,5,17,6,11,17,13,S1743,POOR,BEST,POOR,BEST,POOR,AVG,BEST,AVG,Musical,12.12,2.0,Good
35,Editor,S1744,6,20,7,17,6,14,15,13,S1744,POOR,BEST,POOR,BEST,POOR,AVG,BEST,AVG,Musical,12.25,2.0,Good
35,Editor,S1745,7,19,9,18,6,12,16,13,S1745,POOR,BEST,POOR,BEST,POOR,AVG,BEST,AVG,Musical,12.5,2.0,Good
35,Editor,S1746,8,18,6,18,6,13,20,13,S1746,POOR,BEST,POOR,BEST,POOR,AVG,BEST,AVG,Intrapersonal,12.75,2.0,Good
35,Editor,S1747,9,16,10,20,6,11,19,13,S1747,POOR,BEST,POOR,BEST,POOR,AVG,BEST,AVG,Logical_Mathematical,13.0,2.0,Good
35,Editor,S1748,10,15,7,19,6,14,18,13,S1748,POOR,BEST,POOR,BEST,POOR,AVG,BEST,AVG,Logical_Mathematical,12.75,2.0,Good
35,Editor,S1749,6,19,5,20,6,12,17,13,S1749,POOR,BEST,POOR,BEST,POOR,AVG,BEST,AVG,Logical_Mathematical,12.25,2.0,Good
35,Editor,S1750,5,20,8,19,6,11,16,13,S1750,POOR,BEST,POOR,BEST,POOR,AVG,BEST,AVG,Musical,12.25,2.0,Good
36,Historian,S1751,12,5,6,17,14,14,18,17,S1751,AVG,POOR,POOR,BEST,AVG,AVG,BEST,BEST,Intrapersonal,12.88,2.12,Good
36,Historian,S1752,13,5,6,17,12,12,18,17,S1752,AVG,POOR,POOR,BEST,AVG,AVG,BEST,BEST,Intrapersonal,12.5,2.12,Good
36,Historian,S1753,11,10,6,18,13,13,18,17,S1753,AVG,POOR,POOR,BEST,AVG,AVG,BEST,BEST,Logical_Mathematical,13.25,2.12,Good
36,Historian,S1754,14,7,6,18,11,11,18,17,S1754,AVG,POOR,POOR,BEST,AVG,AVG,BEST,BEST,Logical_Mathematical,12.75,2.12,Good
36,Historian,S1755,12,6,6,19,14,14,19,17,S1755,AVG,POOR,POOR,BEST,AVG,AVG,BEST,BEST,Logical_Mathematical,13.38,2.12,Good
36,Historian,S1756,13,5,6,19,14,11,18,17,S1756,AVG,POOR,POOR,BEST,AVG,AVG,BEST,BEST,Logical_Mathematical,12.88,2.12,Good
36,Historian,S1757,11,7,6,20,12,11,16,17,S1757,AVG,POOR,POOR,BEST,AVG,AVG,BEST,BEST,Logical_Mathematical,12.5,2.12,Good
36,Historian,S1758,14,9,6,20,13,11,15,17,S1758,AVG,POOR,POOR,BEST,AVG,AVG,BEST,BEST,Logical_Mathematical,13.12,2.12,Good
36,Historian,S1759,12,6,6,16,11,11,19,17,S1759,AVG,POOR,POOR,BEST,AVG,AVG,BEST,BEST,Intrapersonal,12.25,2.12,Good
36,Historian,S1760,13,10,6,15,14,11,20,17,S1760,AVG,POOR,POOR,BEST,AVG,AVG,BEST,BEST,Intrapersonal,13.25,2.12,Good
36,Historian,S1761,11,5,6,16,14,11,19,17,S1761,AVG,POOR,POOR,BEST,AVG,AVG,BEST,BEST,Intrapersonal,12.38,2.12,Good
36,Historian,S1762,14,7,6,17,14,11,19,17,S1762,AVG,POOR,POOR,BEST,AVG,AVG,BEST,BEST,Intrapersonal,13.12,2.12,Good
36,Historian,S1763,12,7,6,17,14,11,18,17,S1763,AVG,POOR,POOR,BEST,AVG,AVG,BEST,BEST,Intrapersonal,12.75,2.12,Good
36,Historian,S1764,13,10,10,17,12,11,16,17,S1764,AVG,POOR,POOR,BEST,AVG,AVG,BEST,BEST,Logical_Mathematical,13.25,2.12,Good
36,Historian,S1765,11,7,7,18,13,11,15,17,S1765,AVG,POOR,POOR,BEST,AVG,AVG,BEST,BEST,Logical_Mathematical,12.38,2.12,Good
36,Historian,S1766,14,6,6,18,11,11,19,17,S1766,AVG,POOR,POOR,BEST,AVG,AVG,BEST,BEST,Intrapersonal,12.75,2.12,Good
36,Historian,S1767,12,5,5,19,14,11,20,17,S1767,AVG,POOR,POOR,BEST,AVG,AVG,BEST,BEST,Intrapersonal,12.88,2.12,Good
36,Historian,S1768,13,7,7,19,14,11,19,17,S1768,AVG,POOR,POOR,BEST,AVG,AVG,BEST,BEST,Logical_Mathematical,13.38,2.12,Good
36,Historian,S1769,11,9,9,20,12,11,19,17,S1769,AVG,POOR,POOR,BEST,AVG,AVG,BEST,BEST,Logical_Mathematical,13.5,2.12,Good
36,Historian,S1770,14,6,6,20,13,11,18,17,S1770,AVG,POOR,POOR,BEST,AVG,AVG,BEST,BEST,Logical_Mathematical,13.12,2.12,Good
36,Historian,S1771,12,10,10,16,11,11,16,17,S1771,AVG,POOR,POOR,BEST,AVG,AVG,BEST,BEST,Naturalist,12.88,2.12,Good
36,Historian,S1772,13,7,8,15,14,11,15,17,S1772,AVG,POOR,POOR,BEST,AVG,AVG,BEST,BEST,Naturalist,12.5,2.12,Good
36,Historian,S1773,11,6,8,16,14,11,19,17,S1773,AVG,POOR,POOR,BEST,AVG,AVG,BEST,BEST,Intrapersonal,12.75,2.12,Good
36,Historian,S1774,14,5,10,17,14,11,20,17,S1774,AVG,POOR,POOR,BEST,AVG,AVG,BEST,BEST,Intrapersonal,13.5,2.12,Good
36,Historian,S1775,12,7,7,17,12,11,19,17,S1775,AVG,POOR,POOR,BEST,AVG,AVG,BEST,BEST,Intrapersonal,12.75,2.12,Good
36,Historian,S1776,13,9,6,17,13,11,18,17,S1776,AVG,POOR,POOR,BEST,AVG,AVG,BEST,BEST,Intrapersonal,13.0,2.12,Good
36,Historian,S1777,11,6,5,18,11,11,16,17,S1777,AVG,POOR,POOR,BEST,AVG,AVG,BEST,BEST,Logical_Mathematical,11.88,2.12,Good
36,Historian,S1778,14,10,7,18,14,11,15,17,S1778,AVG,POOR,POOR,BEST,AVG,AVG,BEST,BEST,Logical_Mathematical,13.25,2.12,Good
36,Historian,S1779,12,9,9,19,14,11,19,17,S1779,AVG,POOR,POOR,BEST,AVG,AVG,BEST,BEST,Logical_Mathematical,13.75,2.12,Good
36,Historian,S1780,13,9,6,19,14,11,20,17,S1780,AVG,POOR,POOR,BEST,AVG,AVG,BEST,BEST,Intrapersonal,13.62,2.12,Good
36,Historian,S1781,11,10,10,20,14,11,19,17,S1781,AVG,POOR,POOR,BEST,AVG,AVG,BEST,BEST,Logical_Mathematical,14.0,2.12,Good
36,Historian,S1782,14,7,8,20,14,11,18,17,S1782,AVG,POOR,POOR,BEST,AVG,AVG,BEST,BEST,Logical_Mathematical,13.62,2.12,Good
36,Historian,S1783,12,6,5,16,12,11,16,17,S1783,AVG,POOR,POOR,BEST,AVG,AVG,BEST,BEST,Naturalist,11.88,2.12,Good
36,Historian,S1784,13,5,10,15,13,11,15,17,S1784,AVG,POOR,POOR,BEST,AVG,AVG,BEST,BEST,Naturalist,12.38,2.12,Good
36,Historian,S1785,11,7,7,16,11,11,19,17,S1785,AVG,POOR,POOR,BEST,AVG,AVG,BEST,BEST,Intrapersonal,12.38,2.12,Good
36,Historian,S1786,14,9,6,17,14,11,20,16,S1786,AVG,POOR,POOR,BEST,AVG,AVG,BEST,BEST,Intrapersonal,13.38,2.12,Good
36,Historian,S1787,12,6,5,17,13,11,19,16,S1787,AVG,POOR,POOR,BEST,AVG,AVG,BEST,BEST,Intrapersonal,12.38,2.12,Good
36,Historian,S1788,13,10,7,17,14,11,18,16,S1788,AVG,POOR,POOR,BEST,AVG,AVG,BEST,BEST,Intrapersonal,13.25,2.12,Good
36,Historian,S1789,11,9,9,18,12,11,16,16,S1789,AVG,POOR,POOR,BEST,AVG,AVG,BEST,BEST,Logical_Mathematical,12.75,2.12,Good
36,Historian,S1790,14,9,6,18,13,11,15,16,S1790,AVG,POOR,POOR,BEST,AVG,AVG,BEST,BEST,Logical_Mathematical,12.75,2.12,Good
36,Historian,S1791,12,10,10,19,11,13,19,16,S1791,AVG,POOR,POOR,BEST,AVG,AVG,BEST,BEST,Logical_Mathematical,13.75,2.12,Good
36,Historian,S1792,13,7,10,19,14,13,20,16,S1792,AVG,POOR,POOR,BEST,AVG,AVG,BEST,BEST,Intrapersonal,14.0,2.12,Good
36,Historian,S1793,11,6,7,20,13,13,19,16,S1793,AVG,POOR,POOR,BEST,AVG,AVG,BEST,BEST,Logical_Mathematical,13.12,2.12,Good
36,Historian,S1794,14,5,6,20,14,13,18,16,S1794,AVG,POOR,POOR,BEST,AVG,AVG,BEST,BEST,Logical_Mathematical,13.25,2.12,Good
36,Historian,S1795,12,7,5,16,12,13,16,16,S1795,AVG,POOR,POOR,BEST,AVG,AVG,BEST,BEST,Logical_Mathematical,12.12,2.12,Good
36,Historian,S1796,13,9,7,15,13,13,15,16,S1796,AVG,POOR,POOR,BEST,AVG,AVG,BEST,BEST,Naturalist,12.62,2.12,Good
36,Historian,S1797,11,6,9,16,11,13,19,16,S1797,AVG,POOR,POOR,BEST,AVG,AVG,BEST,BEST,Intrapersonal,12.62,2.12,Good
36,Historian,S1798,14,10,6,17,14,13,20,16,S1798,AVG,POOR,POOR,BEST,AVG,AVG,BEST,BEST,Intrapersonal,13.75,2.12,Good
36,Historian,S1799,12,6,10,15,11,13,19,16,S1799,AVG,POOR,POOR,BEST,AVG,AVG,BEST,BEST,Intrapersonal,12.75,2.12,Good
36,Historian,S1800,11,6,5,17,13,13,18,16,S1800,AVG,POOR,POOR,BEST,AVG,AVG,BEST,BEST,Intrapersonal,12.38,2.12,Good
37,Journalist,S1801,19,11,6,18,7,16,11,11,S1801,BEST,AVG,POOR,BEST,POOR,BEST,AVG,AVG,Linguistic,12.38,2.12,Good
37,Journalist,S1802,18,12,10,18,7,16,13,11,S1802,BEST,AVG,POOR,BEST,POOR,BEST,AVG,AVG,Linguistic,13.12,2.12,Good
37,Journalist,S1803,16,13,8,18,7,16,14,11,S1803,BEST,AVG,POOR,BEST,POOR,BEST,AVG,AVG,Logical_Mathematical,12.88,2.12,Good
37,Journalist,S1804,15,14,5,18,7,16,12,11,S1804,BEST,AVG,POOR,BEST,POOR,BEST,AVG,AVG,Logical_Mathematical,12.25,2.12,Good
37,Journalist,S1805,19,13,10,18,7,16,12,11,S1805,BEST,AVG,POOR,BEST,POOR,BEST,AVG,AVG,Linguistic,13.25,2.12,Good
37,Journalist,S1806,20,12,7,18,7,16,12,11,S1806,BEST,AVG,POOR,BEST,POOR,BEST,AVG,AVG,Linguistic,12.88,2.12,Good
37,Journalist,S1807,19,11,6,18,7,16,11,11,S1807,BEST,AVG,POOR,BEST,POOR,BEST,AVG,AVG,Linguistic,12.38,2.12,Good
37,Journalist,S1808,19,11,5,18,7,16,13,11,S1808,BEST,AVG,POOR,BEST,POOR,BEST,AVG,AVG,Linguistic,12.5,2.12,Good
37,Journalist,S1809,18,11,7,18,7,16,14,11,S1809,BEST,AVG,POOR,BEST,POOR,BEST,AVG,AVG,Linguistic,12.75,2.12,Good
37,Journalist,S1810,16,11,9,18,7,16,12,11,S1810,BEST,AVG,POOR,BEST,POOR,BEST,AVG,AVG,Logical_Mathematical,12.5,2.12,Good
37,Journalist,S1811,15,12,6,18,7,16,12,11,S1811,BEST,AVG,POOR,BEST,POOR,BEST,AVG,AVG,Logical_Mathematical,12.12,2.12,Good
37,Journalist,S1812,19,13,10,18,7,16,12,11,S1812,BEST,AVG,POOR,BEST,POOR,BEST,AVG,AVG,Linguistic,13.25,2.12,Good
37,Journalist,S1813,20,14,10,18,7,16,12,11,S1813,BEST,AVG,POOR,BEST,POOR,BEST,AVG,AVG,Linguistic,13.5,2.12,Good
37,Journalist,S1814,19,13,7,18,7,16,11,11,S1814,BEST,AVG,POOR,BEST,POOR,BEST,AVG,AVG,Linguistic,12.75,2.12,Good
37,Journalist,S1815,19,12,6,18,7,16,13,11,S1815,BEST,AVG,POOR,BEST,POOR,BEST,AVG,AVG,Linguistic,12.75,2.12,Good
37,Journalist,S1816,18,13,5,18,7,16,14,11,S1816,BEST,AVG,POOR,BEST,POOR,BEST,AVG,AVG,Linguistic,12.75,2.12,Good
37,Journalist,S1817,16,13,7,18,7,16,12,11,S1817,BEST,AVG,POOR,BEST,POOR,BEST,AVG,AVG,Logical_Mathematical,12.5,2.12,Good
37,Journalist,S1818,15,13,9,18,7,17,11,11,S1818,BEST,AVG,POOR,BEST,POOR,BEST,AVG,AVG,Logical_Mathematical,12.62,2.12,Good
37,Journalist,S1819,19,11,6,18,7,17,11,11,S1819,BEST,AVG,POOR,BEST,POOR,BEST,AVG,AVG,Linguistic,12.5,2.12,Good
37,Journalist,S1820,20,12,10,18,7,17,11,11,S1820,BEST,AVG,POOR,BEST,POOR,BEST,AVG,AVG,Linguistic,13.25,2.12,Good
37,Journalist,S1821,19,13,5,18,7,17,11,11,S1821,BEST,AVG,POOR,BEST,POOR,BEST,AVG,AVG,Linguistic,12.62,2.12,Good
37,Journalist,S1822,18,14,6,18,7,17,13,11,S1822,BEST,AVG,POOR,BEST,POOR,BEST,AVG,AVG,Linguistic,13.0,2.12,Good
37,Journalist,S1823,16,13,10,18,7,17,14,11,S1823,BEST,AVG,POOR,BEST,POOR,BEST,AVG,AVG,Logical_Mathematical,13.25,2.12,Good
37,Journalist,S1824,15,12,8,19,7,17,12,11,S1824,BEST,AVG,POOR,BEST,POOR,BEST,AVG,AVG,Logical_Mathematical,12.62,2.12,Good
37,Journalist,S1825,19,13,5,19,7,17,11,11,S1825,BEST,AVG,POOR,BEST,POOR,BEST,AVG,AVG,Linguistic,12.75,2.12,Good
37,Journalist,S1826,20,13,10,19,7,17,13,11,S1826,BEST,AVG,POOR,BEST,POOR,BEST,AVG,AVG,Linguistic,13.75,2.12,Good
37,Journalist,S1827,19,11,7,19,7,17,11,11,S1827,BEST,AVG,POOR,BEST,POOR,BEST,AVG,AVG,Linguistic,12.75,2.12,Good
37,Journalist,S1828,18,12,6,19,7,17,13,11,S1828,BEST,AVG,POOR,BEST,POOR,BEST,AVG,AVG,Logical_Mathematical,12.88,2.12,Good
37,Journalist,S1829,16,13,5,19,7,17,14,11,S1829,BEST,AVG,POOR,BEST,POOR,BEST,AVG,AVG,Logical_Mathematical,12.75,2.12,Good
37,Journalist,S1830,15,14,7,19,7,17,12,11,S1830,BEST,AVG,POOR,BEST,POOR,BEST,AVG,AVG,Logical_Mathematical,12.75,2.12,Good
37,Journalist,S1831,19,13,9,19,7,17,13,11,S1831,BEST,AVG,POOR,BEST,POOR,BEST,AVG,AVG,Linguistic,13.5,2.12,Good
37,Journalist,S1832,20,12,6,19,7,17,13,11,S1832,BEST,AVG,POOR,BEST,POOR,BEST,AVG,AVG,Linguistic,13.12,2.12,Good
37,Journalist,S1833,19,13,10,19,7,17,11,11,S1833,BEST,AVG,POOR,BEST,POOR,BEST,AVG,AVG,Linguistic,13.38,2.12,Good
37,Journalist,S1834,18,13,10,19,7,18,13,14,S1834,BEST,AVG,POOR,BEST,POOR,BEST,AVG,AVG,Logical_Mathematical,14.0,2.12,Good
37,Journalist,S1835,16,12,7,19,7,18,14,14,S1835,BEST,AVG,POOR,BEST,POOR,BEST,AVG,AVG,Logical_Mathematical,13.38,2.12,Good
37,Journalist,S1836,15,11,6,19,7,18,12,14,S1836,BEST,AVG,POOR,BEST,POOR,BEST,AVG,AVG,Logical_Mathematical,12.75,2.12,Good
37,Journalist,S1837,19,12,5,19,7,18,14,14,S1837,BEST,AVG,POOR,BEST,POOR,BEST,AVG,AVG,Linguistic,13.5,2.12,Good
37,Journalist,S1838,20,13,7,19,9,18,14,14,S1838,BEST,AVG,POOR,BEST,POOR,BEST,AVG,AVG,Linguistic,14.25,2.12,Good
37,Journalist,S1839,19,14,9,19,9,18,14,14,S1839,BEST,AVG,POOR,BEST,POOR,BEST,AVG,AVG,Linguistic,14.5,2.12,Good
37,Journalist,S1840,18,13,6,15,9,18,14,14,S1840,BEST,AVG,POOR,BEST,POOR,BEST,AVG,AVG,Linguistic,13.38,2.12,Good
37,Journalist,S1841,16,12,10,15,9,18,14,14,S1841,BEST,AVG,POOR,BEST,POOR,BEST,AVG,AVG,Interpersonal,13.5,2.12,Good
37,Journalist,S1842,15,12,10,15,9,18,11,14,S1842,BEST,AVG,POOR,BEST,POOR,BEST,AVG,AVG,Interpersonal,13.0,2.12,Good
37,Journalist,S1843,19,12,8,15,9,18,13,14,S1843,BEST,AVG,POOR,BEST,POOR,BEST,AVG,AVG,Linguistic,13.5,2.12,Good
37,Journalist,S1844,20,12,5,15,9,18,14,13,S1844,BEST,AVG,POOR,BEST,POOR,BEST,AVG,AVG,Linguistic,13.25,2.12,Good
37,Journalist,S1845,19,11,10,15,9,18,12,13,S1845,BEST,AVG,POOR,BEST,POOR,BEST,AVG,AVG,Linguistic,13.38,2.12,Good
37,Journalist,S1846,18,12,7,15,9,18,14,13,S1846,BEST,AVG,POOR,BEST,POOR,BEST,AVG,AVG,Linguistic,13.25,2.12,Good
37,Journalist,S1847,16,13,6,15,9,18,11,13,S1847,BEST,AVG,POOR,BEST,POOR,BEST,AVG,AVG,Interpersonal,12.62,2.12,Good
37,Journalist,S1848,15,14,5,15,9,18,13,13,S1848,BEST,AVG,POOR,BEST,POOR,BEST,AVG,AVG,Interpersonal,12.75,2.12,Good
37,Journalist,S1849,19,13,7,15,9,18,14,13,S1849,BEST,AVG,POOR,BEST,POOR,BEST,AVG,AVG,Linguistic,13.5,2.12,Good
37,Journalist,S1850,20,12,9,15,9,18,12,13,S1850,BEST,AVG,POOR,BEST,POOR,BEST,AVG,AVG,Linguistic,13.5,2.12,Good
38,Language Teacher,S1851,16,11,5,11,6,19,19,12,S1851,BEST,AVG,POOR,AVG,POOR,BEST,BEST,AVG,Interpersonal,12.38,2.12,Good
38,Language Teacher,S1852,17,13,5,11,5,20,19,12,S1852,BEST,AVG,POOR,AVG,POOR,BEST,BEST,AVG,Interpersonal,12.75,2.12,Good
38,Language Teacher,S1853,19,14,5,11,7,19,18,12,S1853,BEST,AVG,POOR,AVG,POOR,BEST,BEST,AVG,Linguistic,13.12,2.12,Good
38,Language Teacher,S1854,15,12,5,11,9,18,19,12,S1854,BEST,AVG,POOR,AVG,POOR,BEST,BEST,AVG,Intrapersonal,12.62,2.12,Good
38,Language Teacher,S1855,17,14,5,11,6,16,18,12,S1855,BEST,AVG,POOR,AVG,POOR,BEST,BEST,AVG,Intrapersonal,12.38,2.12,Good
38,Language Teacher,S1856,19,11,5,11,10,15,19,12,S1856,BEST,AVG,POOR,AVG,POOR,BEST,BEST,AVG,Linguistic,12.75,2.12,Good
38,Language Teacher,S1857,16,13,5,11,10,19,17,12,S1857,BEST,AVG,POOR,AVG,POOR,BEST,BEST,AVG,Interpersonal,12.88,2.12,Good
38,Language Teacher,S1858,17,14,5,11,8,20,15,12,S1858,BEST,AVG,POOR,AVG,POOR,BEST,BEST,AVG,Interpersonal,12.75,2.12,Good
38,Language Teacher,S1859,19,12,5,11,5,19,19,12,S1859,BEST,AVG,POOR,AVG,POOR,BEST,BEST,AVG,Linguistic,12.75,2.12,Good
38,Language Teacher,S1860,15,11,5,11,10,18,16,12,S1860,BEST,AVG,POOR,AVG,POOR,BEST,BEST,AVG,Interpersonal,12.25,2.12,Good
38,Language Teacher,S1861,17,11,5,11,7,16,18,12,S1861,BEST,AVG,POOR,AVG,POOR,BEST,BEST,AVG,Intrapersonal,12.12,2.12,Good
38,Language Teacher,S1862,19,12,5,11,6,15,19,12,S1862,BEST,AVG,POOR,AVG,POOR,BEST,BEST,AVG,Linguistic,12.38,2.12,Good
38,Language Teacher,S1863,20,12,5,11,5,19,17,12,S1863,BEST,AVG,POOR,AVG,POOR,BEST,BEST,AVG,Linguistic,12.62,2.12,Good
38,Language Teacher,S1864,16,12,5,11,7,20,15,12,S1864,BEST,AVG,POOR,AVG,POOR,BEST,BEST,AVG,Interpersonal,12.25,2.12,Good
38,Language Teacher,S1865,17,11,5,11,9,19,19,12,S1865,BEST,AVG,POOR,AVG,POOR,BEST,BEST,AVG,Interpersonal,12.88,2.12,Good
38,Language Teacher,S1866,19,13,5,11,6,18,16,12,S1866,BEST,AVG,POOR,AVG,POOR,BEST,BEST,AVG,Linguistic,12.5,2.12,Good
38,Language Teacher,S1867,15,14,5,12,5,16,19,12,S1867,BEST,AVG,POOR,AVG,POOR,BEST,BEST,AVG,Intrapersonal,12.25,2.12,Good
38,Language Teacher,S1868,17,12,5,12,7,15,19,12,S1868,BEST,AVG,POOR,AVG,POOR,BEST,BEST,AVG,Intrapersonal,12.38,2.12,Good
38,Language Teacher,S1869,19,14,5,12,9,19,18,12,S1869,BEST,AVG,POOR,AVG,POOR,BEST,BEST,AVG,Linguistic,13.5,2.12,Good
38,Language Teacher,S1870,20,11,5,12,6,20,19,13,S1870,BEST,AVG,POOR,AVG,POOR,BEST,BEST,AVG,Linguistic,13.25,2.12,Good
38,Language Teacher,S1871,16,13,6,12,10,19,17,13,S1871,BEST,AVG,POOR,AVG,POOR,BEST,BEST,AVG,Interpersonal,13.25,2.12,Good
38,Language Teacher,S1872,17,14,6,12,10,18,15,13,S1872,BEST,AVG,POOR,AVG,POOR,BEST,BEST,AVG,Interpersonal,13.12,2.12,Good
38,Language Teacher,S1873,19,12,6,12,8,16,19,13,S1873,BEST,AVG,POOR,AVG,POOR,BEST,BEST,AVG,Linguistic,13.12,2.12,Good
38,Language Teacher,S1874,15,12,6,12,5,19,16,13,S1874,BEST,AVG,POOR,AVG,POOR,BEST,BEST,AVG,Interpersonal,12.25,2.12,Good
38,Language Teacher,S1875,17,12,6,12,10,20,19,13,S1875,BEST,AVG,POOR,AVG,POOR,BEST,BEST,AVG,Interpersonal,13.62,2.12,Good
38,Language Teacher,S1876,19,13,6,12,7,19,17,13,S1876,BEST,AVG,POOR,AVG,POOR,BEST,BEST,AVG,Linguistic,13.25,2.12,Good
38,Language Teacher,S1877,20,11,6,12,6,18,17,13,S1877,BEST,AVG,POOR,AVG,POOR,BEST,BEST,AVG,Linguistic,12.88,2.12,Good
38,Language Teacher,S1878,16,13,6,12,5,16,17,13,S1878,BEST,AVG,POOR,AVG,POOR,BEST,BEST,AVG,Intrapersonal,12.25,2.12,Good
38,Language Teacher,S1879,17,14,6,12,7,15,18,13,S1879,BEST,AVG,POOR,AVG,POOR,BEST,BEST,AVG,Intrapersonal,12.75,2.12,Good
38,Language Teacher,S1880,19,12,6,12,9,19,19,13,S1880,BEST,AVG,POOR,AVG,POOR,BEST,BEST,AVG,Linguistic,13.62,2.12,Good
38,Language Teacher,S1881,15,14,6,12,6,20,17,13,S1881,BEST,AVG,POOR,AVG,POOR,BEST,BEST,AVG,Interpersonal,12.88,2.12,Good
38,Language Teacher,S1882,17,11,6,12,5,19,15,13,S1882,BEST,AVG,POOR,AVG,POOR,BEST,BEST,AVG,Interpersonal,12.25,2.12,Good
38,Language Teacher,S1883,19,13,6,12,7,18,19,13,S1883,BEST,AVG,POOR,AVG,POOR,BEST,BEST,AVG,Linguistic,13.38,2.12,Good
38,Language Teacher,S1884,20,14,6,13,9,16,16,14,S1884,BEST,AVG,POOR,AVG,POOR,BEST,BEST,AVG,Linguistic,13.5,2.12,Good
38,Language Teacher,S1885,16,12,6,13,6,15,17,14,S1885,BEST,AVG,POOR,AVG,POOR,BEST,BEST,AVG,Intrapersonal,12.38,2.12,Good
38,Language Teacher,S1886,17,13,6,13,10,19,17,14,S1886,BEST,AVG,POOR,AVG,POOR,BEST,BEST,AVG,Interpersonal,13.62,2.12,Good
38,Language Teacher,S1887,19,13,6,13,10,20,18,14,S1887,BEST,AVG,POOR,AVG,POOR,BEST,BEST,AVG,Interpersonal,14.12,2.12,Good
38,Language Teacher,S1888,15,11,6,13,8,19,19,14,S1888,BEST,AVG,POOR,AVG,POOR,BEST,BEST,AVG,Interpersonal,13.12,2.12,Good
38,Language Teacher,S1889,17,13,6,13,5,18,17,14,S1889,BEST,AVG,POOR,AVG,POOR,BEST,BEST,AVG,Interpersonal,12.88,2.12,Good
38,Language Teacher,S1890,19,14,6,13,10,16,15,14,S1890,BEST,AVG,POOR,AVG,POOR,BEST,BEST,AVG,Linguistic,13.38,2.12,Good
38,Language Teacher,S1891,17,12,6,13,8,15,19,14,S1891,BEST,AVG,POOR,AVG,POOR,BEST,BEST,AVG,Intrapersonal,13.0,2.12,Good
38,Language Teacher,S1892,17,14,6,13,5,19,16,14,S1892,BEST,AVG,POOR,AVG,POOR,BEST,BEST,AVG,Interpersonal,13.0,2.12,Good
38,Language Teacher,S1893,16,11,6,13,10,20,17,14,S1893,BEST,AVG,POOR,AVG,POOR,BEST,BEST,AVG,Interpersonal,13.38,2.12,Good
38,Language Teacher,S1894,17,13,7,13,7,19,18,14,S1894,BEST,AVG,POOR,AVG,POOR,BEST,BEST,AVG,Interpersonal,13.5,2.12,Good
38,Language Teacher,S1895,19,14,7,13,6,19,19,14,S1895,BEST,AVG,POOR,AVG,POOR,BEST,BEST,AVG,Linguistic,13.88,2.12,Good
38,Language Teacher,S1896,15,12,7,14,5,20,17,14,S1896,BEST,AVG,POOR,AVG,POOR,BEST,BEST,AVG,Interpersonal,13.0,2.12,Good
38,Language Teacher,S1897,17,14,7,14,7,19,15,14,S1897,BEST,AVG,POOR,AVG,POOR,BEST,BEST,AVG,Interpersonal,13.38,2.12,Good
38,Language Teacher,S1898,19,11,7,14,9,18,19,14,S1898,BEST,AVG,POOR,AVG,POOR,BEST,BEST,AVG,Linguistic,13.88,2.12,Good
38,Language Teacher,S1899,18,12,7,14,6,16,16,14,S1899,BEST,AVG,POOR,AVG,POOR,BEST,BEST,AVG,Linguistic,12.88,2.12,Good
38,Language Teacher,S1900,16,14,7,14,5,15,17,14,S1900,BEST,AVG,POOR,AVG,POOR,BEST,BEST,AVG,Intrapersonal,12.75,2.12,Good
39,Poet,S1901,19,20,11,5,9,12,17,12,S1901,BEST,BEST,AVG,POOR,POOR,AVG,BEST,AVG,Musical,13.12,2.12,Good
39,Poet,S1902,18,20,11,10,9,12,15,11,S1902,BEST,BEST,AVG,POOR,POOR,AVG,BEST,AVG,Musical,13.25,2.12,Good
39,Poet,S1903,17,20,13,8,9,12,16,13,S1903,BEST,BEST,AVG,POOR,POOR,AVG,BEST,AVG,Musical,13.5,2.12,Good
39,Poet,S1904,15,20,11,5,9,12,19,11,S1904,BEST,BEST,AVG,POOR,POOR,AVG,BEST,AVG,Musical,12.75,2.12,Good
39,Poet,S1905,16,20,14,10,9,12,17,14,S1905,BEST,BEST,AVG,POOR,POOR,AVG,BEST,AVG,Musical,14.0,2.12,Good
39,Poet,S1906,19,20,12,7,9,12,15,12,S1906,BEST,BEST,AVG,POOR,POOR,AVG,BEST,AVG,Musical,13.25,2.12,Good
39,Poet,S1907,18,20,11,6,9,12,17,11,S1907,BEST,BEST,AVG,POOR,POOR,AVG,BEST,AVG,Musical,13.0,2.12,Good
39,Poet,S1908,19,20,11,5,9,12,15,13,S1908,BEST,BEST,AVG,POOR,POOR,AVG,BEST,AVG,Musical,13.0,2.12,Good
39,Poet,S1909,19,20,11,7,9,12,16,11,S1909,BEST,BEST,AVG,POOR,POOR,AVG,BEST,AVG,Musical,13.12,2.12,Good
39,Poet,S1910,17,20,13,9,9,12,19,14,S1910,BEST,BEST,AVG,POOR,POOR,AVG,BEST,AVG,Musical,14.12,2.12,Good
39,Poet,S1911,15,20,11,6,9,12,17,12,S1911,BEST,BEST,AVG,POOR,POOR,AVG,BEST,AVG,Musical,12.75,2.12,Good
39,Poet,S1912,16,20,14,5,9,12,15,11,S1912,BEST,BEST,AVG,POOR,POOR,AVG,BEST,AVG,Musical,12.75,2.12,Good
39,Poet,S1913,19,20,12,10,9,12,17,13,S1913,BEST,BEST,AVG,POOR,POOR,AVG,BEST,AVG,Musical,14.0,2.12,Good
39,Poet,S1914,18,20,11,8,9,12,15,11,S1914,BEST,BEST,AVG,POOR,POOR,AVG,BEST,AVG,Musical,13.0,2.12,Good
39,Poet,S1915,19,20,11,5,9,12,16,14,S1915,BEST,BEST,AVG,POOR,POOR,AVG,BEST,AVG,Musical,13.25,2.12,Good
39,Poet,S1916,19,19,11,10,9,12,19,12,S1916,BEST,BEST,AVG,POOR,POOR,AVG,BEST,AVG,Linguistic,13.88,2.12,Good
39,Poet,S1917,19,19,13,7,9,12,17,11,S1917,BEST,BEST,AVG,POOR,POOR,AVG,BEST,AVG,Linguistic,13.38,2.12,Good
39,Poet,S1918,19,19,11,6,9,12,15,13,S1918,BEST,BEST,AVG,POOR,POOR,AVG,BEST,AVG,Linguistic,13.0,2.12,Good
39,Poet,S1919,19,19,14,5,9,13,17,11,S1919,BEST,BEST,AVG,POOR,POOR,AVG,BEST,AVG,Linguistic,13.38,2.12,Good
39,Poet,S1920,17,19,12,7,9,13,15,14,S1920,BEST,BEST,AVG,POOR,POOR,AVG,BEST,AVG,Musical,13.25,2.12,Good
39,Poet,S1921,15,19,11,9,9,13,16,12,S1921,BEST,BEST,AVG,POOR,POOR,AVG,BEST,AVG,Musical,13.0,2.12,Good
39,Poet,S1922,16,19,11,6,9,13,19,11,S1922,BEST,BEST,AVG,POOR,POOR,AVG,BEST,AVG,Musical,13.0,2.12,Good
39,Poet,S1923,19,19,13,5,9,13,17,13,S1923,BEST,BEST,AVG,POOR,POOR,AVG,BEST,AVG,Linguistic,13.5,2.12,Good
39,Poet,S1924,18,19,11,10,9,13,15,11,S1924,BEST,BEST,AVG,POOR,POOR,AVG,BEST,AVG,Musical,13.25,2.12,Good
39,Poet,S1925,19,19,14,8,8,13,17,14,S1925,BEST,BEST,AVG,POOR,POOR,AVG,BEST,AVG,Linguistic,14.0,2.12,Good
39,Poet,S1926,19,19,12,5,8,13,15,12,S1926,BEST,BEST,AVG,POOR,POOR,AVG,BEST,AVG,Linguistic,12.88,2.12,Good
39,Poet,S1927,19,19,11,10,8,13,16,11,S1927,BEST,BEST,AVG,POOR,POOR,AVG,BEST,AVG,Linguistic,13.38,2.12,Good
39,Poet,S1928,19,18,12,7,8,13,19,13,S1928,BEST,BEST,AVG,POOR,POOR,AVG,BEST,AVG,Linguistic,13.62,2.12,Good
39,Poet,S1929,18,18,11,6,8,13,17,11,S1929,BEST,BEST,AVG,POOR,POOR,AVG,BEST,AVG,Linguistic,12.75,2.12,Good
39,Poet,S1930,18,18,13,5,8,13,15,14,S1930,BEST,BEST,AVG,POOR,POOR,AVG,BEST,AVG,Linguistic,13.0,2.12,Good
39,Poet,S1931,17,18,11,7,8,14,17,12,S1931,BEST,BEST,AVG,POOR,POOR,AVG,BEST,AVG,Musical,13.0,2.12,Good
39,Poet,S1932,15,18,14,9,8,14,15,11,S1932,BEST,BEST,AVG,POOR,POOR,AVG,BEST,AVG,Musical,13.0,2.12,Good
39,Poet,S1933,16,18,12,6,8,14,16,13,S1933,BEST,BEST,AVG,POOR,POOR,AVG,BEST,AVG,Musical,12.88,2.12,Good
39,Poet,S1934,19,18,11,5,8,14,19,11,S1934,BEST,BEST,AVG,POOR,POOR,AVG,BEST,AVG,Linguistic,13.12,2.12,Good
39,Poet,S1935,17,18,12,10,8,14,17,14,S1935,BEST,BEST,AVG,POOR,POOR,AVG,BEST,AVG,Musical,13.75,2.12,Good
39,Poet,S1936,15,18,11,8,8,14,15,12,S1936,BEST,BEST,AVG,POOR,POOR,AVG,BEST,AVG,Musical,12.62,2.12,Good
39,Poet,S1937,16,18,13,5,8,14,17,11,S1937,BEST,BEST,AVG,POOR,POOR,AVG,BEST,AVG,Musical,12.75,2.12,Good
39,Poet,S1938,19,18,11,10,8,14,15,13,S1938,BEST,BEST,AVG,POOR,POOR,AVG,BEST,AVG,Linguistic,13.5,2.12,Good
39,Poet,S1939,18,18,14,7,8,14,16,11,S1939,BEST,BEST,AVG,POOR,POOR,AVG,BEST,AVG,Linguistic,13.25,2.12,Good
39,Poet,S1940,18,18,12,5,7,14,19,11,S1940,BEST,BEST,AVG,POOR,POOR,AVG,BEST,AVG,Intrapersonal,13.0,2.12,Good
39,Poet,S1941,18,18,11,10,7,14,17,13,S1941,BEST,BEST,AVG,POOR,POOR,AVG,BEST,AVG,Linguistic,13.5,2.12,Good
39,Poet,S1942,18,18,13,8,6,14,15,11,S1942,BEST,BEST,AVG,POOR,POOR,AVG,BEST,AVG,Linguistic,12.88,2.12,Good
39,Poet,S1943,17,18,11,5,6,14,17,14,S1943,BEST,BEST,AVG,POOR,POOR,AVG,BEST,AVG,Musical,12.75,2.12,Good
39,Poet,S1944,15,18,13,10,7,11,15,12,S1944,BEST,BEST,AVG,POOR,POOR,AVG,BEST,AVG,Musical,12.62,2.12,Good
39,Poet,S1945,16,18,11,7,5,11,17,11,S1945,BEST,BEST,AVG,POOR,POOR,AVG,BEST,AVG,Musical,12.0,2.12,Good
39,Poet,S1946,19,18,14,6,9,11,15,13,S1946,BEST,BEST,AVG,POOR,POOR,AVG,BEST,AVG,Linguistic,13.12,2.12,Good
39,Poet,S1947,18,18,12,5,8,11,16,11,S1947,BEST,BEST,AVG,POOR,POOR,AVG,BEST,AVG,Linguistic,12.38,2.12,Good
39,Poet,S1948,17,18,11,7,7,11,19,14,S1948,BEST,BEST,AVG,POOR,POOR,AVG,BEST,AVG,Intrapersonal,13.0,2.12,Good
39,Poet,S1949,17,18,13,9,7,11,17,12,S1949,BEST,BEST,AVG,POOR,POOR,AVG,BEST,AVG,Musical,13.0,2.12,Good
39,Poet,S1950,17,18,14,6,7,11,15,11,S1950,BEST,BEST,AVG,POOR,POOR,AVG,BEST,AVG,Musical,12.38,2.12,Good
40,Broadcaster,S1951,17,11,19,11,8,18,7,12,S1951,BEST,AVG,BEST,AVG,POOR,BEST,POOR,AVG,Bodily,12.88,2.12,Good
40,Broadcaster,S1952,18,14,19,11,5,15,8,12,S1952,BEST,AVG,BEST,AVG,POOR,BEST,POOR,AVG,Bodily,12.75,2.12,Good
40,Broadcaster,S1953,19,13,19,14,10,17,5,12,S1953,BEST,AVG,BEST,AVG,POOR,BEST,POOR,AVG,Linguistic,13.62,2.12,Good
40,Broadcaster,S1954,20,11,19,13,7,19,10,12,S1954,BEST,AVG,BEST,AVG,POOR,BEST,POOR,AVG,Linguistic,13.88,2.12,Good
40,Broadcaster,S1955,19,11,19,12,6,20,7,12,S1955,BEST,AVG,BEST,AVG,POOR,BEST,POOR,AVG,Interpersonal,13.25,2.12,Good
40,Broadcaster,S1956,18,11,19,12,8,18,6,12,S1956,BEST,AVG,BEST,AVG,POOR,BEST,POOR,AVG,Bodily,13.0,2.12,Good
40,Broadcaster,S1957,17,11,19,12,5,18,8,12,S1957,BEST,AVG,BEST,AVG,POOR,BEST,POOR,AVG,Bodily,12.75,2.12,Good
40,Broadcaster,S1958,16,14,19,12,10,15,5,12,S1958,BEST,AVG,BEST,AVG,POOR,BEST,POOR,AVG,Bodily,12.88,2.12,Good
40,Broadcaster,S1959,17,13,19,11,7,17,10,12,S1959,BEST,AVG,BEST,AVG,POOR,BEST,POOR,AVG,Bodily,13.25,2.12,Good
40,Broadcaster,S1960,18,11,19,11,6,19,7,12,S1960,BEST,AVG,BEST,AVG,POOR,BEST,POOR,AVG,Bodily,12.88,2.12,Good
40,Broadcaster,S1961,19,11,19,14,8,20,6,12,S1961,BEST,AVG,BEST,AVG,POOR,BEST,POOR,AVG,Interpersonal,13.62,2.12,Good
40,Broadcaster,S1962,20,11,19,13,5,18,8,11,S1962,BEST,AVG,BEST,AVG,POOR,BEST,POOR,AVG,Linguistic,13.12,2.12,Good
40,Broadcaster,S1963,19,11,19,12,10,18,5,11,S1963,BEST,AVG,BEST,AVG,POOR,BEST,POOR,AVG,Linguistic,13.12,2.12,Good
40,Broadcaster,S1964,18,14,19,12,7,15,10,11,S1964,BEST,AVG,BEST,AVG,POOR,BEST,POOR,AVG,Bodily,13.25,2.12,Good
40,Broadcaster,S1965,17,13,19,12,6,17,7,11,S1965,BEST,AVG,BEST,AVG,POOR,BEST,POOR,AVG,Bodily,12.75,2.12,Good
40,Broadcaster,S1966,16,11,19,12,8,19,6,11,S1966,BEST,AVG,BEST,AVG,POOR,BEST,POOR,AVG,Bodily,12.75,2.12,Good
40,Broadcaster,S1967,17,11,19,12,5,20,8,11,S1967,BEST,AVG,BEST,AVG,POOR,BEST,POOR,AVG,Interpersonal,12.88,2.12,Good
40,Broadcaster,S1968,18,11,19,13,10,18,5,11,S1968,BEST,AVG,BEST,AVG,POOR,BEST,POOR,AVG,Bodily,13.12,2.12,Good
40,Broadcaster,S1969,19,14,19,11,7,18,10,11,S1969,BEST,AVG,BEST,AVG,POOR,BEST,POOR,AVG,Linguistic,13.62,2.12,Good
40,Broadcaster,S1970,20,13,16,11,6,15,7,11,S1970,BEST,AVG,BEST,AVG,POOR,BEST,POOR,AVG,Linguistic,12.38,2.12,Good
40,Broadcaster,S1971,19,11,16,14,8,17,6,11,S1971,BEST,AVG,BEST,AVG,POOR,BEST,POOR,AVG,Linguistic,12.75,2.12,Good
40,Broadcaster,S1972,18,12,16,13,5,19,8,11,S1972,BEST,AVG,BEST,AVG,POOR,BEST,POOR,AVG,Interpersonal,12.75,2.12,Good
40,Broadcaster,S1973,17,11,16,13,10,20,5,11,S1973,BEST,AVG,BEST,AVG,POOR,BEST,POOR,AVG,Interpersonal,12.88,2.12,Good
40,Broadcaster,S1974,16,14,16,13,7,18,10,13,S1974,BEST,AVG,BEST,AVG,POOR,BEST,POOR,AVG,Interpersonal,13.38,2.12,Good
40,Broadcaster,S1975,17,13,16,13,6,15,7,13,S1975,BEST,AVG,BEST,AVG,POOR,BEST,POOR,AVG,Linguistic,12.5,2.12,Good
40,Broadcaster,S1976,18,11,16,13,8,17,6,13,S1976,BEST,AVG,BEST,AVG,POOR,BEST,POOR,AVG,Linguistic,12.75,2.12,Good
40,Broadcaster,S1977,19,12,16,11,5,19,5,13,S1977,BEST,AVG,BEST,AVG,POOR,BEST,POOR,AVG,Linguistic,12.5,2.12,Good
40,Broadcaster,S1978,20,11,16,11,10,20,8,13,S1978,BEST,AVG,BEST,AVG,POOR,BEST,POOR,AVG,Linguistic,13.62,2.12,Good
40,Broadcaster,S1979,19,14,16,14,7,18,5,13,S1979,BEST,AVG,BEST,AVG,POOR,BEST,POOR,AVG,Linguistic,13.25,2.12,Good
40,Broadcaster,S1980,18,13,16,13,6,15,10,13,S1980,BEST,AVG,BEST,AVG,POOR,BEST,POOR,AVG,Linguistic,13.0,2.12,Good
40,Broadcaster,S1981,17,11,16,14,8,17,7,13,S1981,BEST,AVG,BEST,AVG,POOR,BEST,POOR,AVG,Linguistic,12.88,2.12,Good
40,Broadcaster,S1982,16,12,16,14,5,19,6,13,S1982,BEST,AVG,BEST,AVG,POOR,BEST,POOR,AVG,Interpersonal,12.62,2.12,Good
40,Broadcaster,S1983,17,11,16,14,10,20,8,13,S1983,BEST,AVG,BEST,AVG,POOR,BEST,POOR,AVG,Interpersonal,13.62,2.12,Good
40,Broadcaster,S1984,18,14,16,14,7,18,5,13,S1984,BEST,AVG,BEST,AVG,POOR,BEST,POOR,AVG,Linguistic,13.12,2.12,Good
40,Broadcaster,S1985,19,13,16,14,6,15,10,13,S1985,BEST,AVG,BEST,AVG,POOR,BEST,POOR,AVG,Linguistic,13.25,2.12,Good
40,Broadcaster,S1986,20,11,16,11,8,17,7,13,S1986,BEST,AVG,BEST,AVG,POOR,BEST,POOR,AVG,Linguistic,12.88,2.12,Good
40,Broadcaster,S1987,19,13,16,11,5,19,6,13,S1987,BEST,AVG,BEST,AVG,POOR,BEST,POOR,AVG,Linguistic,12.75,2.12,Good
40,Broadcaster,S1988,18,11,17,14,10,20,8,13,S1988,BEST,AVG,BEST,AVG,POOR,BEST,POOR,AVG,Interpersonal,13.88,2.12,Good
40,Broadcaster,S1989,17,14,17,13,7,17,5,13,S1989,BEST,AVG,BEST,AVG,POOR,BEST,POOR,AVG,Linguistic,12.88,2.12,Good
40,Broadcaster,S1990,16,13,17,11,6,18,10,14,S1990,BEST,AVG,BEST,AVG,POOR,BEST,POOR,AVG,Interpersonal,13.12,2.12,Good
40,Broadcaster,S1991,16,11,17,11,8,15,7,14,S1991,BEST,AVG,BEST,AVG,POOR,BEST,POOR,AVG,Bodily,12.38,2.12,Good
40,Broadcaster,S1992,17,14,17,11,5,17,6,14,S1992,BEST,AVG,BEST,AVG,POOR,BEST,POOR,AVG,Linguistic,12.62,2.12,Good
40,Broadcaster,S1993,18,11,17,14,10,19,8,14,S1993,BEST,AVG,BEST,AVG,POOR,BEST,POOR,AVG,Interpersonal,13.88,2.12,Good
40,Broadcaster,S1994,19,14,17,13,7,20,5,14,S1994,BEST,AVG,BEST,AVG,POOR,BEST,POOR,AVG,Interpersonal,13.62,2.12,Good
40,Broadcaster,S1995,20,13,17,11,6,17,10,14,S1995,BEST,AVG,BEST,AVG,POOR,BEST,POOR,AVG,Linguistic,13.5,2.12,Good
40,Broadcaster,S1996,19,11,17,11,8,18,7,14,S1996,BEST,AVG,BEST,AVG,POOR,BEST,POOR,AVG,Linguistic,13.12,2.12,Good
40,Broadcaster,S1997,18,14,17,11,5,15,6,14,S1997,BEST,AVG,BEST,AVG,POOR,BEST,POOR,AVG,Linguistic,12.5,2.12,Good
40,Broadcaster,S1998,17,13,17,14,10,17,9,14,S1998,BEST,AVG,BEST,AVG,POOR,BEST,POOR,AVG,Linguistic,13.88,2.12,Good
40,Broadcaster,S1999,16,11,17,13,7,19,8,14,S1999,BEST,AVG,BEST,AVG,POOR,BEST,POOR,AVG,Interpersonal,13.12,2.12,Good
40,Broadcaster,S2000,17,11,17,11,6,20,7,14,S2000,BEST,AVG,BEST,AVG,POOR,BEST,POOR,AVG,Interpersonal,12.88,2.12,Good
41,Artist,S2001,12,18,12,5,10,12,15,18,S2001,AVG,BEST,AVG,POOR,POOR,AVG,BEST,BEST,Musical,12.75,2.12,Good
41,Artist,S2002,13,19,13,5,9,12,15,15,S2002,AVG,BEST,AVG,POOR,POOR,AVG,BEST,BEST,Musical,12.62,2.12,Good
41,Artist,S2003,14,18,14,6,7,12,15,17,S2003,AVG,BEST,AVG,POOR,POOR,AVG,BEST,BEST,Musical,12.88,2.12,Good
41,Artist,S2004,11,15,11,6,6,12,15,19,S2004,AVG,BEST,AVG,POOR,POOR,AVG,BEST,BEST,Naturalist,11.88,2.12,Good
41,Artist,S2005,14,17,12,7,5,12,15,20,S2005,AVG,BEST,AVG,POOR,POOR,AVG,BEST,BEST,Naturalist,12.75,2.12,Good
41,Artist,S2006,13,18,12,7,9,12,15,18,S2006,AVG,BEST,AVG,POOR,POOR,AVG,BEST,BEST,Musical,13.0,2.12,Good
41,Artist,S2007,12,20,13,8,8,12,15,15,S2007,AVG,BEST,AVG,POOR,POOR,AVG,BEST,BEST,Musical,12.88,2.12,Good
41,Artist,S2008,11,18,14,8,7,12,15,17,S2008,AVG,BEST,AVG,POOR,POOR,AVG,BEST,BEST,Musical,12.75,2.12,Good
41,Artist,S2009,12,19,11,9,6,12,15,19,S2009,AVG,BEST,AVG,POOR,POOR,AVG,BEST,BEST,Musical,12.88,2.12,Good
41,Artist,S2010,13,18,12,9,5,12,15,20,S2010,AVG,BEST,AVG,POOR,POOR,AVG,BEST,BEST,Naturalist,13.0,2.12,Good
41,Artist,S2011,14,15,12,5,9,12,15,18,S2011,AVG,BEST,AVG,POOR,POOR,AVG,BEST,BEST,Naturalist,12.5,2.12,Good
41,Artist,S2012,11,17,13,5,10,12,15,15,S2012,AVG,BEST,AVG,POOR,POOR,AVG,BEST,BEST,Musical,12.25,2.12,Good
41,Artist,S2013,14,18,14,5,10,12,15,17,S2013,AVG,BEST,AVG,POOR,POOR,AVG,BEST,BEST,Musical,13.12,2.12,Good
41,Artist,S2014,13,20,11,6,9,12,15,19,S2014,AVG,BEST,AVG,POOR,POOR,AVG,BEST,BEST,Musical,13.12,2.12,Good
41,Artist,S2015,12,18,12,6,7,12,15,20,S2015,AVG,BEST,AVG,POOR,POOR,AVG,BEST,BEST,Naturalist,12.75,2.12,Good
41,Artist,S2016,11,18,13,7,6,12,15,18,S2016,AVG,BEST,AVG,POOR,POOR,AVG,BEST,BEST,Musical,12.5,2.12,Good
41,Artist,S2017,12,19,14,7,5,12,17,15,S2017,AVG,BEST,AVG,POOR,POOR,AVG,BEST,BEST,Musical,12.62,2.12,Good
41,Artist,S2018,13,18,11,8,9,12,17,17,S2018,AVG,BEST,AVG,POOR,POOR,AVG,BEST,BEST,Musical,13.12,2.12,Good
41,Artist,S2019,14,15,12,8,8,12,17,19,S2019,AVG,BEST,AVG,POOR,POOR,AVG,BEST,BEST,Naturalist,13.12,2.12,Good
41,Artist,S2020,11,17,12,9,7,12,17,20,S2020,AVG,BEST,AVG,POOR,POOR,AVG,BEST,BEST,Naturalist,13.12,2.12,Good
41,Artist,S2021,14,18,13,9,6,12,17,18,S2021,AVG,BEST,AVG,POOR,POOR,AVG,BEST,BEST,Musical,13.38,2.12,Good
41,Artist,S2022,13,20,14,5,5,12,17,15,S2022,AVG,BEST,AVG,POOR,POOR,AVG,BEST,BEST,Musical,12.62,2.12,Good
41,Artist,S2023,12,19,11,5,9,12,17,17,S2023,AVG,BEST,AVG,POOR,POOR,AVG,BEST,BEST,Musical,12.75,2.12,Good
41,Artist,S2024,11,18,14,6,10,13,17,19,S2024,AVG,BEST,AVG,POOR,POOR,AVG,BEST,BEST,Naturalist,13.5,2.12,Good
41,Artist,S2025,12,19,12,6,10,13,17,20,S2025,AVG,BEST,AVG,POOR,POOR,AVG,BEST,BEST,Naturalist,13.62,2.12,Good
41,Artist,S2026,13,18,13,7,9,13,17,18,S2026,AVG,BEST,AVG,POOR,POOR,AVG,BEST,BEST,Musical,13.5,2.12,Good
41,Artist,S2027,14,15,14,7,7,13,17,15,S2027,AVG,BEST,AVG,POOR,POOR,AVG,BEST,BEST,Intrapersonal,12.75,2.12,Good
41,Artist,S2028,11,17,11,8,6,13,17,17,S2028,AVG,BEST,AVG,POOR,POOR,AVG,BEST,BEST,Musical,12.5,2.12,Good
41,Artist,S2029,14,18,14,8,5,13,17,19,S2029,AVG,BEST,AVG,POOR,POOR,AVG,BEST,BEST,Naturalist,13.5,2.12,Good
41,Artist,S2030,13,20,12,9,9,13,17,20,S2030,AVG,BEST,AVG,POOR,POOR,AVG,BEST,BEST,Musical,14.12,2.12,Good
41,Artist,S2031,12,16,13,9,8,13,17,18,S2031,AVG,BEST,AVG,POOR,POOR,AVG,BEST,BEST,Naturalist,13.25,2.12,Good
41,Artist,S2032,11,18,14,7,7,13,18,18,S2032,AVG,BEST,AVG,POOR,POOR,AVG,BEST,BEST,Musical,13.25,2.12,Good
41,Artist,S2033,13,19,11,7,6,13,18,15,S2033,AVG,BEST,AVG,POOR,POOR,AVG,BEST,BEST,Musical,12.75,2.12,Good
41,Artist,S2034,12,18,12,5,5,13,18,17,S2034,AVG,BEST,AVG,POOR,POOR,AVG,BEST,BEST,Musical,12.5,2.12,Good
41,Artist,S2035,13,15,13,5,9,13,18,19,S2035,AVG,BEST,AVG,POOR,POOR,AVG,BEST,BEST,Naturalist,13.12,2.12,Good
41,Artist,S2036,14,17,14,6,10,13,18,20,S2036,AVG,BEST,AVG,POOR,POOR,AVG,BEST,BEST,Naturalist,14.0,2.12,Good
41,Artist,S2037,11,18,11,6,10,14,18,18,S2037,AVG,BEST,AVG,POOR,POOR,AVG,BEST,BEST,Musical,13.25,2.12,Good
41,Artist,S2038,14,20,14,7,9,14,18,15,S2038,AVG,BEST,AVG,POOR,POOR,AVG,BEST,BEST,Musical,13.88,2.12,Good
41,Artist,S2039,13,16,12,7,7,14,18,17,S2039,AVG,BEST,AVG,POOR,POOR,AVG,BEST,BEST,Intrapersonal,13.0,2.12,Good
41,Artist,S2040,12,18,13,5,6,14,18,19,S2040,AVG,BEST,AVG,POOR,POOR,AVG,BEST,BEST,Naturalist,13.12,2.12,Good
41,Artist,S2041,11,19,14,5,5,14,18,20,S2041,AVG,BEST,AVG,POOR,POOR,AVG,BEST,BEST,Naturalist,13.25,2.12,Good
41,Artist,S2042,13,18,11,6,9,14,18,18,S2042,AVG,BEST,AVG,POOR,POOR,AVG,BEST,BEST,Musical,13.38,2.12,Good
41,Artist,S2043,12,15,11,6,8,14,18,15,S2043,AVG,BEST,AVG,POOR,POOR,AVG,BEST,BEST,Intrapersonal,12.38,2.12,Good
41,Artist,S2044,13,17,12,7,7,14,18,17,S2044,AVG,BEST,AVG,POOR,POOR,AVG,BEST,BEST,Intrapersonal,13.12,2.12,Good
41,Artist,S2045,14,18,13,7,6,14,18,19,S2045,AVG,BEST,AVG,POOR,POOR,AVG,BEST,BEST,Naturalist,13.62,2.12,Good
41,Artist,S2046,11,20,14,8,5,14,20,18,S2046,AVG,BEST,AVG,POOR,POOR,AVG,BEST,BEST,Musical,13.75,2.12,Good
41,Artist,S2047,14,17,12,8,9,14,20,15,S2047,AVG,BEST,AVG,POOR,POOR,AVG,BEST,BEST,Intrapersonal,13.62,2.12,Good
41,Artist,S2048,13,16,13,9,10,14,20,17,S2048,AVG,BEST,AVG,POOR,POOR,AVG,BEST,BEST,Intrapersonal,14.0,2.12,Good
41,Artist,S2049,12,19,14,6,8,14,20,19,S2049,AVG,BEST,AVG,POOR,POOR,AVG,BEST,BEST,Intrapersonal,14.0,2.12,Good
41,Artist,S2050,11,17,11,9,7,14,20,20,S2050,AVG,BEST,AVG,POOR,POOR,AVG,BEST,BEST,Intrapersonal,13.62,2.12,Good
42,Graphic Designer,S2051,11,5,5,20,19,11,13,10,S2051,AVG,POOR,POOR,BEST,BEST,AVG,AVG,POOR,Logical_Mathematical,11.75,1.88,Average
42,Graphic Designer,S2052,12,6,6,18,19,11,13,10,S2052,AVG,POOR,POOR,BEST,BEST,AVG,AVG,POOR,Spatial_Visualization,11.88,1.88,Average
42,Graphic Designer,S2053,14,7,5,17,19,11,13,10,S2053,AVG,POOR,POOR,BEST,BEST,AVG,AVG,POOR,Spatial_Visualization,12.0,1.88,Average
42,Graphic Designer,S2054,11,5,7,16,19,11,13,10,S2054,AVG,POOR,POOR,BEST,BEST,AVG,AVG,POOR,Spatial_Visualization,11.5,1.88,Average
42,Graphic Designer,S2055,12,6,8,16,19,11,13,10,S2055,AVG,POOR,POOR,BEST,BEST,AVG,AVG,POOR,Spatial_Visualization,11.88,1.88,Average
42,Graphic Designer,S2056,14,7,7,15,19,11,13,10,S2056,AVG,POOR,POOR,BEST,BEST,AVG,AVG,POOR,Spatial_Visualization,12.0,1.88,Average
42,Graphic Designer,S2057,11,5,8,20,19,11,13,10,S2057,AVG,POOR,POOR,BEST,BEST,AVG,AVG,POOR,Logical_Mathematical,12.12,1.88,Average
42,Graphic Designer,S2058,12,6,9,18,19,11,13,10,S2058,AVG,POOR,POOR,BEST,BEST,AVG,AVG,POOR,Spatial_Visualization,12.25,1.88,Average
42,Graphic Designer,S2059,14,7,10,17,19,11,13,10,S2059,AVG,POOR,POOR,BEST,BEST,AVG,AVG,POOR,Spatial_Visualization,12.62,1.88,Average
42,Graphic Designer,S2060,11,5,5,16,19,11,13,10,S2060,AVG,POOR,POOR,BEST,BEST,AVG,AVG,POOR,Spatial_Visualization,11.25,1.88,Average
42,Graphic Designer,S2061,12,6,6,16,18,11,13,10,S2061,AVG,POOR,POOR,BEST,BEST,AVG,AVG,POOR,Spatial_Visualization,11.5,1.88,Average
42,Graphic Designer,S2062,14,7,5,15,18,11,13,10,S2062,AVG,POOR,POOR,BEST,BEST,AVG,AVG,POOR,Spatial_Visualization,11.62,1.88,Average
42,Graphic Designer,S2063,11,6,7,20,18,11,13,6,S2063,AVG,POOR,POOR,BEST,BEST,AVG,AVG,POOR,Logical_Mathematical,11.5,1.88,Average
42,Graphic Designer,S2064,12,8,8,18,18,11,13,6,S2064,AVG,POOR,POOR,BEST,BEST,AVG,AVG,POOR,Logical_Mathematical,11.75,1.88,Average
42,Graphic Designer,S2065,14,9,7,17,18,11,13,6,S2065,AVG,POOR,POOR,BEST,BEST,AVG,AVG,POOR,Spatial_Visualization,11.88,1.88,Average
42,Graphic Designer,S2066,11,10,8,16,18,11,13,6,S2066,AVG,POOR,POOR,BEST,BEST,AVG,AVG,POOR,Spatial_Visualization,11.62,1.88,Average
42,Graphic Designer,S2067,12,7,9,16,18,11,13,6,S2067,AVG,POOR,POOR,BEST,BEST,AVG,AVG,POOR,Spatial_Visualization,11.5,1.88,Average
42,Graphic Designer,S2068,14,6,10,15,18,11,14,6,S2068,AVG,POOR,POOR,BEST,BEST,AVG,AVG,POOR,Spatial_Visualization,11.75,1.88,Average
42,Graphic Designer,S2069,11,8,5,20,18,11,14,6,S2069,AVG,POOR,POOR,BEST,BEST,AVG,AVG,POOR,Logical_Mathematical,11.62,1.88,Average
42,Graphic Designer,S2070,12,9,6,18,18,14,14,6,S2070,AVG,POOR,POOR,BEST,BEST,AVG,AVG,POOR,Logical_Mathematical,12.12,1.88,Average
42,Graphic Designer,S2071,14,10,5,17,18,14,14,6,S2071,AVG,POOR,POOR,BEST,BEST,AVG,AVG,POOR,Spatial_Visualization,12.25,1.88,Average
42,Graphic Designer,S2072,11,7,7,16,18,14,14,6,S2072,AVG,POOR,POOR,BEST,BEST,AVG,AVG,POOR,Spatial_Visualization,11.62,1.88,Average
42,Graphic Designer,S2073,12,6,8,16,17,14,14,6,S2073,AVG,POOR,POOR,BEST,BEST,AVG,AVG,POOR,Spatial_Visualization,11.62,1.88,Average
42,Graphic Designer,S2074,14,8,7,15,17,14,14,6,S2074,AVG,POOR,POOR,BEST,BEST,AVG,AVG,POOR,Spatial_Visualization,11.88,1.88,Average
42,Graphic Designer,S2075,14,9,8,20,17,14,12,6,S2075,AVG,POOR,POOR,BEST,BEST,AVG,AVG,POOR,Logical_Mathematical,12.5,1.88,Average
42,Graphic Designer,S2076,13,10,9,18,17,14,12,6,S2076,AVG,POOR,POOR,BEST,BEST,AVG,AVG,POOR,Logical_Mathematical,12.38,1.88,Average
42,Graphic Designer,S2077,12,7,10,17,17,14,12,6,S2077,AVG,POOR,POOR,BEST,BEST,AVG,AVG,POOR,Logical_Mathematical,11.88,1.88,Average
42,Graphic Designer,S2078,11,6,5,16,17,11,12,6,S2078,AVG,POOR,POOR,BEST,BEST,AVG,AVG,POOR,Spatial_Visualization,10.5,1.88,Average
42,Graphic Designer,S2079,12,8,6,16,17,11,12,6,S2079,AVG,POOR,POOR,BEST,BEST,AVG,AVG,POOR,Spatial_Visualization,11.0,1.88,Average
42,Graphic Designer,S2080,14,9,5,15,17,11,12,8,S2080,AVG,POOR,POOR,BEST,BEST,AVG,AVG,POOR,Spatial_Visualization,11.38,1.88,Average
42,Graphic Designer,S2081,14,10,7,20,17,11,12,8,S2081,AVG,POOR,POOR,BEST,BEST,AVG,AVG,POOR,Logical_Mathematical,12.38,1.88,Average
42,Graphic Designer,S2082,13,7,8,18,17,11,12,8,S2082,AVG,POOR,POOR,BEST,BEST,AVG,AVG,POOR,Logical_Mathematical,11.75,1.88,Average
42,Graphic Designer,S2083,12,6,7,17,15,11,12,8,S2083,AVG,POOR,POOR,BEST,BEST,AVG,AVG,POOR,Logical_Mathematical,11.0,1.88,Average
42,Graphic Designer,S2084,11,8,8,16,15,11,12,8,S2084,AVG,POOR,POOR,BEST,BEST,AVG,AVG,POOR,Logical_Mathematical,11.12,1.88,Average
42,Graphic Designer,S2085,12,9,9,16,15,12,12,8,S2085,AVG,POOR,POOR,BEST,BEST,AVG,AVG,POOR,Logical_Mathematical,11.62,1.88,Average
42,Graphic Designer,S2086,14,10,10,15,15,12,13,8,S2086,AVG,POOR,POOR,BEST,BEST,AVG,AVG,POOR,Logical_Mathematical,12.12,1.88,Average
42,Graphic Designer,S2087,14,7,5,20,15,12,13,8,S2087,AVG,POOR,POOR,BEST,BEST,AVG,AVG,POOR,Logical_Mathematical,11.75,1.88,Average
42,Graphic Designer,S2088,13,6,6,18,15,12,13,8,S2088,AVG,POOR,POOR,BEST,BEST,AVG,AVG,POOR,Logical_Mathematical,11.38,1.88,Average
42,Graphic Designer,S2089,12,8,5,17,15,12,13,8,S2089,AVG,POOR,POOR,BEST,BEST,AVG,AVG,POOR,Logical_Mathematical,11.25,1.88,Average
42,Graphic Designer,S2090,11,9,7,16,15,12,13,8,S2090,AVG,POOR,POOR,BEST,BEST,AVG,AVG,POOR,Logical_Mathematical,11.38,1.88,Average
42,Graphic Designer,S2091,12,10,8,16,15,13,13,8,S2091,AVG,POOR,POOR,BEST,BEST,AVG,AVG,POOR,Logical_Mathematical,11.88,1.88,Average
42,Graphic Designer,S2092,14,7,7,15,15,13,13,8,S2092,AVG,POOR,POOR,BEST,BEST,AVG,AVG,POOR,Logical_Mathematical,11.5,1.88,Average
42,Graphic Designer,S2093,14,6,8,20,15,13,13,8,S2093,AVG,POOR,POOR,BEST,BEST,AVG,AVG,POOR,Logical_Mathematical,12.12,1.88,Average
42,Graphic Designer,S2094,13,8,9,18,15,13,13,8,S2094,AVG,POOR,POOR,BEST,BEST,AVG,AVG,POOR,Logical_Mathematical,12.12,1.88,Average
42,Graphic Designer,S2095,12,9,10,17,19,13,12,8,S2095,AVG,POOR,POOR,BEST,BEST,AVG,AVG,POOR,Spatial_Visualization,12.5,1.88,Average
42,Graphic Designer,S2096,11,10,5,16,19,13,12,8,S2096,AVG,POOR,POOR,BEST,BEST,AVG,AVG,POOR,Spatial_Visualization,11.75,1.88,Average
42,Graphic Designer,S2097,14,7,6,16,19,13,12,8,S2097,AVG,POOR,POOR,BEST,BEST,AVG,AVG,POOR,Spatial_Visualization,11.88,1.88,Average
42,Graphic Designer,S2098,13,6,7,15,19,13,12,8,S2098,AVG,POOR,POOR,BEST,BEST,AVG,AVG,POOR,Spatial_Visualization,11.62,1.88,Average
42,Graphic Designer,S2099,12,8,8,17,19,13,12,8,S2099,AVG,POOR,POOR,BEST,BEST,AVG,AVG,POOR,Spatial_Visualization,12.12,1.88,Average
42,Graphic Designer,S2100,11,9,9,18,19,13,12,8,S2100,AVG,POOR,POOR,BEST,BEST,AVG,AVG,POOR,Spatial_Visualization,12.38,1.88,Average
43,Fashion Designer,S2101,5,7,11,11,10,18,16,15,S2101,POOR,POOR,AVG,AVG,POOR,BEST,BEST,BEST,Interpersonal,11.62,2.0,Good
43,Fashion Designer,S2102,6,7,12,11,9,18,16,15,S2102,POOR,POOR,AVG,AVG,POOR,BEST,BEST,BEST,Interpersonal,11.75,2.0,Good
43,Fashion Designer,S2103,7,8,14,11,8,18,16,15,S2103,POOR,POOR,AVG,AVG,POOR,BEST,BEST,BEST,Interpersonal,12.12,2.0,Good
43,Fashion Designer,S2104,8,8,11,11,7,18,16,15,S2104,POOR,POOR,AVG,AVG,POOR,BEST,BEST,BEST,Interpersonal,11.75,2.0,Good
43,Fashion Designer,S2105,8,9,12,11,10,18,16,15,S2105,POOR,POOR,AVG,AVG,POOR,BEST,BEST,BEST,Interpersonal,12.38,2.0,Good
43,Fashion Designer,S2106,7,9,14,11,9,18,16,15,S2106,POOR,POOR,AVG,AVG,POOR,BEST,BEST,BEST,Interpersonal,12.38,2.0,Good
43,Fashion Designer,S2107,6,7,11,11,8,18,16,15,S2107,POOR,POOR,AVG,AVG,POOR,BEST,BEST,BEST,Interpersonal,11.5,2.0,Good
43,Fashion Designer,S2108,5,7,12,11,7,18,16,15,S2108,POOR,POOR,AVG,AVG,POOR,BEST,BEST,BEST,Interpersonal,11.38,2.0,Good
43,Fashion Designer,S2109,5,8,14,11,10,18,16,15,S2109,POOR,POOR,AVG,AVG,POOR,BEST,BEST,BEST,Interpersonal,12.12,2.0,Good
43,Fashion Designer,S2110,6,8,11,11,9,18,16,15,S2110,POOR,POOR,AVG,AVG,POOR,BEST,BEST,BEST,Interpersonal,11.75,2.0,Good
43,Fashion Designer,S2111,7,9,12,11,8,18,16,15,S2111,POOR,POOR,AVG,AVG,POOR,BEST,BEST,BEST,Interpersonal,12.0,2.0,Good
43,Fashion Designer,S2112,8,9,14,13,7,18,16,15,S2112,POOR,POOR,AVG,AVG,POOR,BEST,BEST,BEST,Interpersonal,12.5,2.0,Good
43,Fashion Designer,S2113,8,7,11,13,10,18,16,15,S2113,POOR,POOR,AVG,AVG,POOR,BEST,BEST,BEST,Interpersonal,12.25,2.0,Good
43,Fashion Designer,S2114,7,7,12,13,9,18,16,15,S2114,POOR,POOR,AVG,AVG,POOR,BEST,BEST,BEST,Interpersonal,12.12,2.0,Good
43,Fashion Designer,S2115,6,8,14,13,8,18,16,15,S2115,POOR,POOR,AVG,AVG,POOR,BEST,BEST,BEST,Interpersonal,12.25,2.0,Good
43,Fashion Designer,S2116,5,8,11,13,7,18,16,15,S2116,POOR,POOR,AVG,AVG,POOR,BEST,BEST,BEST,Interpersonal,11.62,2.0,Good
43,Fashion Designer,S2117,5,9,12,13,10,18,16,15,S2117,POOR,POOR,AVG,AVG,POOR,BEST,BEST,BEST,Interpersonal,12.25,2.0,Good
43,Fashion Designer,S2118,6,9,14,13,9,18,16,15,S2118,POOR,POOR,AVG,AVG,POOR,BEST,BEST,BEST,Interpersonal,12.5,2.0,Good
43,Fashion Designer,S2119,7,7,11,13,8,18,16,15,S2119,POOR,POOR,AVG,AVG,POOR,BEST,BEST,BEST,Interpersonal,11.88,2.0,Good
43,Fashion Designer,S2120,8,7,12,13,7,18,16,15,S2120,POOR,POOR,AVG,AVG,POOR,BEST,BEST,BEST,Interpersonal,12.0,2.0,Good
43,Fashion Designer,S2121,8,8,14,13,10,18,16,15,S2121,POOR,POOR,AVG,AVG,POOR,BEST,BEST,BEST,Interpersonal,12.75,2.0,Good
43,Fashion Designer,S2122,7,8,11,13,9,18,16,15,S2122,POOR,POOR,AVG,AVG,POOR,BEST,BEST,BEST,Interpersonal,12.12,2.0,Good
43,Fashion Designer,S2123,6,9,12,14,8,18,16,15,S2123,POOR,POOR,AVG,AVG,POOR,BEST,BEST,BEST,Interpersonal,12.25,2.0,Good
43,Fashion Designer,S2124,5,9,14,14,7,18,16,15,S2124,POOR,POOR,AVG,AVG,POOR,BEST,BEST,BEST,Interpersonal,12.25,2.0,Good
43,Fashion Designer,S2125,5,7,14,14,10,18,16,15,S2125,POOR,POOR,AVG,AVG,POOR,BEST,BEST,BEST,Interpersonal,12.38,2.0,Good
43,Fashion Designer,S2126,6,7,13,14,9,18,16,15,S2126,POOR,POOR,AVG,AVG,POOR,BEST,BEST,BEST,Interpersonal,12.25,2.0,Good
43,Fashion Designer,S2127,7,8,12,14,8,18,16,15,S2127,POOR,POOR,AVG,AVG,POOR,BEST,BEST,BEST,Interpersonal,12.25,2.0,Good
43,Fashion Designer,S2128,8,8,11,14,7,18,16,15,S2128,POOR,POOR,AVG,AVG,POOR,BEST,BEST,BEST,Interpersonal,12.12,2.0,Good
43,Fashion Designer,S2129,8,9,12,14,10,18,16,15,S2129,POOR,POOR,AVG,AVG,POOR,BEST,BEST,BEST,Interpersonal,12.75,2.0,Good
43,Fashion Designer,S2130,7,9,14,14,9,18,16,15,S2130,POOR,POOR,AVG,AVG,POOR,BEST,BEST,BEST,Interpersonal,12.75,2.0,Good
43,Fashion Designer,S2131,6,7,14,14,8,18,16,15,S2131,POOR,POOR,AVG,AVG,POOR,BEST,BEST,BEST,Interpersonal,12.25,2.0,Good
43,Fashion Designer,S2132,5,7,13,14,7,18,16,15,S2132,POOR,POOR,AVG,AVG,POOR,BEST,BEST,BEST,Interpersonal,11.88,2.0,Good
43,Fashion Designer,S2133,5,8,12,14,10,18,16,15,S2133,POOR,POOR,AVG,AVG,POOR,BEST,BEST,BEST,Interpersonal,12.25,2.0,Good
43,Fashion Designer,S2134,6,8,11,13,9,18,16,15,S2134,POOR,POOR,AVG,AVG,POOR,BEST,BEST,BEST,Interpersonal,12.0,2.0,Good
43,Fashion Designer,S2135,7,9,12,13,8,18,16,15,S2135,POOR,POOR,AVG,AVG,POOR,BEST,BEST,BEST,Interpersonal,12.25,2.0,Good
43,Fashion Designer,S2136,8,9,14,13,7,18,16,15,S2136,POOR,POOR,AVG,AVG,POOR,BEST,BEST,BEST,Interpersonal,12.5,2.0,Good
43,Fashion Designer,S2137,8,7,14,13,10,18,16,15,S2137,POOR,POOR,AVG,AVG,POOR,BEST,BEST,BEST,Interpersonal,12.62,2.0,Good
43,Fashion Designer,S2138,7,7,13,13,9,18,16,15,S2138,POOR,POOR,AVG,AVG,POOR,BEST,BEST,BEST,Interpersonal,12.25,2.0,Good
43,Fashion Designer,S2139,6,8,12,13,8,18,16,15,S2139,POOR,POOR,AVG,AVG,POOR,BEST,BEST,BEST,Interpersonal,12.0,2.0,Good
43,Fashion Designer,S2140,5,8,11,13,7,18,16,15,S2140,POOR,POOR,AVG,AVG,POOR,BEST,BEST,BEST,Interpersonal,11.62,2.0,Good
43,Fashion Designer,S2141,5,9,12,13,10,18,16,15,S2141,POOR,POOR,AVG,AVG,POOR,BEST,BEST,BEST,Interpersonal,12.25,2.0,Good
43,Fashion Designer,S2142,6,9,14,12,9,18,16,15,S2142,POOR,POOR,AVG,AVG,POOR,BEST,BEST,BEST,Interpersonal,12.38,2.0,Good
43,Fashion Designer,S2143,7,7,14,12,8,18,16,15,S2143,POOR,POOR,AVG,AVG,POOR,BEST,BEST,BEST,Interpersonal,12.12,2.0,Good
43,Fashion Designer,S2144,8,7,13,12,7,18,16,15,S2144,POOR,POOR,AVG,AVG,POOR,BEST,BEST,BEST,Interpersonal,12.0,2.0,Good
43,Fashion Designer,S2145,8,8,12,12,10,18,16,15,S2145,POOR,POOR,AVG,AVG,POOR,BEST,BEST,BEST,Interpersonal,12.38,2.0,Good
43,Fashion Designer,S2146,7,8,11,12,9,18,16,15,S2146,POOR,POOR,AVG,AVG,POOR,BEST,BEST,BEST,Interpersonal,12.0,2.0,Good
43,Fashion Designer,S2147,6,9,14,12,8,18,16,15,S2147,POOR,POOR,AVG,AVG,POOR,BEST,BEST,BEST,Interpersonal,12.25,2.0,Good
43,Fashion Designer,S2148,5,9,13,12,7,18,16,15,S2148,POOR,POOR,AVG,AVG,POOR,BEST,BEST,BEST,Interpersonal,11.88,2.0,Good
43,Fashion Designer,S2149,6,8,12,12,6,18,16,15,S2149,POOR,POOR,AVG,AVG,POOR,BEST,BEST,BEST,Interpersonal,11.62,2.0,Good
43,Fashion Designer,S2150,8,6,11,12,7,18,16,15,S2150,POOR,POOR,AVG,AVG,POOR,BEST,BEST,BEST,Interpersonal,11.62,2.0,Good
44,Interior Decorator,S2151,11,7,5,20,16,17,12,14,S2151,AVG,POOR,POOR,BEST,BEST,BEST,AVG,AVG,Logical_Mathematical,12.75,2.12,Good
44,Interior Decorator,S2152,12,7,6,19,16,17,12,14,S2152,AVG,POOR,POOR,BEST,BEST,BEST,AVG,AVG,Logical_Mathematical,12.88,2.12,Good
44,Interior Decorator,S2153,13,7,7,18,16,17,12,14,S2153,AVG,POOR,POOR,BEST,BEST,BEST,AVG,AVG,Logical_Mathematical,13.0,2.12,Good
44,Interior Decorator,S2154,12,7,8,17,16,17,12,14,S2154,AVG,POOR,POOR,BEST,BEST,BEST,AVG,AVG,Logical_Mathematical,12.88,2.12,Good
44,Interior Decorator,S2155,14,7,8,16,16,17,12,14,S2155,AVG,POOR,POOR,BEST,BEST,BEST,AVG,AVG,Interpersonal,13.0,2.12,Good
44,Interior Decorator,S2156,11,7,7,15,16,17,12,14,S2156,AVG,POOR,POOR,BEST,BEST,BEST,AVG,AVG,Interpersonal,12.38,2.12,Good
44,Interior Decorator,S2157,12,7,6,20,16,17,12,14,S2157,AVG,POOR,POOR,BEST,BEST,BEST,AVG,AVG,Logical_Mathematical,13.0,2.12,Good
44,Interior Decorator,S2158,13,7,5,19,16,17,12,14,S2158,AVG,POOR,POOR,BEST,BEST,BEST,AVG,AVG,Logical_Mathematical,12.88,2.12,Good
44,Interior Decorator,S2159,12,7,5,18,16,17,12,14,S2159,AVG,POOR,POOR,BEST,BEST,BEST,AVG,AVG,Logical_Mathematical,12.62,2.12,Good
44,Interior Decorator,S2160,14,7,6,17,16,17,12,14,S2160,AVG,POOR,POOR,BEST,BEST,BEST,AVG,AVG,Logical_Mathematical,12.88,2.12,Good
44,Interior Decorator,S2161,11,7,7,16,16,17,13,14,S2161,AVG,POOR,POOR,BEST,BEST,BEST,AVG,AVG,Interpersonal,12.62,2.12,Good
44,Interior Decorator,S2162,12,7,8,15,16,17,13,11,S2162,AVG,POOR,POOR,BEST,BEST,BEST,AVG,AVG,Interpersonal,12.38,2.12,Good
44,Interior Decorator,S2163,13,7,8,20,16,17,13,11,S2163,AVG,POOR,POOR,BEST,BEST,BEST,AVG,AVG,Logical_Mathematical,13.12,2.12,Good
44,Interior Decorator,S2164,12,7,7,19,16,18,13,11,S2164,AVG,POOR,POOR,BEST,BEST,BEST,AVG,AVG,Logical_Mathematical,12.88,2.12,Good
44,Interior Decorator,S2165,14,7,6,18,16,18,13,11,S2165,AVG,POOR,POOR,BEST,BEST,BEST,AVG,AVG,Logical_Mathematical,12.88,2.12,Good
44,Interior Decorator,S2166,11,7,5,17,16,18,13,11,S2166,AVG,POOR,POOR,BEST,BEST,BEST,AVG,AVG,Interpersonal,12.25,2.12,Good
44,Interior Decorator,S2167,12,7,5,16,15,18,13,11,S2167,AVG,POOR,POOR,BEST,BEST,BEST,AVG,AVG,Interpersonal,12.12,2.12,Good
44,Interior Decorator,S2168,13,7,6,15,15,18,13,11,S2168,AVG,POOR,POOR,BEST,BEST,BEST,AVG,AVG,Interpersonal,12.25,2.12,Good
44,Interior Decorator,S2169,12,7,7,20,15,18,13,11,S2169,AVG,POOR,POOR,BEST,BEST,BEST,AVG,AVG,Logical_Mathematical,12.88,2.12,Good
44,Interior Decorator,S2170,14,7,8,19,15,18,13,11,S2170,AVG,POOR,POOR,BEST,BEST,BEST,AVG,AVG,Logical_Mathematical,13.12,2.12,Good
44,Interior Decorator,S2171,11,7,8,18,15,18,13,11,S2171,AVG,POOR,POOR,BEST,BEST,BEST,AVG,AVG,Logical_Mathematical,12.62,2.12,Good
44,Interior Decorator,S2172,12,7,7,17,15,18,12,11,S2172,AVG,POOR,POOR,BEST,BEST,BEST,AVG,AVG,Interpersonal,12.38,2.12,Good
44,Interior Decorator,S2173,13,7,6,16,15,18,12,13,S2173,AVG,POOR,POOR,BEST,BEST,BEST,AVG,AVG,Interpersonal,12.5,2.12,Good
44,Interior Decorator,S2174,12,7,5,15,15,18,12,13,S2174,AVG,POOR,POOR,BEST,BEST,BEST,AVG,AVG,Interpersonal,12.12,2.12,Good
44,Interior Decorator,S2175,14,7,5,20,15,18,12,13,S2175,AVG,POOR,POOR,BEST,BEST,BEST,AVG,AVG,Logical_Mathematical,13.0,2.12,Good
44,Interior Decorator,S2176,11,7,6,19,15,18,12,13,S2176,AVG,POOR,POOR,BEST,BEST,BEST,AVG,AVG,Logical_Mathematical,12.62,2.12,Good
44,Interior Decorator,S2177,12,7,7,18,15,15,12,13,S2177,AVG,POOR,POOR,BEST,BEST,BEST,AVG,AVG,Logical_Mathematical,12.38,2.12,Good
44,Interior Decorator,S2178,13,7,8,17,15,15,12,13,S2178,AVG,POOR,POOR,BEST,BEST,BEST,AVG,AVG,Logical_Mathematical,12.5,2.12,Good
44,Interior Decorator,S2179,12,7,8,16,15,15,12,13,S2179,AVG,POOR,POOR,BEST,BEST,BEST,AVG,AVG,Logical_Mathematical,12.25,2.12,Good
44,Interior Decorator,S2180,14,7,7,15,15,15,12,13,S2180,AVG,POOR,POOR,BEST,BEST,BEST,AVG,AVG,Logical_Mathematical,12.25,2.12,Good
44,Interior Decorator,S2181,11,7,6,20,15,15,12,13,S2181,AVG,POOR,POOR,BEST,BEST,BEST,AVG,AVG,Logical_Mathematical,12.38,2.12,Good
44,Interior Decorator,S2182,12,7,5,19,15,15,12,13,S2182,AVG,POOR,POOR,BEST,BEST,BEST,AVG,AVG,Logical_Mathematical,12.25,2.12,Good
44,Interior Decorator,S2183,13,7,5,18,18,15,14,11,S2183,AVG,POOR,POOR,BEST,BEST,BEST,AVG,AVG,Logical_Mathematical,12.62,2.12,Good
44,Interior Decorator,S2184,12,7,6,17,18,15,14,11,S2184,AVG,POOR,POOR,BEST,BEST,BEST,AVG,AVG,Spatial_Visualization,12.5,2.12,Good
44,Interior Decorator,S2185,14,7,7,16,18,15,14,11,S2185,AVG,POOR,POOR,BEST,BEST,BEST,AVG,AVG,Spatial_Visualization,12.75,2.12,Good
44,Interior Decorator,S2186,11,7,8,15,18,19,14,11,S2186,AVG,POOR,POOR,BEST,BEST,BEST,AVG,AVG,Interpersonal,12.88,2.12,Good
44,Interior Decorator,S2187,12,7,8,20,18,19,14,11,S2187,AVG,POOR,POOR,BEST,BEST,BEST,AVG,AVG,Logical_Mathematical,13.62,2.12,Good
44,Interior Decorator,S2188,13,7,7,19,18,19,14,11,S2188,AVG,POOR,POOR,BEST,BEST,BEST,AVG,AVG,Logical_Mathematical,13.5,2.12,Good
44,Interior Decorator,S2189,12,7,6,18,18,19,14,11,S2189,AVG,POOR,POOR,BEST,BEST,BEST,AVG,AVG,Interpersonal,13.12,2.12,Good
44,Interior Decorator,S2190,14,7,5,17,18,19,14,11,S2190,AVG,POOR,POOR,BEST,BEST,BEST,AVG,AVG,Interpersonal,13.12,2.12,Good
44,Interior Decorator,S2191,11,7,5,16,18,19,14,11,S2191,AVG,POOR,POOR,BEST,BEST,BEST,AVG,AVG,Interpersonal,12.62,2.12,Good
44,Interior Decorator,S2192,12,7,6,15,18,19,14,11,S2192,AVG,POOR,POOR,BEST,BEST,BEST,AVG,AVG,Interpersonal,12.75,2.12,Good
44,Interior Decorator,S2193,13,7,7,20,18,19,14,11,S2193,AVG,POOR,POOR,BEST,BEST,BEST,AVG,AVG,Logical_Mathematical,13.62,2.12,Good
44,Interior Decorator,S2194,12,7,8,19,18,19,14,11,S2194,AVG,POOR,POOR,BEST,BEST,BEST,AVG,AVG,Logical_Mathematical,13.5,2.12,Good
44,Interior Decorator,S2195,14,7,8,18,18,19,14,11,S2195,AVG,POOR,POOR,BEST,BEST,BEST,AVG,AVG,Interpersonal,13.62,2.12,Good
44,Interior Decorator,S2196,11,7,7,17,19,19,14,11,S2196,AVG,POOR,POOR,BEST,BEST,BEST,AVG,AVG,Spatial_Visualization,13.12,2.12,Good
44,Interior Decorator,S2197,12,7,6,16,19,19,14,11,S2197,AVG,POOR,POOR,BEST,BEST,BEST,AVG,AVG,Spatial_Visualization,13.0,2.12,Good
44,Interior Decorator,S2198,13,7,5,15,19,19,14,11,S2198,AVG,POOR,POOR,BEST,BEST,BEST,AVG,AVG,Spatial_Visualization,12.88,2.12,Good
44,Interior Decorator,S2199,12,7,6,17,19,19,14,11,S2199,AVG,POOR,POOR,BEST,BEST,BEST,AVG,AVG,Spatial_Visualization,13.12,2.12,Good
44,Interior Decorator,S2200,14,7,8,16,19,19,14,11,S2200,AVG,POOR,POOR,BEST,BEST,BEST,AVG,AVG,Spatial_Visualization,13.5,2.12,Good
45,Pilot,S2201,6,5,18,19,11,13,7,20,S2201,POOR,POOR,BEST,BEST,AVG,AVG,POOR,BEST,Naturalist,12.38,2.0,Good
45,Pilot,S2202,6,6,17,19,12,13,7,19,S2202,POOR,POOR,BEST,BEST,AVG,AVG,POOR,BEST,Logical_Mathematical,12.38,2.0,Good
45,Pilot,S2203,6,7,16,19,13,13,8,18,S2203,POOR,POOR,BEST,BEST,AVG,AVG,POOR,BEST,Logical_Mathematical,12.5,2.0,Good
45,Pilot,S2204,6,8,16,19,12,13,8,17,S2204,POOR,POOR,BEST,BEST,AVG,AVG,POOR,BEST,Logical_Mathematical,12.38,2.0,Good
45,Pilot,S2205,6,8,18,19,14,13,7,20,S2205,POOR,POOR,BEST,BEST,AVG,AVG,POOR,BEST,Naturalist,13.12,2.0,Good
45,Pilot,S2206,6,7,17,19,11,13,6,19,S2206,POOR,POOR,BEST,BEST,AVG,AVG,POOR,BEST,Logical_Mathematical,12.25,2.0,Good
45,Pilot,S2207,6,6,16,19,12,13,5,18,S2207,POOR,POOR,BEST,BEST,AVG,AVG,POOR,BEST,Logical_Mathematical,11.88,2.0,Good
45,Pilot,S2208,6,5,16,19,13,13,5,17,S2208,POOR,POOR,BEST,BEST,AVG,AVG,POOR,BEST,Logical_Mathematical,11.75,2.0,Good
45,Pilot,S2209,6,5,18,19,12,13,6,20,S2209,POOR,POOR,BEST,BEST,AVG,AVG,POOR,BEST,Naturalist,12.38,2.0,Good
45,Pilot,S2210,6,6,17,19,14,13,7,19,S2210,POOR,POOR,BEST,BEST,AVG,AVG,POOR,BEST,Logical_Mathematical,12.62,2.0,Good
45,Pilot,S2211,6,7,16,19,11,13,8,18,S2211,POOR,POOR,BEST,BEST,AVG,AVG,POOR,BEST,Logical_Mathematical,12.25,2.0,Good
45,Pilot,S2212,6,8,16,19,12,13,7,17,S2212,POOR,POOR,BEST,BEST,AVG,AVG,POOR,BEST,Logical_Mathematical,12.25,2.0,Good
45,Pilot,S2213,6,8,18,19,13,13,6,20,S2213,POOR,POOR,BEST,BEST,AVG,AVG,POOR,BEST,Naturalist,12.88,2.0,Good
45,Pilot,S2214,8,7,17,19,12,13,7,19,S2214,POOR,POOR,BEST,BEST,AVG,AVG,POOR,BEST,Logical_Mathematical,12.75,2.0,Good
45,Pilot,S2215,8,6,16,19,14,13,7,18,S2215,POOR,POOR,BEST,BEST,AVG,AVG,POOR,BEST,Logical_Mathematical,12.62,2.0,Good
45,Pilot,S2216,8,5,16,19,11,13,9,17,S2216,POOR,POOR,BEST,BEST,AVG,AVG,POOR,BEST,Logical_Mathematical,12.25,2.0,Good
45,Pilot,S2217,8,5,18,19,12,13,9,20,S2217,POOR,POOR,BEST,BEST,AVG,AVG,POOR,BEST,Naturalist,13.0,2.0,Good
45,Pilot,S2218,8,6,17,19,13,13,8,19,S2218,POOR,POOR,BEST,BEST,AVG,AVG,POOR,BEST,Logical_Mathematical,12.88,2.0,Good
45,Pilot,S2219,8,7,16,19,12,13,8,18,S2219,POOR,POOR,BEST,BEST,AVG,AVG,POOR,BEST,Logical_Mathematical,12.62,2.0,Good
45,Pilot,S2220,8,8,16,17,14,13,7,17,S2220,POOR,POOR,BEST,BEST,AVG,AVG,POOR,BEST,Logical_Mathematical,12.5,2.0,Good
45,Pilot,S2221,8,8,16,17,11,14,6,20,S2221,POOR,POOR,BEST,BEST,AVG,AVG,POOR,BEST,Naturalist,12.5,2.0,Good
45,Pilot,S2222,8,7,16,17,12,14,9,19,S2222,POOR,POOR,BEST,BEST,AVG,AVG,POOR,BEST,Naturalist,12.75,2.0,Good
45,Pilot,S2223,8,6,18,17,13,14,5,18,S2223,POOR,POOR,BEST,BEST,AVG,AVG,POOR,BEST,Bodily,12.38,2.0,Good
45,Pilot,S2224,8,5,17,17,12,14,5,17,S2224,POOR,POOR,BEST,BEST,AVG,AVG,POOR,BEST,Bodily,11.88,2.0,Good
45,Pilot,S2225,8,5,16,17,14,14,6,20,S2225,POOR,POOR,BEST,BEST,AVG,AVG,POOR,BEST,Naturalist,12.5,2.0,Good
45,Pilot,S2226,8,6,16,17,11,14,7,19,S2226,POOR,POOR,BEST,BEST,AVG,AVG,POOR,BEST,Naturalist,12.25,2.0,Good
45,Pilot,S2227,9,7,18,17,12,14,7,18,S2227,POOR,POOR,BEST,BEST,AVG,AVG,POOR,BEST,Bodily,12.75,2.0,Good
45,Pilot,S2228,9,8,17,17,13,14,6,17,S2228,POOR,POOR,BEST,BEST,AVG,AVG,POOR,BEST,Bodily,12.62,2.0,Good
45,Pilot,S2229,9,8,16,17,12,14,8,20,S2229,POOR,POOR,BEST,BEST,AVG,AVG,POOR,BEST,Naturalist,13.0,2.0,Good
45,Pilot,S2230,9,7,16,17,14,14,8,19,S2230,POOR,POOR,BEST,BEST,AVG,AVG,POOR,BEST,Naturalist,13.0,2.0,Good
45,Pilot,S2231,9,6,16,17,11,14,8,18,S2231,POOR,POOR,BEST,BEST,AVG,AVG,POOR,BEST,Naturalist,12.38,2.0,Good
45,Pilot,S2232,9,5,16,17,12,14,8,17,S2232,POOR,POOR,BEST,BEST,AVG,AVG,POOR,BEST,Logical_Mathematical,12.25,2.0,Good
45,Pilot,S2233,9,5,18,15,13,14,8,20,S2233,POOR,POOR,BEST,BEST,AVG,AVG,POOR,BEST,Naturalist,12.75,2.0,Good
45,Pilot,S2234,9,6,17,15,12,14,7,19,S2234,POOR,POOR,BEST,BEST,AVG,AVG,POOR,BEST,Naturalist,12.38,2.0,Good
45,Pilot,S2235,9,7,16,15,14,14,6,18,S2235,POOR,POOR,BEST,BEST,AVG,AVG,POOR,BEST,Naturalist,12.38,2.0,Good
45,Pilot,S2236,10,8,16,15,11,12,5,17,S2236,POOR,POOR,BEST,BEST,AVG,AVG,POOR,BEST,Naturalist,11.75,2.0,Good
45,Pilot,S2237,10,8,18,15,12,12,5,20,S2237,POOR,POOR,BEST,BEST,AVG,AVG,POOR,BEST,Naturalist,12.5,2.0,Good
45,Pilot,S2238,10,7,17,15,13,12,6,19,S2238,POOR,POOR,BEST,BEST,AVG,AVG,POOR,BEST,Naturalist,12.38,2.0,Good
45,Pilot,S2239,10,6,16,15,12,12,7,18,S2239,POOR,POOR,BEST,BEST,AVG,AVG,POOR,BEST,Naturalist,12.0,2.0,Good
45,Pilot,S2240,10,5,16,15,14,12,8,17,S2240,POOR,POOR,BEST,BEST,AVG,AVG,POOR,BEST,Naturalist,12.12,2.0,Good
45,Pilot,S2241,10,5,16,15,11,12,5,20,S2241,POOR,POOR,BEST,BEST,AVG,AVG,POOR,BEST,Naturalist,11.75,2.0,Good
45,Pilot,S2242,10,6,16,15,12,12,5,19,S2242,POOR,POOR,BEST,BEST,AVG,AVG,POOR,BEST,Naturalist,11.88,2.0,Good
45,Pilot,S2243,5,7,18,15,13,12,6,18,S2243,POOR,POOR,BEST,BEST,AVG,AVG,POOR,BEST,Bodily,11.75,2.0,Good
45,Pilot,S2244,5,8,17,15,12,12,7,17,S2244,POOR,POOR,BEST,BEST,AVG,AVG,POOR,BEST,Bodily,11.62,2.0,Good
45,Pilot,S2245,5,8,16,15,14,12,5,20,S2245,POOR,POOR,BEST,BEST,AVG,AVG,POOR,BEST,Naturalist,11.88,2.0,Good
45,Pilot,S2246,5,7,16,15,11,12,5,19,S2246,POOR,POOR,BEST,BEST,AVG,AVG,POOR,BEST,Naturalist,11.25,2.0,Good
45,Pilot,S2247,5,6,18,15,12,12,5,18,S2247,POOR,POOR,BEST,BEST,AVG,AVG,POOR,BEST,Bodily,11.38,2.0,Good
45,Pilot,S2248,6,5,17,15,13,12,6,17,S2248,POOR,POOR,BEST,BEST,AVG,AVG,POOR,BEST,Bodily,11.38,2.0,Good
45,Pilot,S2249,7,6,16,15,12,12,7,16,S2249,POOR,POOR,BEST,BEST,AVG,AVG,POOR,BEST,Bodily,11.38,2.0,Good
45,Pilot,S2250,5,8,16,15,14,12,5,17,S2250,POOR,POOR,BEST,BEST,AVG,AVG,POOR,BEST,Naturalist,11.5,2.0,Good
46,Psychologist,S2251,12,11,5,20,7,18,20,13,S2251,AVG,AVG,POOR,BEST,POOR,BEST,BEST,AVG,Logical_Mathematical,13.25,2.12,Good
46,Psychologist,S2252,12,12,5,20,7,17,17,13,S2252,AVG,AVG,POOR,BEST,POOR,BEST,BEST,AVG,Logical_Mathematical,12.88,2.12,Good
46,Psychologist,S2253,12,13,5,20,7,20,20,12,S2253,AVG,AVG,POOR,BEST,POOR,BEST,BEST,AVG,Logical_Mathematical,13.62,2.12,Good
46,Psychologist,S2254,12,12,5,20,7,19,19,12,S2254,AVG,AVG,POOR,BEST,POOR,BEST,BEST,AVG,Logical_Mathematical,13.25,2.12,Good
46,Psychologist,S2255,12,14,5,19,7,18,18,14,S2255,AVG,AVG,POOR,BEST,POOR,BEST,BEST,AVG,Logical_Mathematical,13.38,2.12,Good
46,Psychologist,S2256,12,11,5,18,7,17,17,11,S2256,AVG,AVG,POOR,BEST,POOR,BEST,BEST,AVG,Logical_Mathematical,12.25,2.12,Good
46,Psychologist,S2257,11,12,5,17,7,20,20,11,S2257,AVG,AVG,POOR,BEST,POOR,BEST,BEST,AVG,Interpersonal,12.88,2.12,Good
46,Psychologist,S2258,12,13,5,20,7,18,19,13,S2258,AVG,AVG,POOR,BEST,POOR,BEST,BEST,AVG,Logical_Mathematical,13.38,2.12,Good
46,Psychologist,S2259,13,12,5,19,7,17,18,13,S2259,AVG,AVG,POOR,BEST,POOR,BEST,BEST,AVG,Logical_Mathematical,13.0,2.12,Good
46,Psychologist,S2260,12,14,5,18,7,20,20,12,S2260,AVG,AVG,POOR,BEST,POOR,BEST,BEST,AVG,Interpersonal,13.5,2.12,Good
46,Psychologist,S2261,14,11,5,17,7,19,17,12,S2261,AVG,AVG,POOR,BEST,POOR,BEST,BEST,AVG,Interpersonal,12.75,2.12,Good
46,Psychologist,S2262,11,12,5,20,7,18,20,14,S2262,AVG,AVG,POOR,BEST,POOR,BEST,BEST,AVG,Logical_Mathematical,13.38,2.12,Good
46,Psychologist,S2263,12,13,5,20,7,17,19,11,S2263,AVG,AVG,POOR,BEST,POOR,BEST,BEST,AVG,Logical_Mathematical,13.0,2.12,Good
46,Psychologist,S2264,13,12,5,20,7,20,18,11,S2264,AVG,AVG,POOR,BEST,POOR,BEST,BEST,AVG,Logical_Mathematical,13.25,2.12,Good
46,Psychologist,S2265,12,14,5,20,7,18,17,13,S2265,AVG,AVG,POOR,BEST,POOR,BEST,BEST,AVG,Logical_Mathematical,13.25,2.12,Good
46,Psychologist,S2266,14,11,5,20,7,17,20,13,S2266,AVG,AVG,POOR,BEST,POOR,BEST,BEST,AVG,Logical_Mathematical,13.38,2.12,Good
46,Psychologist,S2267,11,11,5,19,7,20,19,12,S2267,AVG,AVG,POOR,BEST,POOR,BEST,BEST,AVG,Interpersonal,13.0,2.12,Good
46,Psychologist,S2268,12,11,5,19,6,19,18,12,S2268,AVG,AVG,POOR,BEST,POOR,BEST,BEST,AVG,Logical_Mathematical,12.75,2.12,Good
46,Psychologist,S2269,13,11,5,19,6,18,20,14,S2269,AVG,AVG,POOR,BEST,POOR,BEST,BEST,AVG,Intrapersonal,13.25,2.12,Good
46,Psychologist,S2270,12,11,5,19,6,17,17,11,S2270,AVG,AVG,POOR,BEST,POOR,BEST,BEST,AVG,Logical_Mathematical,12.25,2.12,Good
46,Psychologist,S2271,14,11,5,19,6,20,20,11,S2271,AVG,AVG,POOR,BEST,POOR,BEST,BEST,AVG,Interpersonal,13.25,2.12,Good
46,Psychologist,S2272,14,12,5,19,6,18,19,13,S2272,AVG,AVG,POOR,BEST,POOR,BEST,BEST,AVG,Logical_Mathematical,13.25,2.12,Good
46,Psychologist,S2273,14,12,5,18,6,17,18,13,S2273,AVG,AVG,POOR,BEST,POOR,BEST,BEST,AVG,Logical_Mathematical,12.88,2.12,Good
46,Psychologist,S2274,14,11,6,17,6,20,17,13,S2274,AVG,AVG,POOR,BEST,POOR,BEST,BEST,AVG,Interpersonal,13.0,2.12,Good
46,Psychologist,S2275,14,12,6,20,6,19,20,12,S2275,AVG,AVG,POOR,BEST,POOR,BEST,BEST,AVG,Logical_Mathematical,13.62,2.12,Good
46,Psychologist,S2276,14,13,6,19,6,18,19,12,S2276,AVG,AVG,POOR,BEST,POOR,BEST,BEST,AVG,Logical_Mathematical,13.38,2.12,Good
46,Psychologist,S2277,14,12,6,18,6,17,18,14,S2277,AVG,AVG,POOR,BEST,POOR,BEST,BEST,AVG,Logical_Mathematical,13.12,2.12,Good
46,Psychologist,S2278,14,14,6,17,6,20,20,11,S2278,AVG,AVG,POOR,BEST,POOR,BEST,BEST,AVG,Interpersonal,13.5,2.12,Good
46,Psychologist,S2279,11,11,6,19,6,18,17,11,S2279,AVG,AVG,POOR,BEST,POOR,BEST,BEST,AVG,Logical_Mathematical,12.38,2.12,Good
46,Psychologist,S2280,12,12,6,19,6,17,20,13,S2280,AVG,AVG,POOR,BEST,POOR,BEST,BEST,AVG,Intrapersonal,13.12,2.12,Good
46,Psychologist,S2281,13,13,6,19,6,20,19,13,S2281,AVG,AVG,POOR,BEST,POOR,BEST,BEST,AVG,Interpersonal,13.62,2.12,Good
46,Psychologist,S2282,12,12,6,19,9,19,18,13,S2282,AVG,AVG,POOR,BEST,POOR,BEST,BEST,AVG,Logical_Mathematical,13.5,2.12,Good
46,Psychologist,S2283,14,14,6,18,9,18,17,12,S2283,AVG,AVG,POOR,BEST,POOR,BEST,BEST,AVG,Logical_Mathematical,13.5,2.12,Good
46,Psychologist,S2284,11,11,6,17,9,17,20,12,S2284,AVG,AVG,POOR,BEST,POOR,BEST,BEST,AVG,Intrapersonal,12.88,2.12,Good
46,Psychologist,S2285,12,12,6,20,9,20,19,14,S2285,AVG,AVG,POOR,BEST,POOR,BEST,BEST,AVG,Logical_Mathematical,14.0,2.12,Good
46,Psychologist,S2286,13,13,6,19,9,18,18,11,S2286,AVG,AVG,POOR,BEST,POOR,BEST,BEST,AVG,Logical_Mathematical,13.38,2.12,Good
46,Psychologist,S2287,12,12,6,18,9,17,20,11,S2287,AVG,AVG,POOR,BEST,POOR,BEST,BEST,AVG,Intrapersonal,13.12,2.12,Good
46,Psychologist,S2288,14,14,6,17,9,20,17,13,S2288,AVG,AVG,POOR,BEST,POOR,BEST,BEST,AVG,Interpersonal,13.75,2.12,Good
46,Psychologist,S2289,11,11,6,18,9,19,20,13,S2289,AVG,AVG,POOR,BEST,POOR,BEST,BEST,AVG,Intrapersonal,13.38,2.12,Good
46,Psychologist,S2290,12,11,6,18,9,18,19,13,S2290,AVG,AVG,POOR,BEST,POOR,BEST,BEST,AVG,Intrapersonal,13.25,2.12,Good
46,Psychologist,S2291,13,11,6,18,9,17,18,12,S2291,AVG,AVG,POOR,BEST,POOR,BEST,BEST,AVG,Logical_Mathematical,13.0,2.12,Good
46,Psychologist,S2292,12,11,9,19,9,20,17,12,S2292,AVG,AVG,POOR,BEST,POOR,BEST,BEST,AVG,Interpersonal,13.62,2.12,Good
46,Psychologist,S2293,14,11,9,18,10,18,20,14,S2293,AVG,AVG,POOR,BEST,POOR,BEST,BEST,AVG,Intrapersonal,14.25,2.12,Good
46,Psychologist,S2294,13,11,9,17,10,17,19,13,S2294,AVG,AVG,POOR,BEST,POOR,BEST,BEST,AVG,Intrapersonal,13.62,2.12,Good
46,Psychologist,S2295,12,11,9,20,10,20,20,13,S2295,AVG,AVG,POOR,BEST,POOR,BEST,BEST,AVG,Logical_Mathematical,14.38,2.12,Good
46,Psychologist,S2296,13,12,9,19,10,19,19,12,S2296,AVG,AVG,POOR,BEST,POOR,BEST,BEST,AVG,Logical_Mathematical,14.12,2.12,Good
46,Psychologist,S2297,12,13,9,18,10,18,18,12,S2297,AVG,AVG,POOR,BEST,POOR,BEST,BEST,AVG,Logical_Mathematical,13.75,2.12,Good
46,Psychologist,S2298,14,12,9,17,10,17,17,14,S2298,AVG,AVG,POOR,BEST,POOR,BEST,BEST,AVG,Logical_Mathematical,13.75,2.12,Good
46,Psychologist,S2299,13,14,9,17,10,20,18,11,S2299,AVG,AVG,POOR,BEST,POOR,BEST,BEST,AVG,Interpersonal,14.0,2.12,Good
46,Psychologist,S2300,13,11,9,17,10,17,15,11,S2300,AVG,AVG,POOR,BEST,POOR,BEST,BEST,AVG,Logical_Mathematical,12.88,2.12,Good
47,Philosopher,S2301,12,5,7,20,5,18,20,12,S2301,AVG,POOR,POOR,BEST,POOR,BEST,BEST,AVG,Logical_Mathematical,12.38,2.0,Good
47,Philosopher,S2302,12,5,7,19,5,19,19,12,S2302,AVG,POOR,POOR,BEST,POOR,BEST,BEST,AVG,Logical_Mathematical,12.25,2.0,Good
47,Philosopher,S2303,13,5,8,18,5,18,18,12,S2303,AVG,POOR,POOR,BEST,POOR,BEST,BEST,AVG,Logical_Mathematical,12.12,2.0,Good
47,Philosopher,S2304,13,5,8,17,5,17,17,12,S2304,AVG,POOR,POOR,BEST,POOR,BEST,BEST,AVG,Logical_Mathematical,11.75,2.0,Good
47,Philosopher,S2305,12,5,9,16,5,20,16,12,S2305,AVG,POOR,POOR,BEST,POOR,BEST,BEST,AVG,Interpersonal,11.88,2.0,Good
47,Philosopher,S2306,12,5,9,15,5,19,15,12,S2306,AVG,POOR,POOR,BEST,POOR,BEST,BEST,AVG,Interpersonal,11.5,2.0,Good
47,Philosopher,S2307,14,7,7,20,5,18,20,12,S2307,AVG,POOR,POOR,BEST,POOR,BEST,BEST,AVG,Logical_Mathematical,12.88,2.0,Good
47,Philosopher,S2308,11,8,7,19,5,17,19,12,S2308,AVG,POOR,POOR,BEST,POOR,BEST,BEST,AVG,Logical_Mathematical,12.25,2.0,Good
47,Philosopher,S2309,11,8,8,18,5,18,18,12,S2309,AVG,POOR,POOR,BEST,POOR,BEST,BEST,AVG,Logical_Mathematical,12.25,2.0,Good
47,Philosopher,S2310,12,9,8,17,5,18,17,12,S2310,AVG,POOR,POOR,BEST,POOR,BEST,BEST,AVG,Interpersonal,12.25,2.0,Good
47,Philosopher,S2311,12,9,9,16,5,18,16,12,S2311,AVG,POOR,POOR,BEST,POOR,BEST,BEST,AVG,Interpersonal,12.12,2.0,Good
47,Philosopher,S2312,12,7,9,15,5,18,15,12,S2312,AVG,POOR,POOR,BEST,POOR,BEST,BEST,AVG,Interpersonal,11.62,2.0,Good
47,Philosopher,S2313,13,5,7,20,5,19,20,12,S2313,AVG,POOR,POOR,BEST,POOR,BEST,BEST,AVG,Logical_Mathematical,12.62,2.0,Good
47,Philosopher,S2314,13,5,7,19,5,18,19,12,S2314,AVG,POOR,POOR,BEST,POOR,BEST,BEST,AVG,Logical_Mathematical,12.25,2.0,Good
47,Philosopher,S2315,12,7,8,18,5,17,18,12,S2315,AVG,POOR,POOR,BEST,POOR,BEST,BEST,AVG,Logical_Mathematical,12.12,2.0,Good
47,Philosopher,S2316,12,8,8,17,5,20,17,12,S2316,AVG,POOR,POOR,BEST,POOR,BEST,BEST,AVG,Interpersonal,12.38,2.0,Good
47,Philosopher,S2317,14,8,9,16,5,19,16,12,S2317,AVG,POOR,POOR,BEST,POOR,BEST,BEST,AVG,Interpersonal,12.38,2.0,Good
47,Philosopher,S2318,11,9,9,15,5,18,15,12,S2318,AVG,POOR,POOR,BEST,POOR,BEST,BEST,AVG,Interpersonal,11.75,2.0,Good
47,Philosopher,S2319,11,9,7,20,5,17,20,12,S2319,AVG,POOR,POOR,BEST,POOR,BEST,BEST,AVG,Logical_Mathematical,12.62,2.0,Good
47,Philosopher,S2320,12,7,7,19,5,19,19,12,S2320,AVG,POOR,POOR,BEST,POOR,BEST,BEST,AVG,Logical_Mathematical,12.5,2.0,Good
47,Philosopher,S2321,13,5,8,18,5,19,18,12,S2321,AVG,POOR,POOR,BEST,POOR,BEST,BEST,AVG,Interpersonal,12.25,2.0,Good
47,Philosopher,S2322,13,5,8,17,5,19,17,14,S2322,AVG,POOR,POOR,BEST,POOR,BEST,BEST,AVG,Interpersonal,12.25,2.0,Good
47,Philosopher,S2323,12,5,9,16,5,18,16,14,S2323,AVG,POOR,POOR,BEST,POOR,BEST,BEST,AVG,Interpersonal,11.88,2.0,Good
47,Philosopher,S2324,12,7,9,15,6,17,15,14,S2324,AVG,POOR,POOR,BEST,POOR,BEST,BEST,AVG,Interpersonal,11.88,2.0,Good
47,Philosopher,S2325,14,8,7,20,6,20,20,14,S2325,AVG,POOR,POOR,BEST,POOR,BEST,BEST,AVG,Logical_Mathematical,13.62,2.0,Good
47,Philosopher,S2326,11,8,7,19,6,19,19,14,S2326,AVG,POOR,POOR,BEST,POOR,BEST,BEST,AVG,Logical_Mathematical,12.88,2.0,Good
47,Philosopher,S2327,13,9,8,18,6,18,18,14,S2327,AVG,POOR,POOR,BEST,POOR,BEST,BEST,AVG,Logical_Mathematical,13.0,2.0,Good
47,Philosopher,S2328,14,9,8,17,6,17,17,14,S2328,AVG,POOR,POOR,BEST,POOR,BEST,BEST,AVG,Logical_Mathematical,12.75,2.0,Good
47,Philosopher,S2329,13,7,9,16,6,19,16,14,S2329,AVG,POOR,POOR,BEST,POOR,BEST,BEST,AVG,Interpersonal,12.5,2.0,Good
47,Philosopher,S2330,11,6,9,15,6,19,15,14,S2330,AVG,POOR,POOR,BEST,POOR,BEST,BEST,AVG,Interpersonal,11.88,2.0,Good
47,Philosopher,S2331,13,6,7,20,6,19,20,14,S2331,AVG,POOR,POOR,BEST,POOR,BEST,BEST,AVG,Logical_Mathematical,13.12,2.0,Good
47,Philosopher,S2332,12,6,7,19,6,15,19,14,S2332,AVG,POOR,POOR,BEST,POOR,BEST,BEST,AVG,Logical_Mathematical,12.25,2.0,Good
47,Philosopher,S2333,13,6,8,18,6,15,18,14,S2333,AVG,POOR,POOR,BEST,POOR,BEST,BEST,AVG,Logical_Mathematical,12.25,2.0,Good
47,Philosopher,S2334,13,6,8,17,6,15,17,14,S2334,AVG,POOR,POOR,BEST,POOR,BEST,BEST,AVG,Logical_Mathematical,12.0,2.0,Good
47,Philosopher,S2335,12,6,9,16,6,19,16,14,S2335,AVG,POOR,POOR,BEST,POOR,BEST,BEST,AVG,Interpersonal,12.25,2.0,Good
47,Philosopher,S2336,12,6,9,15,6,18,15,14,S2336,AVG,POOR,POOR,BEST,POOR,BEST,BEST,AVG,Interpersonal,11.88,2.0,Good
47,Philosopher,S2337,14,6,7,20,6,17,20,14,S2337,AVG,POOR,POOR,BEST,POOR,BEST,BEST,AVG,Logical_Mathematical,13.0,2.0,Good
47,Philosopher,S2338,11,6,7,19,6,20,19,13,S2338,AVG,POOR,POOR,BEST,POOR,BEST,BEST,AVG,Interpersonal,12.62,2.0,Good
47,Philosopher,S2339,11,6,8,18,6,19,18,13,S2339,AVG,POOR,POOR,BEST,POOR,BEST,BEST,AVG,Interpersonal,12.38,2.0,Good
47,Philosopher,S2340,13,6,8,17,6,18,17,13,S2340,AVG,POOR,POOR,BEST,POOR,BEST,BEST,AVG,Interpersonal,12.25,2.0,Good
47,Philosopher,S2341,13,6,9,16,6,17,16,13,S2341,AVG,POOR,POOR,BEST,POOR,BEST,BEST,AVG,Interpersonal,12.0,2.0,Good
47,Philosopher,S2342,13,9,9,15,9,15,15,13,S2342,AVG,POOR,POOR,BEST,POOR,BEST,BEST,AVG,Logical_Mathematical,12.25,2.0,Good
47,Philosopher,S2343,13,9,7,20,9,19,20,13,S2343,AVG,POOR,POOR,BEST,POOR,BEST,BEST,AVG,Logical_Mathematical,13.75,2.0,Good
47,Philosopher,S2344,12,9,7,19,9,18,19,13,S2344,AVG,POOR,POOR,BEST,POOR,BEST,BEST,AVG,Logical_Mathematical,13.25,2.0,Good
47,Philosopher,S2345,12,9,8,18,9,17,18,13,S2345,AVG,POOR,POOR,BEST,POOR,BEST,BEST,AVG,Logical_Mathematical,13.0,2.0,Good
47,Philosopher,S2346,14,9,8,17,9,20,17,13,S2346,AVG,POOR,POOR,BEST,POOR,BEST,BEST,AVG,Interpersonal,13.38,2.0,Good
47,Philosopher,S2347,11,9,9,16,9,19,16,13,S2347,AVG,POOR,POOR,BEST,POOR,BEST,BEST,AVG,Interpersonal,12.75,2.0,Good
47,Philosopher,S2348,11,9,9,15,9,18,15,13,S2348,AVG,POOR,POOR,BEST,POOR,BEST,BEST,AVG,Interpersonal,12.38,2.0,Good
47,Philosopher,S2349,13,9,8,17,9,17,17,13,S2349,AVG,POOR,POOR,BEST,POOR,BEST,BEST,AVG,Logical_Mathematical,12.88,2.0,Good
47,Philosopher,S2350,11,9,6,16,9,16,16,13,S2350,AVG,POOR,POOR,BEST,POOR,BEST,BEST,AVG,Logical_Mathematical,12.0,2.0,Good
48,Writer,S2351,18,12,7,20,5,12,20,12,S2351,BEST,AVG,POOR,BEST,POOR,AVG,BEST,AVG,Logical_Mathematical,13.25,2.12,Good
48,Writer,S2352,19,12,7,19,5,12,19,12,S2352,BEST,AVG,POOR,BEST,POOR,AVG,BEST,AVG,Linguistic,13.12,2.12,Good
48,Writer,S2353,18,12,8,18,5,12,18,12,S2353,BEST,AVG,POOR,BEST,POOR,AVG,BEST,AVG,Linguistic,12.88,2.12,Good
48,Writer,S2354,17,12,8,17,5,12,17,12,S2354,BEST,AVG,POOR,BEST,POOR,AVG,BEST,AVG,Linguistic,12.5,2.12,Good
48,Writer,S2355,20,12,9,16,5,12,16,12,S2355,BEST,AVG,POOR,BEST,POOR,AVG,BEST,AVG,Linguistic,12.75,2.12,Good
48,Writer,S2356,19,12,9,15,5,12,15,12,S2356,BEST,AVG,POOR,BEST,POOR,AVG,BEST,AVG,Linguistic,12.38,2.12,Good
48,Writer,S2357,18,12,7,20,5,12,20,12,S2357,BEST,AVG,POOR,BEST,POOR,AVG,BEST,AVG,Logical_Mathematical,13.25,2.12,Good
48,Writer,S2358,17,12,7,19,5,12,19,12,S2358,BEST,AVG,POOR,BEST,POOR,AVG,BEST,AVG,Logical_Mathematical,12.88,2.12,Good
48,Writer,S2359,18,12,8,18,5,12,18,12,S2359,BEST,AVG,POOR,BEST,POOR,AVG,BEST,AVG,Linguistic,12.88,2.12,Good
48,Writer,S2360,19,12,8,17,5,12,17,12,S2360,BEST,AVG,POOR,BEST,POOR,AVG,BEST,AVG,Linguistic,12.75,2.12,Good
48,Writer,S2361,18,12,9,16,5,12,16,12,S2361,BEST,AVG,POOR,BEST,POOR,AVG,BEST,AVG,Linguistic,12.5,2.12,Good
48,Writer,S2362,17,12,9,15,5,12,15,12,S2362,BEST,AVG,POOR,BEST,POOR,AVG,BEST,AVG,Linguistic,12.12,2.12,Good
48,Writer,S2363,20,12,7,20,5,12,20,12,S2363,BEST,AVG,POOR,BEST,POOR,AVG,BEST,AVG,Linguistic,13.5,2.12,Good
48,Writer,S2364,19,12,7,19,5,12,19,12,S2364,BEST,AVG,POOR,BEST,POOR,AVG,BEST,AVG,Linguistic,13.12,2.12,Good
48,Writer,S2365,18,12,8,18,5,12,18,12,S2365,BEST,AVG,POOR,BEST,POOR,AVG,BEST,AVG,Linguistic,12.88,2.12,Good
48,Writer,S2366,17,12,8,17,5,12,17,12,S2366,BEST,AVG,POOR,BEST,POOR,AVG,BEST,AVG,Linguistic,12.5,2.12,Good
48,Writer,S2367,18,12,9,16,5,12,16,12,S2367,BEST,AVG,POOR,BEST,POOR,AVG,BEST,AVG,Linguistic,12.5,2.12,Good
48,Writer,S2368,19,12,9,15,5,12,15,12,S2368,BEST,AVG,POOR,BEST,POOR,AVG,BEST,AVG,Linguistic,12.38,2.12,Good
48,Writer,S2369,18,12,7,20,5,12,20,12,S2369,BEST,AVG,POOR,BEST,POOR,AVG,BEST,AVG,Logical_Mathematical,13.25,2.12,Good
48,Writer,S2370,17,12,7,19,5,12,19,12,S2370,BEST,AVG,POOR,BEST,POOR,AVG,BEST,AVG,Logical_Mathematical,12.88,2.12,Good
48,Writer,S2371,20,12,8,18,5,12,18,12,S2371,BEST,AVG,POOR,BEST,POOR,AVG,BEST,AVG,Linguistic,13.12,2.12,Good
48,Writer,S2372,19,14,8,17,5,14,17,14,S2372,BEST,AVG,POOR,BEST,POOR,AVG,BEST,AVG,Linguistic,13.5,2.12,Good
48,Writer,S2373,18,14,9,16,5,14,16,14,S2373,BEST,AVG,POOR,BEST,POOR,AVG,BEST,AVG,Linguistic,13.25,2.12,Good
48,Writer,S2374,17,14,9,15,6,14,15,14,S2374,BEST,AVG,POOR,BEST,POOR,AVG,BEST,AVG,Linguistic,13.0,2.12,Good
48,Writer,S2375,19,14,7,20,6,14,20,14,S2375,BEST,AVG,POOR,BEST,POOR,AVG,BEST,AVG,Logical_Mathematical,14.25,2.12,Good
48,Writer,S2376,19,14,7,19,6,14,19,14,S2376,BEST,AVG,POOR,BEST,POOR,AVG,BEST,AVG,Linguistic,14.0,2.12,Good
48,Writer,S2377,19,14,8,18,6,14,18,14,S2377,BEST,AVG,POOR,BEST,POOR,AVG,BEST,AVG,Linguistic,13.88,2.12,Good
48,Writer,S2378,18,14,8,17,6,14,17,14,S2378,BEST,AVG,POOR,BEST,POOR,AVG,BEST,AVG,Linguistic,13.5,2.12,Good
48,Writer,S2379,17,14,9,16,6,14,16,14,S2379,BEST,AVG,POOR,BEST,POOR,AVG,BEST,AVG,Linguistic,13.25,2.12,Good
48,Writer,S2380,20,14,9,15,6,14,15,14,S2380,BEST,AVG,POOR,BEST,POOR,AVG,BEST,AVG,Linguistic,13.38,2.12,Good
48,Writer,S2381,19,14,7,20,6,14,20,14,S2381,BEST,AVG,POOR,BEST,POOR,AVG,BEST,AVG,Logical_Mathematical,14.25,2.12,Good
48,Writer,S2382,18,14,7,19,6,14,19,14,S2382,BEST,AVG,POOR,BEST,POOR,AVG,BEST,AVG,Logical_Mathematical,13.88,2.12,Good
48,Writer,S2383,17,14,8,18,6,14,18,14,S2383,BEST,AVG,POOR,BEST,POOR,AVG,BEST,AVG,Logical_Mathematical,13.62,2.12,Good
48,Writer,S2384,15,14,8,17,6,14,17,14,S2384,BEST,AVG,POOR,BEST,POOR,AVG,BEST,AVG,Logical_Mathematical,13.12,2.12,Good
48,Writer,S2385,15,14,9,16,6,14,16,14,S2385,BEST,AVG,POOR,BEST,POOR,AVG,BEST,AVG,Logical_Mathematical,13.0,2.12,Good
48,Writer,S2386,15,14,9,15,6,14,15,14,S2386,BEST,AVG,POOR,BEST,POOR,AVG,BEST,AVG,Linguistic,12.75,2.12,Good
48,Writer,S2387,19,14,7,20,6,14,20,14,S2387,BEST,AVG,POOR,BEST,POOR,AVG,BEST,AVG,Logical_Mathematical,14.25,2.12,Good
48,Writer,S2388,18,13,7,19,6,13,19,13,S2388,BEST,AVG,POOR,BEST,POOR,AVG,BEST,AVG,Logical_Mathematical,13.5,2.12,Good
48,Writer,S2389,17,13,8,18,6,13,18,13,S2389,BEST,AVG,POOR,BEST,POOR,AVG,BEST,AVG,Logical_Mathematical,13.25,2.12,Good
48,Writer,S2390,20,13,8,17,6,13,17,13,S2390,BEST,AVG,POOR,BEST,POOR,AVG,BEST,AVG,Linguistic,13.38,2.12,Good
48,Writer,S2391,19,13,9,16,6,13,16,13,S2391,BEST,AVG,POOR,BEST,POOR,AVG,BEST,AVG,Linguistic,13.12,2.12,Good
48,Writer,S2392,18,13,9,15,9,13,15,13,S2392,BEST,AVG,POOR,BEST,POOR,AVG,BEST,AVG,Linguistic,13.12,2.12,Good
48,Writer,S2393,17,13,7,20,9,13,20,13,S2393,BEST,AVG,POOR,BEST,POOR,AVG,BEST,AVG,Logical_Mathematical,14.0,2.12,Good
48,Writer,S2394,16,13,7,19,9,13,19,13,S2394,BEST,AVG,POOR,BEST,POOR,AVG,BEST,AVG,Logical_Mathematical,13.62,2.12,Good
48,Writer,S2395,16,13,8,18,9,13,18,13,S2395,BEST,AVG,POOR,BEST,POOR,AVG,BEST,AVG,Logical_Mathematical,13.5,2.12,Good
48,Writer,S2396,16,13,8,17,9,13,17,13,S2396,BEST,AVG,POOR,BEST,POOR,AVG,BEST,AVG,Logical_Mathematical,13.25,2.12,Good
48,Writer,S2397,16,13,9,16,9,13,16,13,S2397,BEST,AVG,POOR,BEST,POOR,AVG,BEST,AVG,Linguistic,13.12,2.12,Good
48,Writer,S2398,16,13,9,15,9,13,15,13,S2398,BEST,AVG,POOR,BEST,POOR,AVG,BEST,AVG,Linguistic,12.88,2.12,Good
48,Writer,S2399,16,13,8,17,9,13,17,13,S2399,BEST,AVG,POOR,BEST,POOR,AVG,BEST,AVG,Logical_Mathematical,13.25,2.12,Good
48,Writer,S2400,16,13,6,16,9,13,16,13,S2400,BEST,AVG,POOR,BEST,POOR,AVG,BEST,AVG,Linguistic,12.75,2.12,Good
49,Criminologist,S2401,5,7,12,20,11,18,20,12,S2401,POOR,POOR,AVG,BEST,AVG,BEST,BEST,AVG,Logical_Mathematical,13.12,2.12,Good
49,Criminologist,S2402,6,7,11,19,12,16,19,13,S2402,POOR,POOR,AVG,BEST,AVG,BEST,BEST,AVG,Logical_Mathematical,12.88,2.12,Good
49,Criminologist,S2403,8,8,13,18,13,18,18,12,S2403,POOR,POOR,AVG,BEST,AVG,BEST,BEST,AVG,Logical_Mathematical,13.5,2.12,Good
49,Criminologist,S2404,9,8,14,17,14,16,17,14,S2404,POOR,POOR,AVG,BEST,AVG,BEST,BEST,AVG,Logical_Mathematical,13.62,2.12,Good
49,Criminologist,S2405,10,9,11,16,13,15,16,12,S2405,POOR,POOR,AVG,BEST,AVG,BEST,BEST,AVG,Logical_Mathematical,12.75,2.12,Good
49,Criminologist,S2406,5,9,12,15,12,18,15,11,S2406,POOR,POOR,AVG,BEST,AVG,BEST,BEST,AVG,Interpersonal,12.12,2.12,Good
49,Criminologist,S2407,6,7,13,20,11,19,20,12,S2407,POOR,POOR,AVG,BEST,AVG,BEST,BEST,AVG,Logical_Mathematical,13.5,2.12,Good
49,Criminologist,S2408,8,7,14,19,11,18,19,11,S2408,POOR,POOR,AVG,BEST,AVG,BEST,BEST,AVG,Logical_Mathematical,13.38,2.12,Good
49,Criminologist,S2409,9,8,13,18,12,18,18,12,S2409,POOR,POOR,AVG,BEST,AVG,BEST,BEST,AVG,Logical_Mathematical,13.5,2.12,Good
49,Criminologist,S2410,10,8,11,17,13,18,17,13,S2410,POOR,POOR,AVG,BEST,AVG,BEST,BEST,AVG,Interpersonal,13.38,2.12,Good
49,Criminologist,S2411,5,9,12,16,14,18,16,12,S2411,POOR,POOR,AVG,BEST,AVG,BEST,BEST,AVG,Interpersonal,12.75,2.12,Good
49,Criminologist,S2412,6,9,14,15,13,18,15,12,S2412,POOR,POOR,AVG,BEST,AVG,BEST,BEST,AVG,Interpersonal,12.75,2.12,Good
49,Criminologist,S2413,8,7,12,20,12,16,20,12,S2413,POOR,POOR,AVG,BEST,AVG,BEST,BEST,AVG,Logical_Mathematical,13.38,2.12,Good
49,Criminologist,S2414,9,7,12,19,11,15,19,12,S2414,POOR,POOR,AVG,BEST,AVG,BEST,BEST,AVG,Logical_Mathematical,13.0,2.12,Good
49,Criminologist,S2415,10,8,11,18,11,18,18,12,S2415,POOR,POOR,AVG,BEST,AVG,BEST,BEST,AVG,Logical_Mathematical,13.25,2.12,Good
49,Criminologist,S2416,5,8,13,17,12,19,17,12,S2416,POOR,POOR,AVG,BEST,AVG,BEST,BEST,AVG,Interpersonal,12.88,2.12,Good
49,Criminologist,S2417,6,9,14,16,13,18,16,12,S2417,POOR,POOR,AVG,BEST,AVG,BEST,BEST,AVG,Interpersonal,13.0,2.12,Good
49,Criminologist,S2418,8,9,11,15,14,18,15,12,S2418,POOR,POOR,AVG,BEST,AVG,BEST,BEST,AVG,Interpersonal,12.75,2.12,Good
49,Criminologist,S2419,9,7,12,20,13,19,20,12,S2419,POOR,POOR,AVG,BEST,AVG,BEST,BEST,AVG,Logical_Mathematical,14.0,2.12,Good
49,Criminologist,S2420,10,7,13,19,12,18,19,12,S2420,POOR,POOR,AVG,BEST,AVG,BEST,BEST,AVG,Logical_Mathematical,13.75,2.12,Good
49,Criminologist,S2421,5,8,14,18,11,16,18,12,S2421,POOR,POOR,AVG,BEST,AVG,BEST,BEST,AVG,Logical_Mathematical,12.75,2.12,Good
49,Criminologist,S2422,7,8,13,17,11,15,17,14,S2422,POOR,POOR,AVG,BEST,AVG,BEST,BEST,AVG,Logical_Mathematical,12.75,2.12,Good
49,Criminologist,S2423,6,9,11,16,12,18,16,14,S2423,POOR,POOR,AVG,BEST,AVG,BEST,BEST,AVG,Interpersonal,12.75,2.12,Good
49,Criminologist,S2424,5,9,12,15,13,19,15,14,S2424,POOR,POOR,AVG,BEST,AVG,BEST,BEST,AVG,Interpersonal,12.75,2.12,Good
49,Criminologist,S2425,8,7,14,20,14,19,20,14,S2425,POOR,POOR,AVG,BEST,AVG,BEST,BEST,AVG,Logical_Mathematical,14.5,2.12,Good
49,Criminologist,S2426,9,7,12,19,13,19,19,14,S2426,POOR,POOR,AVG,BEST,AVG,BEST,BEST,AVG,Logical_Mathematical,14.0,2.12,Good
49,Criminologist,S2427,5,8,11,18,12,19,18,14,S2427,POOR,POOR,AVG,BEST,AVG,BEST,BEST,AVG,Interpersonal,13.12,2.12,Good
49,Criminologist,S2428,6,8,13,17,11,19,17,14,S2428,POOR,POOR,AVG,BEST,AVG,BEST,BEST,AVG,Interpersonal,13.12,2.12,Good
49,Criminologist,S2429,8,9,14,16,11,19,16,14,S2429,POOR,POOR,AVG,BEST,AVG,BEST,BEST,AVG,Interpersonal,13.38,2.12,Good
49,Criminologist,S2430,9,9,11,15,12,19,15,14,S2430,POOR,POOR,AVG,BEST,AVG,BEST,BEST,AVG,Interpersonal,13.0,2.12,Good
49,Criminologist,S2431,10,7,12,20,13,19,20,14,S2431,POOR,POOR,AVG,BEST,AVG,BEST,BEST,AVG,Logical_Mathematical,14.38,2.12,Good
49,Criminologist,S2432,5,7,13,19,14,15,19,14,S2432,POOR,POOR,AVG,BEST,AVG,BEST,BEST,AVG,Logical_Mathematical,13.25,2.12,Good
49,Criminologist,S2433,7,8,14,18,13,18,18,14,S2433,POOR,POOR,AVG,BEST,AVG,BEST,BEST,AVG,Logical_Mathematical,13.75,2.12,Good
49,Criminologist,S2434,6,8,13,17,12,16,17,14,S2434,POOR,POOR,AVG,BEST,AVG,BEST,BEST,AVG,Logical_Mathematical,12.88,2.12,Good
49,Criminologist,S2435,5,9,11,16,11,15,16,14,S2435,POOR,POOR,AVG,BEST,AVG,BEST,BEST,AVG,Logical_Mathematical,12.12,2.12,Good
49,Criminologist,S2436,8,9,12,15,14,18,15,14,S2436,POOR,POOR,AVG,BEST,AVG,BEST,BEST,AVG,Interpersonal,13.12,2.12,Good
49,Criminologist,S2437,9,7,14,20,14,19,20,14,S2437,POOR,POOR,AVG,BEST,AVG,BEST,BEST,AVG,Logical_Mathematical,14.62,2.12,Good
49,Criminologist,S2438,5,7,12,19,13,15,19,13,S2438,POOR,POOR,AVG,BEST,AVG,BEST,BEST,AVG,Logical_Mathematical,12.88,2.12,Good
49,Criminologist,S2439,6,8,11,18,13,15,18,13,S2439,POOR,POOR,AVG,BEST,AVG,BEST,BEST,AVG,Logical_Mathematical,12.75,2.12,Good
49,Criminologist,S2440,8,8,13,17,13,15,17,13,S2440,POOR,POOR,AVG,BEST,AVG,BEST,BEST,AVG,Logical_Mathematical,13.0,2.12,Good
49,Criminologist,S2441,9,9,14,16,13,15,16,13,S2441,POOR,POOR,AVG,BEST,AVG,BEST,BEST,AVG,Logical_Mathematical,13.12,2.12,Good
49,Criminologist,S2442,10,9,11,15,13,15,15,13,S2442,POOR,POOR,AVG,BEST,AVG,BEST,BEST,AVG,Logical_Mathematical,12.62,2.12,Good
49,Criminologist,S2443,5,7,12,20,13,16,20,13,S2443,POOR,POOR,AVG,BEST,AVG,BEST,BEST,AVG,Logical_Mathematical,13.25,2.12,Good
49,Criminologist,S2444,7,7,13,19,13,16,19,13,S2444,POOR,POOR,AVG,BEST,AVG,BEST,BEST,AVG,Logical_Mathematical,13.38,2.12,Good
49,Criminologist,S2445,6,8,14,18,13,18,18,13,S2445,POOR,POOR,AVG,BEST,AVG,BEST,BEST,AVG,Logical_Mathematical,13.5,2.12,Good
49,Criminologist,S2446,5,8,13,17,13,16,17,13,S2446,POOR,POOR,AVG,BEST,AVG,BEST,BEST,AVG,Logical_Mathematical,12.75,2.12,Good
49,Criminologist,S2447,8,9,11,16,13,15,16,13,S2447,POOR,POOR,AVG,BEST,AVG,BEST,BEST,AVG,Logical_Mathematical,12.62,2.12,Good
49,Criminologist,S2448,9,9,12,15,13,18,15,13,S2448,POOR,POOR,AVG,BEST,AVG,BEST,BEST,AVG,Interpersonal,13.0,2.12,Good
49,Criminologist,S2449,7,8,14,17,13,19,17,13,S2449,POOR,POOR,AVG,BEST,AVG,BEST,BEST,AVG,Interpersonal,13.5,2.12,Good
49,Criminologist,S2450,9,6,13,16,13,16,16,13,S2450,POOR,POOR,AVG,BEST,AVG,BEST,BEST,AVG,Logical_Mathematical,12.75,2.12,Good
50,Company secretary,S2451,20,7,12,17,12,20,18,5,S2451,BEST,POOR,AVG,BEST,AVG,BEST,BEST,POOR,Linguistic,13.88,2.25,Good
50,Company secretary,S2452,19,7,12,16,11,19,17,5,S2452,BEST,POOR,AVG,BEST,AVG,BEST,BEST,POOR,Linguistic,13.25,2.25,Good
50,Company secretary,S2453,18,8,12,15,13,18,16,5,S2453,BEST,POOR,AVG,BEST,AVG,BEST,BEST,POOR,Linguistic,13.12,2.25,Good
50,Company secretary,S2454,17,8,12,20,14,17,15,5,S2454,BEST,POOR,AVG,BEST,AVG,BEST,BEST,POOR,Logical_Mathematical,13.5,2.25,Good
50,Company secretary,S2455,16,9,12,19,11,16,20,5,S2455,BEST,POOR,AVG,BEST,AVG,BEST,BEST,POOR,Intrapersonal,13.5,2.25,Good
50,Company secretary,S2456,15,9,12,18,12,15,19,5,S2456,BEST,POOR,AVG,BEST,AVG,BEST,BEST,POOR,Intrapersonal,13.12,2.25,Good
50,Company secretary,S2457,20,7,12,17,13,20,18,5,S2457,BEST,POOR,AVG,BEST,AVG,BEST,BEST,POOR,Linguistic,14.0,2.25,Good
50,Company secretary,S2458,19,7,12,16,14,19,17,5,S2458,BEST,POOR,AVG,BEST,AVG,BEST,BEST,POOR,Linguistic,13.62,2.25,Good
50,Company secretary,S2459,18,8,12,17,13,18,16,5,S2459,BEST,POOR,AVG,BEST,AVG,BEST,BEST,POOR,Linguistic,13.38,2.25,Good
50,Company secretary,S2460,17,8,12,16,11,17,17,5,S2460,BEST,POOR,AVG,BEST,AVG,BEST,BEST,POOR,Linguistic,12.88,2.25,Good
50,Company secretary,S2461,16,9,12,15,12,16,16,5,S2461,BEST,POOR,AVG,BEST,AVG,BEST,BEST,POOR,Linguistic,12.62,2.25,Good
50,Company secretary,S2462,15,9,12,20,14,15,15,5,S2462,BEST,POOR,AVG,BEST,AVG,BEST,BEST,POOR,Logical_Mathematical,13.12,2.25,Good
50,Company secretary,S2463,20,7,12,19,12,20,20,5,S2463,BEST,POOR,AVG,BEST,AVG,BEST,BEST,POOR,Linguistic,14.38,2.25,Good
50,Company secretary,S2464,19,7,12,18,12,19,19,5,S2464,BEST,POOR,AVG,BEST,AVG,BEST,BEST,POOR,Linguistic,13.88,2.25,Good
50,Company secretary,S2465,18,8,12,17,11,18,18,5,S2465,BEST,POOR,AVG,BEST,AVG,BEST,BEST,POOR,Linguistic,13.38,2.25,Good
50,Company secretary,S2466,17,8,12,16,13,17,17,5,S2466,BEST,POOR,AVG,BEST,AVG,BEST,BEST,POOR,Linguistic,13.12,2.25,Good
50,Company secretary,S2467,16,9,12,17,14,16,16,5,S2467,BEST,POOR,AVG,BEST,AVG,BEST,BEST,POOR,Logical_Mathematical,13.12,2.25,Good
50,Company secretary,S2468,15,9,12,16,11,15,17,5,S2468,BEST,POOR,AVG,BEST,AVG,BEST,BEST,POOR,Intrapersonal,12.5,2.25,Good
50,Company secretary,S2469,20,7,12,15,12,20,16,5,S2469,BEST,POOR,AVG,BEST,AVG,BEST,BEST,POOR,Linguistic,13.38,2.25,Good
50,Company secretary,S2470,19,7,12,20,13,19,15,5,S2470,BEST,POOR,AVG,BEST,AVG,BEST,BEST,POOR,Logical_Mathematical,13.75,2.25,Good
50,Company secretary,S2471,18,8,12,19,14,18,20,5,S2471,BEST,POOR,AVG,BEST,AVG,BEST,BEST,POOR,Intrapersonal,14.25,2.25,Good
50,Company secretary,S2472,17,8,14,18,13,17,19,5,S2472,BEST,POOR,AVG,BEST,AVG,BEST,BEST,POOR,Intrapersonal,13.88,2.25,Good
50,Company secretary,S2473,16,9,14,17,11,16,18,5,S2473,BEST,POOR,AVG,BEST,AVG,BEST,BEST,POOR,Intrapersonal,13.25,2.25,Good
50,Company secretary,S2474,15,9,14,16,12,15,17,6,S2474,BEST,POOR,AVG,BEST,AVG,BEST,BEST,POOR,Intrapersonal,13.0,2.25,Good
50,Company secretary,S2475,20,7,14,17,14,20,16,6,S2475,BEST,POOR,AVG,BEST,AVG,BEST,BEST,POOR,Linguistic,14.25,2.25,Good
50,Company secretary,S2476,19,7,14,16,12,19,17,6,S2476,BEST,POOR,AVG,BEST,AVG,BEST,BEST,POOR,Linguistic,13.75,2.25,Good
50,Company secretary,S2477,18,8,14,15,11,18,16,6,S2477,BEST,POOR,AVG,BEST,AVG,BEST,BEST,POOR,Linguistic,13.25,2.25,Good
50,Company secretary,S2478,17,8,14,20,13,17,15,6,S2478,BEST,POOR,AVG,BEST,AVG,BEST,BEST,POOR,Logical_Mathematical,13.75,2.25,Good
50,Company secretary,S2479,16,9,14,19,14,16,20,6,S2479,BEST,POOR,AVG,BEST,AVG,BEST,BEST,POOR,Intrapersonal,14.25,2.25,Good
50,Company secretary,S2480,15,9,14,18,11,15,19,6,S2480,BEST,POOR,AVG,BEST,AVG,BEST,BEST,POOR,Intrapersonal,13.38,2.25,Good
50,Company secretary,S2481,20,7,14,17,12,20,18,6,S2481,BEST,POOR,AVG,BEST,AVG,BEST,BEST,POOR,Linguistic,14.25,2.25,Good
50,Company secretary,S2482,19,7,14,16,13,19,17,6,S2482,BEST,POOR,AVG,BEST,AVG,BEST,BEST,POOR,Linguistic,13.88,2.25,Good
50,Company secretary,S2483,18,8,14,17,14,18,16,6,S2483,BEST,POOR,AVG,BEST,AVG,BEST,BEST,POOR,Linguistic,13.88,2.25,Good
50,Company secretary,S2484,17,8,14,16,13,17,17,6,S2484,BEST,POOR,AVG,BEST,AVG,BEST,BEST,POOR,Linguistic,13.5,2.25,Good
50,Company secretary,S2485,16,9,14,15,11,16,16,6,S2485,BEST,POOR,AVG,BEST,AVG,BEST,BEST,POOR,Linguistic,12.88,2.25,Good
50,Company secretary,S2486,15,9,14,20,12,15,15,6,S2486,BEST,POOR,AVG,BEST,AVG,BEST,BEST,POOR,Logical_Mathematical,13.25,2.25,Good
50,Company secretary,S2487,20,7,14,19,14,20,20,6,S2487,BEST,POOR,AVG,BEST,AVG,BEST,BEST,POOR,Linguistic,15.0,2.25,Good
50,Company secretary,S2488,19,7,13,18,12,19,19,6,S2488,BEST,POOR,AVG,BEST,AVG,BEST,BEST,POOR,Linguistic,14.12,2.25,Good
50,Company secretary,S2489,18,8,13,17,11,18,18,6,S2489,BEST,POOR,AVG,BEST,AVG,BEST,BEST,POOR,Linguistic,13.62,2.25,Good
50,Company secretary,S2490,17,8,13,16,13,17,17,6,S2490,BEST,POOR,AVG,BEST,AVG,BEST,BEST,POOR,Linguistic,13.38,2.25,Good
50,Company secretary,S2491,16,9,13,17,14,16,16,6,S2491,BEST,POOR,AVG,BEST,AVG,BEST,BEST,POOR,Logical_Mathematical,13.38,2.25,Good
50,Company secretary,S2492,15,9,13,16,11,15,17,9,S2492,BEST,POOR,AVG,BEST,AVG,BEST,BEST,POOR,Intrapersonal,13.12,2.25,Good
50,Company secretary,S2493,20,7,13,15,12,20,16,9,S2493,BEST,POOR,AVG,BEST,AVG,BEST,BEST,POOR,Linguistic,14.0,2.25,Good
50,Company secretary,S2494,19,7,13,20,13,19,15,9,S2494,BEST,POOR,AVG,BEST,AVG,BEST,BEST,POOR,Logical_Mathematical,14.38,2.25,Good
50,Company secretary,S2495,18,8,13,19,14,18,20,9,S2495,BEST,POOR,AVG,BEST,AVG,BEST,BEST,POOR,Intrapersonal,14.88,2.25,Good
50,Company secretary,S2496,17,8,13,18,13,17,19,9,S2496,BEST,POOR,AVG,BEST,AVG,BEST,BEST,POOR,Intrapersonal,14.25,2.25,Good
50,Company secretary,S2497,16,9,13,17,11,16,18,9,S2497,BEST,POOR,AVG,BEST,AVG,BEST,BEST,POOR,Intrapersonal,13.62,2.25,Good
50,Company secretary,S2498,15,9,13,16,12,15,17,9,S2498,BEST,POOR,AVG,BEST,AVG,BEST,BEST,POOR,Intrapersonal,13.25,2.25,Good
50,Company secretary,S2499,17,8,13,16,14,17,16,9,S2499,BEST,POOR,AVG,BEST,AVG,BEST,BEST,POOR,Linguistic,13.75,2.25,Good
50,Company secretary,S2500,16,6,13,16,13,16,17,9,S2500,BEST,POOR,AVG,BEST,AVG,BEST,BEST,POOR,Intrapersonal,13.25,2.25,Good
51,Marketing,S2501,16,5,12,20,10,18,11,8,S2501,BEST,POOR,AVG,BEST,POOR,BEST,AVG,POOR,Logical_Mathematical,12.5,2.0,Good
51,Marketing,S2502,17,6,13,19,9,18,11,7,S2502,BEST,POOR,AVG,BEST,POOR,BEST,AVG,POOR,Logical_Mathematical,12.5,2.0,Good
51,Marketing,S2503,18,7,14,18,8,18,11,9,S2503,BEST,POOR,AVG,BEST,POOR,BEST,AVG,POOR,Linguistic,12.88,2.0,Good
51,Marketing,S2504,19,9,11,17,7,18,11,10,S2504,BEST,POOR,AVG,BEST,POOR,BEST,AVG,POOR,Linguistic,12.75,2.0,Good
51,Marketing,S2505,20,8,12,16,6,18,11,8,S2505,BEST,POOR,AVG,BEST,POOR,BEST,AVG,POOR,Linguistic,12.38,2.0,Good
51,Marketing,S2506,16,10,13,15,5,18,11,7,S2506,BEST,POOR,AVG,BEST,POOR,BEST,AVG,POOR,Interpersonal,11.88,2.0,Good
51,Marketing,S2507,17,10,14,15,10,18,11,9,S2507,BEST,POOR,AVG,BEST,POOR,BEST,AVG,POOR,Interpersonal,13.0,2.0,Good
51,Marketing,S2508,18,9,11,16,9,18,11,10,S2508,BEST,POOR,AVG,BEST,POOR,BEST,AVG,POOR,Linguistic,12.75,2.0,Good
51,Marketing,S2509,19,8,12,17,8,18,11,10,S2509,BEST,POOR,AVG,BEST,POOR,BEST,AVG,POOR,Linguistic,12.88,2.0,Good
51,Marketing,S2510,20,7,13,18,7,18,12,9,S2510,BEST,POOR,AVG,BEST,POOR,BEST,AVG,POOR,Linguistic,13.0,2.0,Good
51,Marketing,S2511,16,6,14,19,6,18,12,8,S2511,BEST,POOR,AVG,BEST,POOR,BEST,AVG,POOR,Logical_Mathematical,12.38,2.0,Good
51,Marketing,S2512,17,5,11,20,5,18,12,7,S2512,BEST,POOR,AVG,BEST,POOR,BEST,AVG,POOR,Logical_Mathematical,11.88,2.0,Good
51,Marketing,S2513,18,10,12,15,5,18,12,6,S2513,BEST,POOR,AVG,BEST,POOR,BEST,AVG,POOR,Linguistic,12.0,2.0,Good
51,Marketing,S2514,19,9,13,16,6,16,12,5,S2514,BEST,POOR,AVG,BEST,POOR,BEST,AVG,POOR,Linguistic,12.0,2.0,Good
51,Marketing,S2515,20,8,14,17,7,16,12,10,S2515,BEST,POOR,AVG,BEST,POOR,BEST,AVG,POOR,Linguistic,13.0,2.0,Good
51,Marketing,S2516,16,7,11,18,8,16,12,9,S2516,BEST,POOR,AVG,BEST,POOR,BEST,AVG,POOR,Logical_Mathematical,12.12,2.0,Good
51,Marketing,S2517,17,6,12,19,9,16,12,8,S2517,BEST,POOR,AVG,BEST,POOR,BEST,AVG,POOR,Logical_Mathematical,12.38,2.0,Good
51,Marketing,S2518,18,5,13,20,10,16,13,7,S2518,BEST,POOR,AVG,BEST,POOR,BEST,AVG,POOR,Logical_Mathematical,12.75,2.0,Good
51,Marketing,S2519,19,10,14,15,10,16,13,6,S2519,BEST,POOR,AVG,BEST,POOR,BEST,AVG,POOR,Linguistic,12.88,2.0,Good
51,Marketing,S2520,20,9,11,16,9,16,13,5,S2520,BEST,POOR,AVG,BEST,POOR,BEST,AVG,POOR,Linguistic,12.38,2.0,Good
51,Marketing,S2521,16,8,11,17,8,17,13,10,S2521,BEST,POOR,AVG,BEST,POOR,BEST,AVG,POOR,Logical_Mathematical,12.5,2.0,Good
51,Marketing,S2522,17,7,12,18,7,17,13,9,S2522,BEST,POOR,AVG,BEST,POOR,BEST,AVG,POOR,Logical_Mathematical,12.5,2.0,Good
51,Marketing,S2523,18,6,13,19,6,17,13,8,S2523,BEST,POOR,AVG,BEST,POOR,BEST,AVG,POOR,Logical_Mathematical,12.5,2.0,Good
51,Marketing,S2524,19,5,14,20,5,17,13,7,S2524,BEST,POOR,AVG,BEST,POOR,BEST,AVG,POOR,Logical_Mathematical,12.5,2.0,Good
51,Marketing,S2525,20,10,11,15,5,17,13,6,S2525,BEST,POOR,AVG,BEST,POOR,BEST,AVG,POOR,Linguistic,12.12,2.0,Good
51,Marketing,S2526,16,9,12,16,6,17,14,5,S2526,BEST,POOR,AVG,BEST,POOR,BEST,AVG,POOR,Interpersonal,11.88,2.0,Good
51,Marketing,S2527,17,8,13,17,7,17,14,10,S2527,BEST,POOR,AVG,BEST,POOR,BEST,AVG,POOR,Linguistic,12.88,2.0,Good
51,Marketing,S2528,18,7,14,18,8,17,14,9,S2528,BEST,POOR,AVG,BEST,POOR,BEST,AVG,POOR,Linguistic,13.12,2.0,Good
51,Marketing,S2529,19,6,11,19,9,17,14,8,S2529,BEST,POOR,AVG,BEST,POOR,BEST,AVG,POOR,Linguistic,12.88,2.0,Good
51,Marketing,S2530,20,5,12,20,10,17,14,7,S2530,BEST,POOR,AVG,BEST,POOR,BEST,AVG,POOR,Linguistic,13.12,2.0,Good
51,Marketing,S2531,20,10,13,20,10,17,14,6,S2531,BEST,POOR,AVG,BEST,POOR,BEST,AVG,POOR,Linguistic,13.75,2.0,Good
51,Marketing,S2532,19,9,14,19,9,15,14,5,S2532,BEST,POOR,AVG,BEST,POOR,BEST,AVG,POOR,Linguistic,13.0,2.0,Good
51,Marketing,S2533,18,8,11,18,8,15,14,10,S2533,BEST,POOR,AVG,BEST,POOR,BEST,AVG,POOR,Linguistic,12.75,2.0,Good
51,Marketing,S2534,17,7,12,17,7,15,14,9,S2534,BEST,POOR,AVG,BEST,POOR,BEST,AVG,POOR,Linguistic,12.25,2.0,Good
51,Marketing,S2535,16,6,13,16,6,15,14,8,S2535,BEST,POOR,AVG,BEST,POOR,BEST,AVG,POOR,Linguistic,11.75,2.0,Good
51,Marketing,S2536,15,5,14,15,5,15,12,7,S2536,BEST,POOR,AVG,BEST,POOR,BEST,AVG,POOR,Linguistic,11.0,2.0,Good
51,Marketing,S2537,20,10,11,15,5,15,12,6,S2537,BEST,POOR,AVG,BEST,POOR,BEST,AVG,POOR,Linguistic,11.75,2.0,Good
51,Marketing,S2538,19,9,12,16,6,15,12,5,S2538,BEST,POOR,AVG,BEST,POOR,BEST,AVG,POOR,Linguistic,11.75,2.0,Good
51,Marketing,S2539,18,8,13,17,7,15,12,10,S2539,BEST,POOR,AVG,BEST,POOR,BEST,AVG,POOR,Linguistic,12.5,2.0,Good
51,Marketing,S2540,17,7,14,18,8,15,12,9,S2540,BEST,POOR,AVG,BEST,POOR,BEST,AVG,POOR,Logical_Mathematical,12.5,2.0,Good
51,Marketing,S2541,16,6,11,19,9,15,12,8,S2541,BEST,POOR,AVG,BEST,POOR,BEST,AVG,POOR,Logical_Mathematical,12.0,2.0,Good
51,Marketing,S2542,15,5,12,20,10,15,12,7,S2542,BEST,POOR,AVG,BEST,POOR,BEST,AVG,POOR,Logical_Mathematical,12.0,2.0,Good
51,Marketing,S2543,20,10,13,20,10,19,12,6,S2543,BEST,POOR,AVG,BEST,POOR,BEST,AVG,POOR,Linguistic,13.75,2.0,Good
51,Marketing,S2544,19,9,14,19,9,19,12,5,S2544,BEST,POOR,AVG,BEST,POOR,BEST,AVG,POOR,Linguistic,13.25,2.0,Good
51,Marketing,S2545,18,8,11,18,8,19,13,10,S2545,BEST,POOR,AVG,BEST,POOR,BEST,AVG,POOR,Interpersonal,13.12,2.0,Good
51,Marketing,S2546,17,7,12,17,7,19,13,9,S2546,BEST,POOR,AVG,BEST,POOR,BEST,AVG,POOR,Interpersonal,12.62,2.0,Good
51,Marketing,S2547,16,6,13,16,6,19,13,8,S2547,BEST,POOR,AVG,BEST,POOR,BEST,AVG,POOR,Interpersonal,12.12,2.0,Good
51,Marketing,S2548,15,5,14,15,5,19,13,7,S2548,BEST,POOR,AVG,BEST,POOR,BEST,AVG,POOR,Interpersonal,11.62,2.0,Good
51,Marketing,S2549,17,6,12,19,5,19,13,6,S2549,BEST,POOR,AVG,BEST,POOR,BEST,AVG,POOR,Logical_Mathematical,12.12,2.0,Good
51,Marketing,S2550,18,9,13,18,6,19,13,5,S2550,BEST,POOR,AVG,BEST,POOR,BEST,AVG,POOR,Interpersonal,12.62,2.0,Good
52,Logistics manager,S2551,14,5,7,20,7,18,19,7,S2551,AVG,POOR,POOR,BEST,POOR,BEST,BEST,POOR,Logical_Mathematical,12.12,1.88,Average
52,Logistics manager,S2552,14,6,9,19,7,19,18,7,S2552,AVG,POOR,POOR,BEST,POOR,BEST,BEST,POOR,Logical_Mathematical,12.38,1.88,Average
52,Logistics manager,S2553,14,7,8,18,7,18,17,7,S2553,AVG,POOR,POOR,BEST,POOR,BEST,BEST,POOR,Logical_Mathematical,12.0,1.88,Average
52,Logistics manager,S2554,14,8,5,17,7,17,16,7,S2554,AVG,POOR,POOR,BEST,POOR,BEST,BEST,POOR,Logical_Mathematical,11.38,1.88,Average
52,Logistics manager,S2555,14,9,6,17,7,16,15,7,S2555,AVG,POOR,POOR,BEST,POOR,BEST,BEST,POOR,Logical_Mathematical,11.38,1.88,Average
52,Logistics manager,S2556,14,10,10,19,7,15,19,7,S2556,AVG,POOR,POOR,BEST,POOR,BEST,BEST,POOR,Logical_Mathematical,12.62,1.88,Average
52,Logistics manager,S2557,14,10,7,16,7,19,15,7,S2557,AVG,POOR,POOR,BEST,POOR,BEST,BEST,POOR,Interpersonal,11.88,1.88,Average
52,Logistics manager,S2558,14,9,9,15,6,18,19,7,S2558,AVG,POOR,POOR,BEST,POOR,BEST,BEST,POOR,Intrapersonal,12.12,1.88,Average
52,Logistics manager,S2559,14,8,8,19,6,18,18,7,S2559,AVG,POOR,POOR,BEST,POOR,BEST,BEST,POOR,Logical_Mathematical,12.25,1.88,Average
52,Logistics manager,S2560,14,7,5,20,6,17,17,7,S2560,AVG,POOR,POOR,BEST,POOR,BEST,BEST,POOR,Logical_Mathematical,11.62,1.88,Average
52,Logistics manager,S2561,14,6,6,19,6,17,16,7,S2561,AVG,POOR,POOR,BEST,POOR,BEST,BEST,POOR,Logical_Mathematical,11.38,1.88,Average
52,Logistics manager,S2562,14,5,10,18,6,17,15,7,S2562,AVG,POOR,POOR,BEST,POOR,BEST,BEST,POOR,Logical_Mathematical,11.5,1.88,Average
52,Logistics manager,S2563,13,5,7,17,6,19,19,7,S2563,AVG,POOR,POOR,BEST,POOR,BEST,BEST,POOR,Interpersonal,11.62,1.88,Average
52,Logistics manager,S2564,13,6,9,17,6,18,15,7,S2564,AVG,POOR,POOR,BEST,POOR,BEST,BEST,POOR,Interpersonal,11.38,1.88,Average
52,Logistics manager,S2565,13,7,8,19,8,17,19,7,S2565,AVG,POOR,POOR,BEST,POOR,BEST,BEST,POOR,Logical_Mathematical,12.25,1.88,Average
52,Logistics manager,S2566,13,8,5,16,8,16,18,7,S2566,AVG,POOR,POOR,BEST,POOR,BEST,BEST,POOR,Intrapersonal,11.38,1.88,Average
52,Logistics manager,S2567,13,9,6,15,8,15,17,7,S2567,AVG,POOR,POOR,BEST,POOR,BEST,BEST,POOR,Intrapersonal,11.25,1.88,Average
52,Logistics manager,S2568,13,10,10,19,8,19,16,7,S2568,AVG,POOR,POOR,BEST,POOR,BEST,BEST,POOR,Logical_Mathematical,12.75,1.88,Average
52,Logistics manager,S2569,13,10,7,20,8,17,15,7,S2569,AVG,POOR,POOR,BEST,POOR,BEST,BEST,POOR,Logical_Mathematical,12.12,1.88,Average
52,Logistics manager,S2570,13,9,9,19,8,19,19,7,S2570,AVG,POOR,POOR,BEST,POOR,BEST,BEST,POOR,Logical_Mathematical,12.88,1.88,Average
52,Logistics manager,S2571,12,8,8,18,8,19,19,7,S2571,AVG,POOR,POOR,BEST,POOR,BEST,BEST,POOR,Interpersonal,12.38,1.88,Average
52,Logistics manager,S2572,12,7,5,17,9,19,18,7,S2572,AVG,POOR,POOR,BEST,POOR,BEST,BEST,POOR,Interpersonal,11.75,1.88,Average
52,Logistics manager,S2573,12,6,6,17,9,19,17,7,S2573,AVG,POOR,POOR,BEST,POOR,BEST,BEST,POOR,Interpersonal,11.62,1.88,Average
52,Logistics manager,S2574,12,5,10,19,9,18,16,7,S2574,AVG,POOR,POOR,BEST,POOR,BEST,BEST,POOR,Logical_Mathematical,12.0,1.88,Average
52,Logistics manager,S2575,12,5,7,16,9,17,15,7,S2575,AVG,POOR,POOR,BEST,POOR,BEST,BEST,POOR,Interpersonal,11.0,1.88,Average
52,Logistics manager,S2576,12,6,9,15,9,16,19,7,S2576,AVG,POOR,POOR,BEST,POOR,BEST,BEST,POOR,Intrapersonal,11.62,1.88,Average
52,Logistics manager,S2577,12,7,8,19,9,15,19,7,S2577,AVG,POOR,POOR,BEST,POOR,BEST,BEST,POOR,Logical_Mathematical,12.0,1.88,Average
52,Logistics manager,S2578,12,8,5,20,9,19,18,7,S2578,AVG,POOR,POOR,BEST,POOR,BEST,BEST,POOR,Logical_Mathematical,12.25,1.88,Average
52,Logistics manager,S2579,11,9,6,19,9,20,17,7,S2579,AVG,POOR,POOR,BEST,POOR,BEST,BEST,POOR,Interpersonal,12.25,1.88,Average
52,Logistics manager,S2580,11,10,10,18,9,20,16,7,S2580,AVG,POOR,POOR,BEST,POOR,BEST,BEST,POOR,Interpersonal,12.62,1.88,Average
52,Logistics manager,S2581,11,10,7,17,10,19,15,7,S2581,AVG,POOR,POOR,BEST,POOR,BEST,BEST,POOR,Interpersonal,12.0,1.88,Average
52,Logistics manager,S2582,11,9,9,17,10,18,19,7,S2582,AVG,POOR,POOR,BEST,POOR,BEST,BEST,POOR,Intrapersonal,12.5,1.88,Average
52,Logistics manager,S2583,11,8,8,19,10,17,19,7,S2583,AVG,POOR,POOR,BEST,POOR,BEST,BEST,POOR,Logical_Mathematical,12.38,1.88,Average
52,Logistics manager,S2584,11,7,5,16,10,16,18,7,S2584,AVG,POOR,POOR,BEST,POOR,BEST,BEST,POOR,Intrapersonal,11.25,1.88,Average
52,Logistics manager,S2585,11,6,6,15,10,15,17,7,S2585,AVG,POOR,POOR,BEST,POOR,BEST,BEST,POOR,Intrapersonal,10.88,1.88,Average
52,Logistics manager,S2586,11,5,10,19,10,19,16,7,S2586,AVG,POOR,POOR,BEST,POOR,BEST,BEST,POOR,Logical_Mathematical,12.12,1.88,Average
52,Logistics manager,S2587,11,5,7,20,10,15,15,7,S2587,AVG,POOR,POOR,BEST,POOR,BEST,BEST,POOR,Logical_Mathematical,11.25,1.88,Average
52,Logistics manager,S2588,11,6,9,19,6,15,19,7,S2588,AVG,POOR,POOR,BEST,POOR,BEST,BEST,POOR,Logical_Mathematical,11.5,1.88,Average
52,Logistics manager,S2589,11,7,8,18,6,15,19,7,S2589,AVG,POOR,POOR,BEST,POOR,BEST,BEST,POOR,Intrapersonal,11.38,1.88,Average
52,Logistics manager,S2590,12,8,5,17,6,19,18,7,S2590,AVG,POOR,POOR,BEST,POOR,BEST,BEST,POOR,Interpersonal,11.5,1.88,Average
52,Logistics manager,S2591,12,9,6,17,6,18,17,7,S2591,AVG,POOR,POOR,BEST,POOR,BEST,BEST,POOR,Interpersonal,11.5,1.88,Average
52,Logistics manager,S2592,12,10,10,19,6,17,16,7,S2592,AVG,POOR,POOR,BEST,POOR,BEST,BEST,POOR,Logical_Mathematical,12.12,1.88,Average
52,Logistics manager,S2593,12,10,7,16,7,16,15,7,S2593,AVG,POOR,POOR,BEST,POOR,BEST,BEST,POOR,Logical_Mathematical,11.25,1.88,Average
52,Logistics manager,S2594,12,9,9,15,7,15,19,7,S2594,AVG,POOR,POOR,BEST,POOR,BEST,BEST,POOR,Intrapersonal,11.62,1.88,Average
52,Logistics manager,S2595,12,8,8,19,7,19,18,7,S2595,AVG,POOR,POOR,BEST,POOR,BEST,BEST,POOR,Logical_Mathematical,12.25,1.88,Average
52,Logistics manager,S2596,12,7,5,17,7,18,17,7,S2596,AVG,POOR,POOR,BEST,POOR,BEST,BEST,POOR,Interpersonal,11.25,1.88,Average
52,Logistics manager,S2597,13,6,6,19,7,17,16,7,S2597,AVG,POOR,POOR,BEST,POOR,BEST,BEST,POOR,Logical_Mathematical,11.38,1.88,Average
52,Logistics manager,S2598,13,5,10,16,9,16,15,7,S2598,AVG,POOR,POOR,BEST,POOR,BEST,BEST,POOR,Logical_Mathematical,11.38,1.88,Average
52,Logistics manager,S2599,13,8,8,15,9,15,19,7,S2599,AVG,POOR,POOR,BEST,POOR,BEST,BEST,POOR,Intrapersonal,11.75,1.88,Average
52,Logistics manager,S2600,13,9,6,19,9,19,16,7,S2600,AVG,POOR,POOR,BEST,POOR,BEST,BEST,POOR,Logical_Mathematical,12.25,1.88,Average
53,Research analyst,S2601,16,5,6,20,7,11,18,11,S2601,BEST,POOR,POOR,BEST,POOR,AVG,BEST,AVG,Logical_Mathematical,11.75,2.0,Good
53,Research analyst,S2602,16,6,6,20,7,12,18,12,S2602,BEST,POOR,POOR,BEST,POOR,AVG,BEST,AVG,Logical_Mathematical,12.12,2.0,Good
53,Research analyst,S2603,16,7,7,20,7,11,18,13,S2603,BEST,POOR,POOR,BEST,POOR,AVG,BEST,AVG,Logical_Mathematical,12.38,2.0,Good
53,Research analyst,S2604,16,8,7,20,7,12,18,14,S2604,BEST,POOR,POOR,BEST,POOR,AVG,BEST,AVG,Logical_Mathematical,12.75,2.0,Good
53,Research analyst,S2605,16,9,6,20,7,11,18,11,S2605,BEST,POOR,POOR,BEST,POOR,AVG,BEST,AVG,Logical_Mathematical,12.25,2.0,Good
53,Research analyst,S2606,16,10,6,20,7,12,18,12,S2606,BEST,POOR,POOR,BEST,POOR,AVG,BEST,AVG,Logical_Mathematical,12.62,2.0,Good
53,Research analyst,S2607,16,5,7,20,7,13,18,13,S2607,BEST,POOR,POOR,BEST,POOR,AVG,BEST,AVG,Logical_Mathematical,12.38,2.0,Good
53,Research analyst,S2608,16,6,7,19,7,14,18,14,S2608,BEST,POOR,POOR,BEST,POOR,AVG,BEST,AVG,Logical_Mathematical,12.62,2.0,Good
53,Research analyst,S2609,16,7,6,19,7,11,18,11,S2609,BEST,POOR,POOR,BEST,POOR,AVG,BEST,AVG,Logical_Mathematical,11.88,2.0,Good
53,Research analyst,S2610,16,8,6,19,7,12,18,12,S2610,BEST,POOR,POOR,BEST,POOR,AVG,BEST,AVG,Logical_Mathematical,12.25,2.0,Good
53,Research analyst,S2611,16,9,7,19,7,11,18,13,S2611,BEST,POOR,POOR,BEST,POOR,AVG,BEST,AVG,Logical_Mathematical,12.5,2.0,Good
53,Research analyst,S2612,16,10,7,19,7,12,18,14,S2612,BEST,POOR,POOR,BEST,POOR,AVG,BEST,AVG,Logical_Mathematical,12.88,2.0,Good
53,Research analyst,S2613,17,5,6,19,7,11,18,11,S2613,BEST,POOR,POOR,BEST,POOR,AVG,BEST,AVG,Logical_Mathematical,11.75,2.0,Good
53,Research analyst,S2614,17,6,6,19,7,12,17,12,S2614,BEST,POOR,POOR,BEST,POOR,AVG,BEST,AVG,Logical_Mathematical,12.0,2.0,Good
53,Research analyst,S2615,17,7,7,18,9,13,17,13,S2615,BEST,POOR,POOR,BEST,POOR,AVG,BEST,AVG,Logical_Mathematical,12.62,2.0,Good
53,Research analyst,S2616,17,8,7,18,9,14,17,14,S2616,BEST,POOR,POOR,BEST,POOR,AVG,BEST,AVG,Logical_Mathematical,13.0,2.0,Good
53,Research analyst,S2617,17,9,5,18,9,11,17,11,S2617,BEST,POOR,POOR,BEST,POOR,AVG,BEST,AVG,Logical_Mathematical,12.12,2.0,Good
53,Research analyst,S2618,17,10,6,18,9,12,17,12,S2618,BEST,POOR,POOR,BEST,POOR,AVG,BEST,AVG,Logical_Mathematical,12.62,2.0,Good
53,Research analyst,S2619,17,5,6,18,9,11,17,13,S2619,BEST,POOR,POOR,BEST,POOR,AVG,BEST,AVG,Logical_Mathematical,12.0,2.0,Good
53,Research analyst,S2620,17,6,6,18,9,12,17,14,S2620,BEST,POOR,POOR,BEST,POOR,AVG,BEST,AVG,Logical_Mathematical,12.38,2.0,Good
53,Research analyst,S2621,17,7,7,18,9,11,17,11,S2621,BEST,POOR,POOR,BEST,POOR,AVG,BEST,AVG,Logical_Mathematical,12.12,2.0,Good
53,Research analyst,S2622,18,8,7,18,9,12,17,12,S2622,BEST,POOR,POOR,BEST,POOR,AVG,BEST,AVG,Linguistic,12.62,2.0,Good
53,Research analyst,S2623,18,9,6,17,9,13,16,13,S2623,BEST,POOR,POOR,BEST,POOR,AVG,BEST,AVG,Linguistic,12.62,2.0,Good
53,Research analyst,S2624,18,10,6,17,9,14,16,14,S2624,BEST,POOR,POOR,BEST,POOR,AVG,BEST,AVG,Linguistic,13.0,2.0,Good
53,Research analyst,S2625,18,5,7,17,9,11,16,11,S2625,BEST,POOR,POOR,BEST,POOR,AVG,BEST,AVG,Linguistic,11.75,2.0,Good
53,Research analyst,S2626,18,6,7,17,9,12,16,12,S2626,BEST,POOR,POOR,BEST,POOR,AVG,BEST,AVG,Linguistic,12.12,2.0,Good
53,Research analyst,S2627,18,7,6,17,9,11,16,13,S2627,BEST,POOR,POOR,BEST,POOR,AVG,BEST,AVG,Linguistic,12.12,2.0,Good
53,Research analyst,S2628,18,8,6,17,9,12,16,14,S2628,BEST,POOR,POOR,BEST,POOR,AVG,BEST,AVG,Linguistic,12.5,2.0,Good
53,Research analyst,S2629,18,9,7,17,10,11,16,11,S2629,BEST,POOR,POOR,BEST,POOR,AVG,BEST,AVG,Linguistic,12.38,2.0,Good
53,Research analyst,S2630,18,10,7,17,10,12,16,12,S2630,BEST,POOR,POOR,BEST,POOR,AVG,BEST,AVG,Linguistic,12.75,2.0,Good
53,Research analyst,S2631,18,5,6,17,10,13,16,13,S2631,BEST,POOR,POOR,BEST,POOR,AVG,BEST,AVG,Linguistic,12.25,2.0,Good
53,Research analyst,S2632,19,6,6,16,10,14,15,14,S2632,BEST,POOR,POOR,BEST,POOR,AVG,BEST,AVG,Linguistic,12.5,2.0,Good
53,Research analyst,S2633,19,7,7,16,10,11,15,11,S2633,BEST,POOR,POOR,BEST,POOR,AVG,BEST,AVG,Linguistic,12.0,2.0,Good
53,Research analyst,S2634,19,8,7,16,10,12,15,12,S2634,BEST,POOR,POOR,BEST,POOR,AVG,BEST,AVG,Linguistic,12.38,2.0,Good
53,Research analyst,S2635,19,9,5,16,10,11,15,13,S2635,BEST,POOR,POOR,BEST,POOR,AVG,BEST,AVG,Linguistic,12.25,2.0,Good
53,Research analyst,S2636,19,10,6,16,10,12,15,14,S2636,BEST,POOR,POOR,BEST,POOR,AVG,BEST,AVG,Linguistic,12.75,2.0,Good
53,Research analyst,S2637,19,5,6,16,10,11,15,11,S2637,BEST,POOR,POOR,BEST,POOR,AVG,BEST,AVG,Linguistic,11.62,2.0,Good
53,Research analyst,S2638,19,6,6,16,10,12,15,12,S2638,BEST,POOR,POOR,BEST,POOR,AVG,BEST,AVG,Linguistic,12.0,2.0,Good
53,Research analyst,S2639,19,7,7,15,10,13,15,13,S2639,BEST,POOR,POOR,BEST,POOR,AVG,BEST,AVG,Linguistic,12.38,2.0,Good
53,Research analyst,S2640,19,8,7,15,10,14,15,14,S2640,BEST,POOR,POOR,BEST,POOR,AVG,BEST,AVG,Linguistic,12.75,2.0,Good
53,Research analyst,S2641,19,9,6,15,10,11,19,11,S2641,BEST,POOR,POOR,BEST,POOR,AVG,BEST,AVG,Linguistic,12.5,2.0,Good
53,Research analyst,S2642,19,10,6,15,10,12,19,12,S2642,BEST,POOR,POOR,BEST,POOR,AVG,BEST,AVG,Linguistic,12.88,2.0,Good
53,Research analyst,S2643,19,5,7,15,10,11,19,13,S2643,BEST,POOR,POOR,BEST,POOR,AVG,BEST,AVG,Linguistic,12.38,2.0,Good
53,Research analyst,S2644,20,6,7,15,10,12,19,14,S2644,BEST,POOR,POOR,BEST,POOR,AVG,BEST,AVG,Linguistic,12.88,2.0,Good
53,Research analyst,S2645,20,7,5,18,10,11,19,11,S2645,BEST,POOR,POOR,BEST,POOR,AVG,BEST,AVG,Linguistic,12.62,2.0,Good
53,Research analyst,S2646,20,8,6,18,8,12,19,12,S2646,BEST,POOR,POOR,BEST,POOR,AVG,BEST,AVG,Linguistic,12.88,2.0,Good
53,Research analyst,S2647,20,9,5,18,8,13,19,13,S2647,BEST,POOR,POOR,BEST,POOR,AVG,BEST,AVG,Linguistic,13.12,2.0,Good
53,Research analyst,S2648,20,10,6,18,8,14,20,14,S2648,BEST,POOR,POOR,BEST,POOR,AVG,BEST,AVG,Linguistic,13.75,2.0,Good
53,Research analyst,S2649,20,8,8,18,8,12,19,13,S2649,BEST,POOR,POOR,BEST,POOR,AVG,BEST,AVG,Linguistic,13.25,2.0,Good
53,Research analyst,S2650,20,9,9,18,8,11,17,14,S2650,BEST,POOR,POOR,BEST,POOR,AVG,BEST,AVG,Linguistic,13.25,2.0,Good
54,Business manager,S2651,20,5,11,20,14,17,18,10,S2651,BEST,POOR,AVG,BEST,AVG,BEST,BEST,POOR,Linguistic,14.38,2.25,Good
54,Business manager,S2652,19,6,12,20,14,17,18,9,S2652,BEST,POOR,AVG,BEST,AVG,BEST,BEST,POOR,Logical_Mathematical,14.38,2.25,Good
54,Business manager,S2653,18,6,13,20,13,17,18,8,S2653,BEST,POOR,AVG,BEST,AVG,BEST,BEST,POOR,Logical_Mathematical,14.12,2.25,Good
54,Business manager,S2654,17,7,14,20,12,17,18,7,S2654,BEST,POOR,AVG,BEST,AVG,BEST,BEST,POOR,Logical_Mathematical,14.0,2.25,Good
54,Business manager,S2655,16,9,14,20,11,17,18,6,S2655,BEST,POOR,AVG,BEST,AVG,BEST,BEST,POOR,Logical_Mathematical,13.88,2.25,Good
54,Business manager,S2656,15,8,13,20,11,17,18,5,S2656,BEST,POOR,AVG,BEST,AVG,BEST,BEST,POOR,Logical_Mathematical,13.38,2.25,Good
54,Business manager,S2657,20,10,12,20,12,17,18,10,S2657,BEST,POOR,AVG,BEST,AVG,BEST,BEST,POOR,Linguistic,14.88,2.25,Good
54,Business manager,S2658,19,5,11,20,14,18,18,9,S2658,BEST,POOR,AVG,BEST,AVG,BEST,BEST,POOR,Logical_Mathematical,14.25,2.25,Good
54,Business manager,S2659,18,6,11,20,14,18,17,8,S2659,BEST,POOR,AVG,BEST,AVG,BEST,BEST,POOR,Logical_Mathematical,14.0,2.25,Good
54,Business manager,S2660,17,6,12,20,13,18,17,7,S2660,BEST,POOR,AVG,BEST,AVG,BEST,BEST,POOR,Logical_Mathematical,13.75,2.25,Good
54,Business manager,S2661,16,7,13,19,12,18,17,6,S2661,BEST,POOR,AVG,BEST,AVG,BEST,BEST,POOR,Logical_Mathematical,13.5,2.25,Good
54,Business manager,S2662,15,9,14,19,11,18,17,5,S2662,BEST,POOR,AVG,BEST,AVG,BEST,BEST,POOR,Logical_Mathematical,13.5,2.25,Good
54,Business manager,S2663,20,8,14,19,11,18,17,10,S2663,BEST,POOR,AVG,BEST,AVG,BEST,BEST,POOR,Linguistic,14.62,2.25,Good
54,Business manager,S2664,19,10,13,19,12,18,17,9,S2664,BEST,POOR,AVG,BEST,AVG,BEST,BEST,POOR,Linguistic,14.62,2.25,Good
54,Business manager,S2665,18,5,12,19,14,18,17,8,S2665,BEST,POOR,AVG,BEST,AVG,BEST,BEST,POOR,Logical_Mathematical,13.88,2.25,Good
54,Business manager,S2666,17,6,11,19,14,18,17,7,S2666,BEST,POOR,AVG,BEST,AVG,BEST,BEST,POOR,Logical_Mathematical,13.62,2.25,Good
54,Business manager,S2667,16,6,11,19,13,19,17,6,S2667,BEST,POOR,AVG,BEST,AVG,BEST,BEST,POOR,Logical_Mathematical,13.38,2.25,Good
54,Business manager,S2668,15,7,12,18,12,19,17,5,S2668,BEST,POOR,AVG,BEST,AVG,BEST,BEST,POOR,Interpersonal,13.12,2.25,Good
54,Business manager,S2669,20,9,13,18,11,19,16,10,S2669,BEST,POOR,AVG,BEST,AVG,BEST,BEST,POOR,Linguistic,14.5,2.25,Good
54,Business manager,S2670,19,8,14,18,11,19,16,9,S2670,BEST,POOR,AVG,BEST,AVG,BEST,BEST,POOR,Linguistic,14.25,2.25,Good
54,Business manager,S2671,18,10,14,18,12,19,16,8,S2671,BEST,POOR,AVG,BEST,AVG,BEST,BEST,POOR,Interpersonal,14.38,2.25,Good
54,Business manager,S2672,17,5,13,18,14,19,16,7,S2672,BEST,POOR,AVG,BEST,AVG,BEST,BEST,POOR,Interpersonal,13.62,2.25,Good
54,Business manager,S2673,16,6,12,18,14,19,16,6,S2673,BEST,POOR,AVG,BEST,AVG,BEST,BEST,POOR,Interpersonal,13.38,2.25,Good
54,Business manager,S2674,15,6,11,18,13,19,16,5,S2674,BEST,POOR,AVG,BEST,AVG,BEST,BEST,POOR,Interpersonal,12.88,2.25,Good
54,Business manager,S2675,20,7,11,18,12,19,16,10,S2675,BEST,POOR,AVG,BEST,AVG,BEST,BEST,POOR,Linguistic,14.12,2.25,Good
54,Business manager,S2676,19,9,12,18,11,19,16,9,S2676,BEST,POOR,AVG,BEST,AVG,BEST,BEST,POOR,Linguistic,14.12,2.25,Good
54,Business manager,S2677,18,8,13,18,11,16,16,8,S2677,BEST,POOR,AVG,BEST,AVG,BEST,BEST,POOR,Linguistic,13.5,2.25,Good
54,Business manager,S2678,17,10,14,16,12,16,16,7,S2678,BEST,POOR,AVG,BEST,AVG,BEST,BEST,POOR,Linguistic,13.5,2.25,Good
54,Business manager,S2679,16,5,14,16,14,16,16,6,S2679,BEST,POOR,AVG,BEST,AVG,BEST,BEST,POOR,Linguistic,12.88,2.25,Good
54,Business manager,S2680,15,6,13,16,14,16,15,5,S2680,BEST,POOR,AVG,BEST,AVG,BEST,BEST,POOR,Logical_Mathematical,12.5,2.25,Good
54,Business manager,S2681,20,6,12,16,13,16,15,10,S2681,BEST,POOR,AVG,BEST,AVG,BEST,BEST,POOR,Linguistic,13.5,2.25,Good
54,Business manager,S2682,19,7,11,16,12,16,15,9,S2682,BEST,POOR,AVG,BEST,AVG,BEST,BEST,POOR,Linguistic,13.12,2.25,Good
54,Business manager,S2683,18,9,11,16,11,16,15,8,S2683,BEST,POOR,AVG,BEST,AVG,BEST,BEST,POOR,Linguistic,13.0,2.25,Good
54,Business manager,S2684,17,8,12,16,11,16,15,7,S2684,BEST,POOR,AVG,BEST,AVG,BEST,BEST,POOR,Linguistic,12.75,2.25,Good
54,Business manager,S2685,16,10,13,15,12,16,20,6,S2685,BEST,POOR,AVG,BEST,AVG,BEST,BEST,POOR,Intrapersonal,13.5,2.25,Good
54,Business manager,S2686,15,5,14,15,14,15,20,5,S2686,BEST,POOR,AVG,BEST,AVG,BEST,BEST,POOR,Intrapersonal,12.88,2.25,Good
54,Business manager,S2687,20,6,14,15,14,15,20,10,S2687,BEST,POOR,AVG,BEST,AVG,BEST,BEST,POOR,Linguistic,14.25,2.25,Good
54,Business manager,S2688,19,6,13,15,13,15,20,9,S2688,BEST,POOR,AVG,BEST,AVG,BEST,BEST,POOR,Intrapersonal,13.75,2.25,Good
54,Business manager,S2689,18,7,12,15,12,15,20,8,S2689,BEST,POOR,AVG,BEST,AVG,BEST,BEST,POOR,Intrapersonal,13.38,2.25,Good
54,Business manager,S2690,17,9,11,15,11,15,20,7,S2690,BEST,POOR,AVG,BEST,AVG,BEST,BEST,POOR,Intrapersonal,13.12,2.25,Good
54,Business manager,S2691,16,8,11,15,11,15,20,6,S2691,BEST,POOR,AVG,BEST,AVG,BEST,BEST,POOR,Intrapersonal,12.75,2.25,Good
54,Business manager,S2692,15,10,12,15,12,15,20,5,S2692,BEST,POOR,AVG,BEST,AVG,BEST,BEST,POOR,Intrapersonal,13.0,2.25,Good
54,Business manager,S2693,20,5,13,17,14,15,18,10,S2693,BEST,POOR,AVG,BEST,AVG,BEST,BEST,POOR,Linguistic,14.0,2.25,Good
54,Business manager,S2694,19,6,14,17,14,18,18,9,S2694,BEST,POOR,AVG,BEST,AVG,BEST,BEST,POOR,Linguistic,14.38,2.25,Good
54,Business manager,S2695,18,6,14,17,13,18,18,8,S2695,BEST,POOR,AVG,BEST,AVG,BEST,BEST,POOR,Linguistic,14.0,2.25,Good
54,Business manager,S2696,17,7,13,17,12,18,18,7,S2696,BEST,POOR,AVG,BEST,AVG,BEST,BEST,POOR,Interpersonal,13.62,2.25,Good
54,Business manager,S2697,16,9,12,17,11,18,18,6,S2697,BEST,POOR,AVG,BEST,AVG,BEST,BEST,POOR,Interpersonal,13.38,2.25,Good
54,Business manager,S2698,15,8,11,17,11,18,18,5,S2698,BEST,POOR,AVG,BEST,AVG,BEST,BEST,POOR,Interpersonal,12.88,2.25,Good
54,Business manager,S2699,19,10,13,17,12,18,18,8,S2699,BEST,POOR,AVG,BEST,AVG,BEST,BEST,POOR,Linguistic,14.38,2.25,Good
54,Business manager,S2700,18,8,14,17,13,18,18,9,S2700,BEST,POOR,AVG,BEST,AVG,BEST,BEST,POOR,Linguistic,14.38,2.25,Good
55,Internal auditor,S2701,12,5,6,20,11,20,19,10,S2701,AVG,POOR,POOR,BEST,AVG,BEST,BEST,POOR,Logical_Mathematical,12.88,2.0,Good
55,Internal auditor,S2702,11,5,6,19,11,18,19,9,S2702,AVG,POOR,POOR,BEST,AVG,BEST,BEST,POOR,Logical_Mathematical,12.25,2.0,Good
55,Internal auditor,S2703,12,5,7,18,11,20,19,8,S2703,AVG,POOR,POOR,BEST,AVG,BEST,BEST,POOR,Interpersonal,12.5,2.0,Good
55,Internal auditor,S2704,13,5,9,17,11,18,19,7,S2704,AVG,POOR,POOR,BEST,AVG,BEST,BEST,POOR,Intrapersonal,12.38,2.0,Good
55,Internal auditor,S2705,14,5,8,17,11,20,19,6,S2705,AVG,POOR,POOR,BEST,AVG,BEST,BEST,POOR,Interpersonal,12.5,2.0,Good
55,Internal auditor,S2706,12,5,10,20,11,18,19,5,S2706,AVG,POOR,POOR,BEST,AVG,BEST,BEST,POOR,Logical_Mathematical,12.5,2.0,Good
55,Internal auditor,S2707,11,5,5,19,11,20,19,10,S2707,AVG,POOR,POOR,BEST,AVG,BEST,BEST,POOR,Interpersonal,12.5,2.0,Good
55,Internal auditor,S2708,12,5,6,18,11,18,19,9,S2708,AVG,POOR,POOR,BEST,AVG,BEST,BEST,POOR,Intrapersonal,12.25,2.0,Good
55,Internal auditor,S2709,13,5,6,17,11,20,19,8,S2709,AVG,POOR,POOR,BEST,AVG,BEST,BEST,POOR,Interpersonal,12.38,2.0,Good
55,Internal auditor,S2710,14,5,7,20,11,18,19,7,S2710,AVG,POOR,POOR,BEST,AVG,BEST,BEST,POOR,Logical_Mathematical,12.62,2.0,Good
55,Internal auditor,S2711,12,5,9,19,11,20,19,6,S2711,AVG,POOR,POOR,BEST,AVG,BEST,BEST,POOR,Interpersonal,12.62,2.0,Good
55,Internal auditor,S2712,11,5,8,18,11,18,19,5,S2712,AVG,POOR,POOR,BEST,AVG,BEST,BEST,POOR,Intrapersonal,11.88,2.0,Good
55,Internal auditor,S2713,12,7,10,17,11,20,19,10,S2713,AVG,POOR,POOR,BEST,AVG,BEST,BEST,POOR,Interpersonal,13.25,2.0,Good
55,Internal auditor,S2714,13,7,5,20,11,18,19,9,S2714,AVG,POOR,POOR,BEST,AVG,BEST,BEST,POOR,Logical_Mathematical,12.75,2.0,Good
55,Internal auditor,S2715,14,7,6,19,11,20,19,8,S2715,AVG,POOR,POOR,BEST,AVG,BEST,BEST,POOR,Interpersonal,13.0,2.0,Good
55,Internal auditor,S2716,12,7,6,18,11,18,19,7,S2716,AVG,POOR,POOR,BEST,AVG,BEST,BEST,POOR,Intrapersonal,12.25,2.0,Good
55,Internal auditor,S2717,11,7,7,17,13,20,19,6,S2717,AVG,POOR,POOR,BEST,AVG,BEST,BEST,POOR,Interpersonal,12.5,2.0,Good
55,Internal auditor,S2718,12,7,9,20,13,18,19,5,S2718,AVG,POOR,POOR,BEST,AVG,BEST,BEST,POOR,Logical_Mathematical,12.88,2.0,Good
55,Internal auditor,S2719,13,7,8,19,13,20,19,10,S2719,AVG,POOR,POOR,BEST,AVG,BEST,BEST,POOR,Interpersonal,13.62,2.0,Good
55,Internal auditor,S2720,14,7,10,18,13,18,19,9,S2720,AVG,POOR,POOR,BEST,AVG,BEST,BEST,POOR,Intrapersonal,13.5,2.0,Good
55,Internal auditor,S2721,12,7,5,17,13,20,19,8,S2721,AVG,POOR,POOR,BEST,AVG,BEST,BEST,POOR,Interpersonal,12.62,2.0,Good
55,Internal auditor,S2722,11,7,6,20,13,18,19,7,S2722,AVG,POOR,POOR,BEST,AVG,BEST,BEST,POOR,Logical_Mathematical,12.62,2.0,Good
55,Internal auditor,S2723,12,7,6,19,13,20,19,6,S2723,AVG,POOR,POOR,BEST,AVG,BEST,BEST,POOR,Interpersonal,12.75,2.0,Good
55,Internal auditor,S2724,13,7,7,18,13,18,19,5,S2724,AVG,POOR,POOR,BEST,AVG,BEST,BEST,POOR,Intrapersonal,12.5,2.0,Good
55,Internal auditor,S2725,14,7,9,17,13,20,19,10,S2725,AVG,POOR,POOR,BEST,AVG,BEST,BEST,POOR,Interpersonal,13.62,2.0,Good
55,Internal auditor,S2726,12,7,8,20,14,18,19,9,S2726,AVG,POOR,POOR,BEST,AVG,BEST,BEST,POOR,Logical_Mathematical,13.38,2.0,Good
55,Internal auditor,S2727,11,7,10,19,14,20,19,8,S2727,AVG,POOR,POOR,BEST,AVG,BEST,BEST,POOR,Interpersonal,13.5,2.0,Good
55,Internal auditor,S2728,12,8,8,18,14,18,19,7,S2728,AVG,POOR,POOR,BEST,AVG,BEST,BEST,POOR,Intrapersonal,13.0,2.0,Good
55,Internal auditor,S2729,13,9,6,17,14,20,19,6,S2729,AVG,POOR,POOR,BEST,AVG,BEST,BEST,POOR,Interpersonal,13.0,2.0,Good
55,Internal auditor,S2730,14,10,6,20,14,18,19,5,S2730,AVG,POOR,POOR,BEST,AVG,BEST,BEST,POOR,Logical_Mathematical,13.25,2.0,Good
55,Internal auditor,S2731,12,7,7,19,14,20,19,10,S2731,AVG,POOR,POOR,BEST,AVG,BEST,BEST,POOR,Interpersonal,13.5,2.0,Good
55,Internal auditor,S2732,11,8,9,18,14,18,19,9,S2732,AVG,POOR,POOR,BEST,AVG,BEST,BEST,POOR,Intrapersonal,13.25,2.0,Good
55,Internal auditor,S2733,12,9,8,17,14,20,19,8,S2733,AVG,POOR,POOR,BEST,AVG,BEST,BEST,POOR,Interpersonal,13.38,2.0,Good
55,Internal auditor,S2734,13,10,10,20,14,18,19,7,S2734,AVG,POOR,POOR,BEST,AVG,BEST,BEST,POOR,Logical_Mathematical,13.88,2.0,Good
55,Internal auditor,S2735,14,7,5,19,14,20,19,6,S2735,AVG,POOR,POOR,BEST,AVG,BEST,BEST,POOR,Interpersonal,13.0,2.0,Good
55,Internal auditor,S2736,12,8,6,18,12,18,19,5,S2736,AVG,POOR,POOR,BEST,AVG,BEST,BEST,POOR,Intrapersonal,12.25,2.0,Good
55,Internal auditor,S2737,11,9,6,17,12,20,19,10,S2737,AVG,POOR,POOR,BEST,AVG,BEST,BEST,POOR,Interpersonal,13.0,2.0,Good
55,Internal auditor,S2738,12,10,7,20,12,18,19,9,S2738,AVG,POOR,POOR,BEST,AVG,BEST,BEST,POOR,Logical_Mathematical,13.38,2.0,Good
55,Internal auditor,S2739,13,7,9,19,12,20,19,8,S2739,AVG,POOR,POOR,BEST,AVG,BEST,BEST,POOR,Interpersonal,13.38,2.0,Good
55,Internal auditor,S2740,14,8,8,18,12,18,19,7,S2740,AVG,POOR,POOR,BEST,AVG,BEST,BEST,POOR,Intrapersonal,13.0,2.0,Good
55,Internal auditor,S2741,12,9,10,17,12,20,19,6,S2741,AVG,POOR,POOR,BEST,AVG,BEST,BEST,POOR,Interpersonal,13.12,2.0,Good
55,Internal auditor,S2742,11,10,5,20,12,18,19,5,S2742,AVG,POOR,POOR,BEST,AVG,BEST,BEST,POOR,Logical_Mathematical,12.5,2.0,Good
55,Internal auditor,S2743,12,7,6,19,12,20,19,10,S2743,AVG,POOR,POOR,BEST,AVG,BEST,BEST,POOR,Interpersonal,13.12,2.0,Good
55,Internal auditor,S2744,13,8,6,18,12,18,19,9,S2744,AVG,POOR,POOR,BEST,AVG,BEST,BEST,POOR,Intrapersonal,12.88,2.0,Good
55,Internal auditor,S2745,14,9,7,17,12,20,19,8,S2745,AVG,POOR,POOR,BEST,AVG,BEST,BEST,POOR,Interpersonal,13.25,2.0,Good
55,Internal auditor,S2746,12,10,9,17,12,18,19,7,S2746,AVG,POOR,POOR,BEST,AVG,BEST,BEST,POOR,Intrapersonal,13.0,2.0,Good
55,Internal auditor,S2747,11,7,8,20,12,20,19,6,S2747,AVG,POOR,POOR,BEST,AVG,BEST,BEST,POOR,Logical_Mathematical,12.88,2.0,Good
55,Internal auditor,S2748,12,8,6,19,12,18,19,5,S2748,AVG,POOR,POOR,BEST,AVG,BEST,BEST,POOR,Logical_Mathematical,12.38,2.0,Good
55,Internal auditor,S2749,13,9,5,18,13,17,19,8,S2749,AVG,POOR,POOR,BEST,AVG,BEST,BEST,POOR,Intrapersonal,12.75,2.0,Good
55,Internal auditor,S2750,14,10,9,17,13,18,19,9,S2750,AVG,POOR,POOR,BEST,AVG,BEST,BEST,POOR,Intrapersonal,13.62,2.0,Good
56,Chief financial officer,S2751,11,6,14,17,8,19,19,6,S2751,AVG,POOR,AVG,BEST,POOR,BEST,BEST,POOR,Interpersonal,12.5,2.0,Good
56,Chief financial officer,S2752,12,6,13,17,8,18,20,6,S2752,AVG,POOR,AVG,BEST,POOR,BEST,BEST,POOR,Intrapersonal,12.5,2.0,Good
56,Chief financial officer,S2753,13,8,12,17,8,19,17,6,S2753,AVG,POOR,AVG,BEST,POOR,BEST,BEST,POOR,Interpersonal,12.5,2.0,Good
56,Chief financial officer,S2754,14,5,11,17,8,18,17,6,S2754,AVG,POOR,AVG,BEST,POOR,BEST,BEST,POOR,Interpersonal,12.0,2.0,Good
56,Chief financial officer,S2755,11,6,14,17,8,19,17,6,S2755,AVG,POOR,AVG,BEST,POOR,BEST,BEST,POOR,Interpersonal,12.25,2.0,Good
56,Chief financial officer,S2756,12,6,13,17,8,18,17,6,S2756,AVG,POOR,AVG,BEST,POOR,BEST,BEST,POOR,Interpersonal,12.12,2.0,Good
56,Chief financial officer,S2757,13,8,12,17,8,19,17,6,S2757,AVG,POOR,AVG,BEST,POOR,BEST,BEST,POOR,Interpersonal,12.5,2.0,Good
56,Chief financial officer,S2758,14,6,11,17,8,18,17,6,S2758,AVG,POOR,AVG,BEST,POOR,BEST,BEST,POOR,Interpersonal,12.12,2.0,Good
56,Chief financial officer,S2759,11,6,14,17,8,19,17,6,S2759,AVG,POOR,AVG,BEST,POOR,BEST,BEST,POOR,Interpersonal,12.25,2.0,Good
56,Chief financial officer,S2760,12,8,13,17,8,18,17,6,S2760,AVG,POOR,AVG,BEST,POOR,BEST,BEST,POOR,Interpersonal,12.38,2.0,Good
56,Chief financial officer,S2761,13,6,12,17,8,19,17,6,S2761,AVG,POOR,AVG,BEST,POOR,BEST,BEST,POOR,Interpersonal,12.25,2.0,Good
56,Chief financial officer,S2762,14,6,11,17,8,18,17,6,S2762,AVG,POOR,AVG,BEST,POOR,BEST,BEST,POOR,Interpersonal,12.12,2.0,Good
56,Chief financial officer,S2763,11,8,14,17,8,19,16,6,S2763,AVG,POOR,AVG,BEST,POOR,BEST,BEST,POOR,Interpersonal,12.38,2.0,Good
56,Chief financial officer,S2764,12,6,13,17,9,18,16,7,S2764,AVG,POOR,AVG,BEST,POOR,BEST,BEST,POOR,Interpersonal,12.25,2.0,Good
56,Chief financial officer,S2765,13,6,12,17,9,19,16,7,S2765,AVG,POOR,AVG,BEST,POOR,BEST,BEST,POOR,Interpersonal,12.38,2.0,Good
56,Chief financial officer,S2766,14,8,11,17,9,18,16,7,S2766,AVG,POOR,AVG,BEST,POOR,BEST,BEST,POOR,Interpersonal,12.5,2.0,Good
56,Chief financial officer,S2767,11,6,14,19,9,19,16,7,S2767,AVG,POOR,AVG,BEST,POOR,BEST,BEST,POOR,Logical_Mathematical,12.62,2.0,Good
56,Chief financial officer,S2768,12,6,13,18,9,18,16,7,S2768,AVG,POOR,AVG,BEST,POOR,BEST,BEST,POOR,Logical_Mathematical,12.38,2.0,Good
56,Chief financial officer,S2769,13,8,12,15,9,19,16,7,S2769,AVG,POOR,AVG,BEST,POOR,BEST,BEST,POOR,Interpersonal,12.38,2.0,Good
56,Chief financial officer,S2770,14,6,11,15,9,18,16,7,S2770,AVG,POOR,AVG,BEST,POOR,BEST,BEST,POOR,Interpersonal,12.0,2.0,Good
56,Chief financial officer,S2771,11,6,14,15,9,19,15,7,S2771,AVG,POOR,AVG,BEST,POOR,BEST,BEST,POOR,Interpersonal,12.0,2.0,Good
56,Chief financial officer,S2772,12,8,13,15,9,18,15,7,S2772,AVG,POOR,AVG,BEST,POOR,BEST,BEST,POOR,Interpersonal,12.12,2.0,Good
56,Chief financial officer,S2773,13,6,12,15,9,19,15,7,S2773,AVG,POOR,AVG,BEST,POOR,BEST,BEST,POOR,Interpersonal,12.0,2.0,Good
56,Chief financial officer,S2774,14,6,11,15,9,18,15,7,S2774,AVG,POOR,AVG,BEST,POOR,BEST,BEST,POOR,Interpersonal,11.88,2.0,Good
56,Chief financial officer,S2775,11,8,14,15,9,19,15,7,S2775,AVG,POOR,AVG,BEST,POOR,BEST,BEST,POOR,Interpersonal,12.25,2.0,Good
56,Chief financial officer,S2776,12,6,13,15,9,18,15,7,S2776,AVG,POOR,AVG,BEST,POOR,BEST,BEST,POOR,Interpersonal,11.88,2.0,Good
56,Chief financial officer,S2777,13,6,12,15,9,19,15,8,S2777,AVG,POOR,AVG,BEST,POOR,BEST,BEST,POOR,Interpersonal,12.12,2.0,Good
56,Chief financial officer,S2778,14,8,11,15,9,18,15,8,S2778,AVG,POOR,AVG,BEST,POOR,BEST,BEST,POOR,Interpersonal,12.25,2.0,Good
56,Chief financial officer,S2779,11,6,14,19,9,19,15,8,S2779,AVG,POOR,AVG,BEST,POOR,BEST,BEST,POOR,Logical_Mathematical,12.62,2.0,Good
56,Chief financial officer,S2780,12,6,13,19,9,18,17,8,S2780,AVG,POOR,AVG,BEST,POOR,BEST,BEST,POOR,Logical_Mathematical,12.75,2.0,Good
56,Chief financial officer,S2781,13,8,12,19,9,19,17,8,S2781,AVG,POOR,AVG,BEST,POOR,BEST,BEST,POOR,Logical_Mathematical,13.12,2.0,Good
56,Chief financial officer,S2782,14,6,11,19,9,18,17,8,S2782,AVG,POOR,AVG,BEST,POOR,BEST,BEST,POOR,Logical_Mathematical,12.75,2.0,Good
56,Chief financial officer,S2783,11,6,14,19,9,19,17,8,S2783,AVG,POOR,AVG,BEST,POOR,BEST,BEST,POOR,Logical_Mathematical,12.88,2.0,Good
56,Chief financial officer,S2784,12,8,13,19,9,18,17,8,S2784,AVG,POOR,AVG,BEST,POOR,BEST,BEST,POOR,Logical_Mathematical,13.0,2.0,Good
56,Chief financial officer,S2785,13,6,12,19,10,19,17,8,S2785,AVG,POOR,AVG,BEST,POOR,BEST,BEST,POOR,Logical_Mathematical,13.0,2.0,Good
56,Chief financial officer,S2786,14,6,11,19,10,18,17,8,S2786,AVG,POOR,AVG,BEST,POOR,BEST,BEST,POOR,Logical_Mathematical,12.88,2.0,Good
56,Chief financial officer,S2787,11,8,12,19,10,19,17,8,S2787,AVG,POOR,AVG,BEST,POOR,BEST,BEST,POOR,Logical_Mathematical,13.0,2.0,Good
56,Chief financial officer,S2788,12,6,14,19,10,18,17,8,S2788,AVG,POOR,AVG,BEST,POOR,BEST,BEST,POOR,Logical_Mathematical,13.0,2.0,Good
56,Chief financial officer,S2789,13,6,13,19,10,19,18,8,S2789,AVG,POOR,AVG,BEST,POOR,BEST,BEST,POOR,Logical_Mathematical,13.25,2.0,Good
56,Chief financial officer,S2790,14,8,12,19,10,18,18,8,S2790,AVG,POOR,AVG,BEST,POOR,BEST,BEST,POOR,Logical_Mathematical,13.38,2.0,Good
56,Chief financial officer,S2791,11,6,11,19,10,19,18,5,S2791,AVG,POOR,AVG,BEST,POOR,BEST,BEST,POOR,Logical_Mathematical,12.38,2.0,Good
56,Chief financial officer,S2792,12,6,14,19,10,18,18,5,S2792,AVG,POOR,AVG,BEST,POOR,BEST,BEST,POOR,Logical_Mathematical,12.75,2.0,Good
56,Chief financial officer,S2793,13,8,13,19,10,19,18,5,S2793,AVG,POOR,AVG,BEST,POOR,BEST,BEST,POOR,Logical_Mathematical,13.12,2.0,Good
56,Chief financial officer,S2794,14,6,12,19,10,18,18,5,S2794,AVG,POOR,AVG,BEST,POOR,BEST,BEST,POOR,Logical_Mathematical,12.75,2.0,Good
56,Chief financial officer,S2795,11,6,11,19,10,19,18,5,S2795,AVG,POOR,AVG,BEST,POOR,BEST,BEST,POOR,Logical_Mathematical,12.38,2.0,Good
56,Chief financial officer,S2796,12,8,14,19,10,18,18,5,S2796,AVG,POOR,AVG,BEST,POOR,BEST,BEST,POOR,Logical_Mathematical,13.0,2.0,Good
56,Chief financial officer,S2797,13,6,13,19,10,19,20,5,S2797,AVG,POOR,AVG,BEST,POOR,BEST,BEST,POOR,Intrapersonal,13.12,2.0,Good
56,Chief financial officer,S2798,14,6,12,16,10,18,20,5,S2798,AVG,POOR,AVG,BEST,POOR,BEST,BEST,POOR,Intrapersonal,12.62,2.0,Good
56,Chief financial officer,S2799,11,8,11,16,10,17,20,5,S2799,AVG,POOR,AVG,BEST,POOR,BEST,BEST,POOR,Intrapersonal,12.25,2.0,Good
56,Chief financial officer,S2800,13,7,12,16,10,18,20,5,S2800,AVG,POOR,AVG,BEST,POOR,BEST,BEST,POOR,Intrapersonal,12.62,2.0,Good
57,Business Analyst,S2801,14,6,5,20,12,20,20,6,S2801,AVG,POOR,POOR,BEST,AVG,BEST,BEST,POOR,Logical_Mathematical,12.88,2.0,Good
57,Business Analyst,S2802,13,6,6,20,13,19,20,6,S2802,AVG,POOR,POOR,BEST,AVG,BEST,BEST,POOR,Logical_Mathematical,12.88,2.0,Good
57,Business Analyst,S2803,12,6,7,20,14,18,20,6,S2803,AVG,POOR,POOR,BEST,AVG,BEST,BEST,POOR,Logical_Mathematical,12.88,2.0,Good
57,Business Analyst,S2804,11,6,8,20,12,17,20,6,S2804,AVG,POOR,POOR,BEST,AVG,BEST,BEST,POOR,Logical_Mathematical,12.5,2.0,Good
57,Business Analyst,S2805,14,6,5,20,11,19,20,6,S2805,AVG,POOR,POOR,BEST,AVG,BEST,BEST,POOR,Logical_Mathematical,12.62,2.0,Good
57,Business Analyst,S2806,13,6,5,20,13,20,20,6,S2806,AVG,POOR,POOR,BEST,AVG,BEST,BEST,POOR,Logical_Mathematical,12.88,2.0,Good
57,Business Analyst,S2807,12,6,6,20,14,19,20,6,S2807,AVG,POOR,POOR,BEST,AVG,BEST,BEST,POOR,Logical_Mathematical,12.88,2.0,Good
57,Business Analyst,S2808,11,6,6,20,12,18,20,6,S2808,AVG,POOR,POOR,BEST,AVG,BEST,BEST,POOR,Logical_Mathematical,12.38,2.0,Good
57,Business Analyst,S2809,14,6,5,20,13,17,20,6,S2809,AVG,POOR,POOR,BEST,AVG,BEST,BEST,POOR,Logical_Mathematical,12.62,2.0,Good
57,Business Analyst,S2810,13,6,5,20,14,19,17,6,S2810,AVG,POOR,POOR,BEST,AVG,BEST,BEST,POOR,Logical_Mathematical,12.5,2.0,Good
57,Business Analyst,S2811,12,6,6,20,12,20,17,6,S2811,AVG,POOR,POOR,BEST,AVG,BEST,BEST,POOR,Logical_Mathematical,12.38,2.0,Good
57,Business Analyst,S2812,11,6,6,20,11,19,17,6,S2812,AVG,POOR,POOR,BEST,AVG,BEST,BEST,POOR,Logical_Mathematical,12.0,2.0,Good
57,Business Analyst,S2813,14,6,5,19,13,18,17,6,S2813,AVG,POOR,POOR,BEST,AVG,BEST,BEST,POOR,Logical_Mathematical,12.25,2.0,Good
57,Business Analyst,S2814,13,7,5,19,14,17,17,6,S2814,AVG,POOR,POOR,BEST,AVG,BEST,BEST,POOR,Logical_Mathematical,12.25,2.0,Good
57,Business Analyst,S2815,12,7,6,19,12,19,17,6,S2815,AVG,POOR,POOR,BEST,AVG,BEST,BEST,POOR,Logical_Mathematical,12.25,2.0,Good
57,Business Analyst,S2816,11,7,6,19,13,20,17,6,S2816,AVG,POOR,POOR,BEST,AVG,BEST,BEST,POOR,Interpersonal,12.38,2.0,Good
57,Business Analyst,S2817,14,7,5,19,14,19,17,6,S2817,AVG,POOR,POOR,BEST,AVG,BEST,BEST,POOR,Logical_Mathematical,12.62,2.0,Good
57,Business Analyst,S2818,13,7,5,19,12,18,17,6,S2818,AVG,POOR,POOR,BEST,AVG,BEST,BEST,POOR,Logical_Mathematical,12.12,2.0,Good
57,Business Analyst,S2819,12,7,6,19,11,17,17,6,S2819,AVG,POOR,POOR,BEST,AVG,BEST,BEST,POOR,Logical_Mathematical,11.88,2.0,Good
57,Business Analyst,S2820,11,7,6,19,13,19,17,6,S2820,AVG,POOR,POOR,BEST,AVG,BEST,BEST,POOR,Logical_Mathematical,12.25,2.0,Good
57,Business Analyst,S2821,14,7,5,19,14,20,17,6,S2821,AVG,POOR,POOR,BEST,AVG,BEST,BEST,POOR,Interpersonal,12.75,2.0,Good
57,Business Analyst,S2822,13,7,5,19,12,19,17,6,S2822,AVG,POOR,POOR,BEST,AVG,BEST,BEST,POOR,Logical_Mathematical,12.25,2.0,Good
57,Business Analyst,S2823,12,7,6,19,13,18,17,6,S2823,AVG,POOR,POOR,BEST,AVG,BEST,BEST,POOR,Logical_Mathematical,12.25,2.0,Good
57,Business Analyst,S2824,11,7,6,19,14,17,17,6,S2824,AVG,POOR,POOR,BEST,AVG,BEST,BEST,POOR,Logical_Mathematical,12.12,2.0,Good
57,Business Analyst,S2825,14,7,5,18,12,19,17,6,S2825,AVG,POOR,POOR,BEST,AVG,BEST,BEST,POOR,Interpersonal,12.25,2.0,Good
57,Business Analyst,S2826,13,7,5,18,11,20,17,6,S2826,AVG,POOR,POOR,BEST,AVG,BEST,BEST,POOR,Interpersonal,12.12,2.0,Good
57,Business Analyst,S2827,12,8,6,18,13,19,17,6,S2827,AVG,POOR,POOR,BEST,AVG,BEST,BEST,POOR,Interpersonal,12.38,2.0,Good
57,Business Analyst,S2828,11,8,6,18,14,18,17,6,S2828,AVG,POOR,POOR,BEST,AVG,BEST,BEST,POOR,Logical_Mathematical,12.25,2.0,Good
57,Business Analyst,S2829,14,8,5,18,12,17,17,6,S2829,AVG,POOR,POOR,BEST,AVG,BEST,BEST,POOR,Logical_Mathematical,12.12,2.0,Good
57,Business Analyst,S2830,13,8,5,18,13,19,17,6,S2830,AVG,POOR,POOR,BEST,AVG,BEST,BEST,POOR,Interpersonal,12.38,2.0,Good
57,Business Analyst,S2831,12,8,6,18,14,20,17,6,S2831,AVG,POOR,POOR,BEST,AVG,BEST,BEST,POOR,Interpersonal,12.62,2.0,Good
57,Business Analyst,S2832,11,8,6,18,12,19,17,6,S2832,AVG,POOR,POOR,BEST,AVG,BEST,BEST,POOR,Interpersonal,12.12,2.0,Good
57,Business Analyst,S2833,14,8,5,18,11,18,17,6,S2833,AVG,POOR,POOR,BEST,AVG,BEST,BEST,POOR,Logical_Mathematical,12.12,2.0,Good
57,Business Analyst,S2834,13,8,5,18,13,17,17,6,S2834,AVG,POOR,POOR,BEST,AVG,BEST,BEST,POOR,Logical_Mathematical,12.12,2.0,Good
57,Business Analyst,S2835,12,8,6,18,14,19,17,6,S2835,AVG,POOR,POOR,BEST,AVG,BEST,BEST,POOR,Interpersonal,12.5,2.0,Good
57,Business Analyst,S2836,11,8,6,17,12,20,17,6,S2836,AVG,POOR,POOR,BEST,AVG,BEST,BEST,POOR,Interpersonal,12.12,2.0,Good
57,Business Analyst,S2837,12,8,5,17,13,19,17,6,S2837,AVG,POOR,POOR,BEST,AVG,BEST,BEST,POOR,Interpersonal,12.12,2.0,Good
57,Business Analyst,S2838,14,8,5,17,14,18,17,6,S2838,AVG,POOR,POOR,BEST,AVG,BEST,BEST,POOR,Interpersonal,12.38,2.0,Good
57,Business Analyst,S2839,13,8,6,17,12,17,17,6,S2839,AVG,POOR,POOR,BEST,AVG,BEST,BEST,POOR,Logical_Mathematical,12.0,2.0,Good
57,Business Analyst,S2840,12,8,6,17,11,19,17,6,S2840,AVG,POOR,POOR,BEST,AVG,BEST,BEST,POOR,Interpersonal,12.0,2.0,Good
57,Business Analyst,S2841,11,5,5,17,13,20,17,6,S2841,AVG,POOR,POOR,BEST,AVG,BEST,BEST,POOR,Interpersonal,11.75,2.0,Good
57,Business Analyst,S2842,14,5,5,17,14,19,17,6,S2842,AVG,POOR,POOR,BEST,AVG,BEST,BEST,POOR,Interpersonal,12.12,2.0,Good
57,Business Analyst,S2843,13,5,6,17,12,18,17,6,S2843,AVG,POOR,POOR,BEST,AVG,BEST,BEST,POOR,Interpersonal,11.75,2.0,Good
57,Business Analyst,S2844,12,5,6,17,13,17,17,6,S2844,AVG,POOR,POOR,BEST,AVG,BEST,BEST,POOR,Logical_Mathematical,11.62,2.0,Good
57,Business Analyst,S2845,11,5,5,17,14,19,17,6,S2845,AVG,POOR,POOR,BEST,AVG,BEST,BEST,POOR,Interpersonal,11.75,2.0,Good
57,Business Analyst,S2846,14,5,5,17,12,20,17,6,S2846,AVG,POOR,POOR,BEST,AVG,BEST,BEST,POOR,Interpersonal,12.0,2.0,Good
57,Business Analyst,S2847,13,5,6,15,11,19,17,6,S2847,AVG,POOR,POOR,BEST,AVG,BEST,BEST,POOR,Interpersonal,11.5,2.0,Good
57,Business Analyst,S2848,12,5,6,15,13,18,17,6,S2848,AVG,POOR,POOR,BEST,AVG,BEST,BEST,POOR,Interpersonal,11.5,2.0,Good
57,Business Analyst,S2849,11,5,7,15,14,17,17,6,S2849,AVG,POOR,POOR,BEST,AVG,BEST,BEST,POOR,Interpersonal,11.5,2.0,Good
57,Business Analyst,S2850,12,5,7,15,11,19,17,6,S2850,AVG,POOR,POOR,BEST,AVG,BEST,BEST,POOR,Interpersonal,11.5,2.0,Good
58,Banking,S2851,12,5,10,17,7,15,11,5,S2851,AVG,POOR,POOR,BEST,POOR,BEST,AVG,POOR,Logical_Mathematical,10.25,1.75,Average
58,Banking,S2852,12,6,9,17,7,15,11,6,S2852,AVG,POOR,POOR,BEST,POOR,BEST,AVG,POOR,Logical_Mathematical,10.38,1.75,Average
58,Banking,S2853,12,8,7,17,7,15,11,7,S2853,AVG,POOR,POOR,BEST,POOR,BEST,AVG,POOR,Logical_Mathematical,10.5,1.75,Average
58,Banking,S2854,12,7,6,17,7,15,11,5,S2854,AVG,POOR,POOR,BEST,POOR,BEST,AVG,POOR,Logical_Mathematical,10.0,1.75,Average
58,Banking,S2855,12,5,10,17,7,15,11,6,S2855,AVG,POOR,POOR,BEST,POOR,BEST,AVG,POOR,Logical_Mathematical,10.38,1.75,Average
58,Banking,S2856,12,6,9,17,7,15,11,7,S2856,AVG,POOR,POOR,BEST,POOR,BEST,AVG,POOR,Logical_Mathematical,10.5,1.75,Average
58,Banking,S2857,12,8,7,17,7,15,11,5,S2857,AVG,POOR,POOR,BEST,POOR,BEST,AVG,POOR,Logical_Mathematical,10.25,1.75,Average
58,Banking,S2858,12,7,6,17,7,15,11,6,S2858,AVG,POOR,POOR,BEST,POOR,BEST,AVG,POOR,Logical_Mathematical,10.12,1.75,Average
58,Banking,S2859,12,5,10,17,7,15,11,7,S2859,AVG,POOR,POOR,BEST,POOR,BEST,AVG,POOR,Logical_Mathematical,10.5,1.75,Average
58,Banking,S2860,12,6,9,17,7,15,11,5,S2860,AVG,POOR,POOR,BEST,POOR,BEST,AVG,POOR,Logical_Mathematical,10.25,1.75,Average
58,Banking,S2861,12,8,7,17,7,15,11,6,S2861,AVG,POOR,POOR,BEST,POOR,BEST,AVG,POOR,Logical_Mathematical,10.38,1.75,Average
58,Banking,S2862,12,7,6,17,7,15,11,7,S2862,AVG,POOR,POOR,BEST,POOR,BEST,AVG,POOR,Logical_Mathematical,10.25,1.75,Average
58,Banking,S2863,12,5,10,17,9,15,11,5,S2863,AVG,POOR,POOR,BEST,POOR,BEST,AVG,POOR,Logical_Mathematical,10.5,1.75,Average
58,Banking,S2864,12,6,9,16,9,15,11,6,S2864,AVG,POOR,POOR,BEST,POOR,BEST,AVG,POOR,Logical_Mathematical,10.5,1.75,Average
58,Banking,S2865,12,8,7,16,9,15,11,7,S2865,AVG,POOR,POOR,BEST,POOR,BEST,AVG,POOR,Logical_Mathematical,10.62,1.75,Average
58,Banking,S2866,12,7,6,16,9,15,11,5,S2866,AVG,POOR,POOR,BEST,POOR,BEST,AVG,POOR,Logical_Mathematical,10.12,1.75,Average
58,Banking,S2867,12,5,10,16,9,15,11,6,S2867,AVG,POOR,POOR,BEST,POOR,BEST,AVG,POOR,Logical_Mathematical,10.5,1.75,Average
58,Banking,S2868,12,6,9,16,9,15,11,7,S2868,AVG,POOR,POOR,BEST,POOR,BEST,AVG,POOR,Logical_Mathematical,10.62,1.75,Average
58,Banking,S2869,12,8,7,16,9,15,11,5,S2869,AVG,POOR,POOR,BEST,POOR,BEST,AVG,POOR,Logical_Mathematical,10.38,1.75,Average
58,Banking,S2870,12,7,6,16,9,15,11,6,S2870,AVG,POOR,POOR,BEST,POOR,BEST,AVG,POOR,Logical_Mathematical,10.25,1.75,Average
58,Banking,S2871,12,5,10,16,9,15,11,7,S2871,AVG,POOR,POOR,BEST,POOR,BEST,AVG,POOR,Logical_Mathematical,10.62,1.75,Average
58,Banking,S2872,12,6,9,16,8,15,11,5,S2872,AVG,POOR,POOR,BEST,POOR,BEST,AVG,POOR,Logical_Mathematical,10.25,1.75,Average
58,Banking,S2873,12,8,7,16,8,15,11,6,S2873,AVG,POOR,POOR,BEST,POOR,BEST,AVG,POOR,Logical_Mathematical,10.38,1.75,Average
58,Banking,S2874,12,7,6,16,8,15,11,7,S2874,AVG,POOR,POOR,BEST,POOR,BEST,AVG,POOR,Logical_Mathematical,10.25,1.75,Average
58,Banking,S2875,12,5,10,15,8,15,11,5,S2875,AVG,POOR,POOR,BEST,POOR,BEST,AVG,POOR,Logical_Mathematical,10.12,1.75,Average
58,Banking,S2876,12,6,9,15,8,15,11,6,S2876,AVG,POOR,POOR,BEST,POOR,BEST,AVG,POOR,Logical_Mathematical,10.25,1.75,Average
58,Banking,S2877,12,8,7,15,8,15,11,7,S2877,AVG,POOR,POOR,BEST,POOR,BEST,AVG,POOR,Logical_Mathematical,10.38,1.75,Average
58,Banking,S2878,12,7,6,15,8,15,11,5,S2878,AVG,POOR,POOR,BEST,POOR,BEST,AVG,POOR,Logical_Mathematical,9.88,1.75,Average
58,Banking,S2879,12,5,10,15,8,15,11,6,S2879,AVG,POOR,POOR,BEST,POOR,BEST,AVG,POOR,Logical_Mathematical,10.25,1.75,Average
58,Banking,S2880,12,6,9,15,8,15,11,7,S2880,AVG,POOR,POOR,BEST,POOR,BEST,AVG,POOR,Logical_Mathematical,10.38,1.75,Average
58,Banking,S2881,12,8,7,15,8,15,11,5,S2881,AVG,POOR,POOR,BEST,POOR,BEST,AVG,POOR,Logical_Mathematical,10.12,1.75,Average
58,Banking,S2882,12,7,6,15,8,15,11,6,S2882,AVG,POOR,POOR,BEST,POOR,BEST,AVG,POOR,Logical_Mathematical,10.0,1.75,Average
58,Banking,S2883,12,5,10,15,8,15,11,7,S2883,AVG,POOR,POOR,BEST,POOR,BEST,AVG,POOR,Logical_Mathematical,10.38,1.75,Average
58,Banking,S2884,12,6,9,15,8,15,11,5,S2884,AVG,POOR,POOR,BEST,POOR,BEST,AVG,POOR,Logical_Mathematical,10.12,1.75,Average
58,Banking,S2885,12,8,7,15,6,15,11,6,S2885,AVG,POOR,POOR,BEST,POOR,BEST,AVG,POOR,Logical_Mathematical,10.0,1.75,Average
58,Banking,S2886,12,7,6,15,6,15,11,7,S2886,AVG,POOR,POOR,BEST,POOR,BEST,AVG,POOR,Logical_Mathematical,9.88,1.75,Average
58,Banking,S2887,12,5,10,15,6,15,11,5,S2887,AVG,POOR,POOR,BEST,POOR,BEST,AVG,POOR,Logical_Mathematical,9.88,1.75,Average
58,Banking,S2888,12,6,9,15,6,15,11,6,S2888,AVG,POOR,POOR,BEST,POOR,BEST,AVG,POOR,Logical_Mathematical,10.0,1.75,Average
58,Banking,S2889,12,8,7,15,6,15,11,7,S2889,AVG,POOR,POOR,BEST,POOR,BEST,AVG,POOR,Logical_Mathematical,10.12,1.75,Average
58,Banking,S2890,12,7,6,15,6,15,11,5,S2890,AVG,POOR,POOR,BEST,POOR,BEST,AVG,POOR,Logical_Mathematical,9.62,1.75,Average
58,Banking,S2891,12,5,10,15,6,15,11,6,S2891,AVG,POOR,POOR,BEST,POOR,BEST,AVG,POOR,Logical_Mathematical,10.0,1.75,Average
58,Banking,S2892,12,6,9,19,6,15,11,7,S2892,AVG,POOR,POOR,BEST,POOR,BEST,AVG,POOR,Logical_Mathematical,10.62,1.75,Average
58,Banking,S2893,12,8,7,19,6,15,11,5,S2893,AVG,POOR,POOR,BEST,POOR,BEST,AVG,POOR,Logical_Mathematical,10.38,1.75,Average
58,Banking,S2894,12,7,6,19,6,15,11,6,S2894,AVG,POOR,POOR,BEST,POOR,BEST,AVG,POOR,Logical_Mathematical,10.25,1.75,Average
58,Banking,S2895,12,5,10,19,5,15,11,7,S2895,AVG,POOR,POOR,BEST,POOR,BEST,AVG,POOR,Logical_Mathematical,10.5,1.75,Average
58,Banking,S2896,12,6,9,19,5,15,11,5,S2896,AVG,POOR,POOR,BEST,POOR,BEST,AVG,POOR,Logical_Mathematical,10.25,1.75,Average
58,Banking,S2897,12,8,7,19,5,15,11,6,S2897,AVG,POOR,POOR,BEST,POOR,BEST,AVG,POOR,Logical_Mathematical,10.38,1.75,Average
58,Banking,S2898,12,7,6,19,5,15,11,7,S2898,AVG,POOR,POOR,BEST,POOR,BEST,AVG,POOR,Logical_Mathematical,10.25,1.75,Average
58,Banking,S2899,12,8,6,19,5,15,11,5,S2899,AVG,POOR,POOR,BEST,POOR,BEST,AVG,POOR,Logical_Mathematical,10.12,1.75,Average
58,Banking,S2900,12,9,7,19,5,15,11,6,S2900,AVG,POOR,POOR,BEST,POOR,BEST,AVG,POOR,Logical_Mathematical,10.5,1.75,Average
59,Stock Broker,S2901,11,5,10,19,8,19,18,6,S2901,AVG,POOR,POOR,BEST,POOR,BEST,BEST,POOR,Logical_Mathematical,12.0,1.88,Average
59,Stock Broker,S2902,12,5,9,18,8,19,18,6,S2902,AVG,POOR,POOR,BEST,POOR,BEST,BEST,POOR,Interpersonal,11.88,1.88,Average
59,Stock Broker,S2903,13,6,7,19,8,19,18,6,S2903,AVG,POOR,POOR,BEST,POOR,BEST,BEST,POOR,Logical_Mathematical,12.0,1.88,Average
59,Stock Broker,S2904,14,6,6,18,8,19,18,6,S2904,AVG,POOR,POOR,BEST,POOR,BEST,BEST,POOR,Interpersonal,11.88,1.88,Average
59,Stock Broker,S2905,11,7,10,19,8,19,18,6,S2905,AVG,POOR,POOR,BEST,POOR,BEST,BEST,POOR,Logical_Mathematical,12.25,1.88,Average
59,Stock Broker,S2906,12,7,9,18,8,19,18,6,S2906,AVG,POOR,POOR,BEST,POOR,BEST,BEST,POOR,Interpersonal,12.12,1.88,Average
59,Stock Broker,S2907,13,8,7,19,8,19,18,6,S2907,AVG,POOR,POOR,BEST,POOR,BEST,BEST,POOR,Logical_Mathematical,12.25,1.88,Average
59,Stock Broker,S2908,14,8,10,18,8,19,18,6,S2908,AVG,POOR,POOR,BEST,POOR,BEST,BEST,POOR,Interpersonal,12.62,1.88,Average
59,Stock Broker,S2909,11,9,9,19,8,19,18,6,S2909,AVG,POOR,POOR,BEST,POOR,BEST,BEST,POOR,Logical_Mathematical,12.38,1.88,Average
59,Stock Broker,S2910,12,9,7,18,8,19,18,6,S2910,AVG,POOR,POOR,BEST,POOR,BEST,BEST,POOR,Interpersonal,12.12,1.88,Average
59,Stock Broker,S2911,13,5,6,19,8,19,18,6,S2911,AVG,POOR,POOR,BEST,POOR,BEST,BEST,POOR,Logical_Mathematical,11.75,1.88,Average
59,Stock Broker,S2912,14,5,10,18,8,17,16,6,S2912,AVG,POOR,POOR,BEST,POOR,BEST,BEST,POOR,Logical_Mathematical,11.75,1.88,Average
59,Stock Broker,S2913,11,6,9,19,8,17,16,6,S2913,AVG,POOR,POOR,BEST,POOR,BEST,BEST,POOR,Logical_Mathematical,11.5,1.88,Average
59,Stock Broker,S2914,12,6,7,18,8,17,16,6,S2914,AVG,POOR,POOR,BEST,POOR,BEST,BEST,POOR,Logical_Mathematical,11.25,1.88,Average
59,Stock Broker,S2915,13,7,10,19,8,17,16,6,S2915,AVG,POOR,POOR,BEST,POOR,BEST,BEST,POOR,Logical_Mathematical,12.0,1.88,Average
59,Stock Broker,S2916,14,7,9,18,8,17,16,6,S2916,AVG,POOR,POOR,BEST,POOR,BEST,BEST,POOR,Logical_Mathematical,11.88,1.88,Average
59,Stock Broker,S2917,11,8,7,19,8,17,16,6,S2917,AVG,POOR,POOR,BEST,POOR,BEST,BEST,POOR,Logical_Mathematical,11.5,1.88,Average
59,Stock Broker,S2918,12,8,6,18,8,17,16,6,S2918,AVG,POOR,POOR,BEST,POOR,BEST,BEST,POOR,Logical_Mathematical,11.38,1.88,Average
59,Stock Broker,S2919,13,9,10,19,8,17,16,6,S2919,AVG,POOR,POOR,BEST,POOR,BEST,BEST,POOR,Logical_Mathematical,12.25,1.88,Average
59,Stock Broker,S2920,14,9,9,18,8,17,16,6,S2920,AVG,POOR,POOR,BEST,POOR,BEST,BEST,POOR,Logical_Mathematical,12.12,1.88,Average
59,Stock Broker,S2921,11,5,7,19,8,17,16,6,S2921,AVG,POOR,POOR,BEST,POOR,BEST,BEST,POOR,Logical_Mathematical,11.12,1.88,Average
59,Stock Broker,S2922,12,5,10,18,8,17,19,6,S2922,AVG,POOR,POOR,BEST,POOR,BEST,BEST,POOR,Intrapersonal,11.88,1.88,Average
59,Stock Broker,S2923,13,6,10,19,8,17,19,6,S2923,AVG,POOR,POOR,BEST,POOR,BEST,BEST,POOR,Logical_Mathematical,12.25,1.88,Average
59,Stock Broker,S2924,14,6,6,18,8,17,19,6,S2924,AVG,POOR,POOR,BEST,POOR,BEST,BEST,POOR,Intrapersonal,11.75,1.88,Average
59,Stock Broker,S2925,11,7,6,19,8,17,19,6,S2925,AVG,POOR,POOR,BEST,POOR,BEST,BEST,POOR,Logical_Mathematical,11.62,1.88,Average
59,Stock Broker,S2926,12,7,10,18,8,17,19,6,S2926,AVG,POOR,POOR,BEST,POOR,BEST,BEST,POOR,Intrapersonal,12.12,1.88,Average
59,Stock Broker,S2927,13,8,9,19,8,16,19,6,S2927,AVG,POOR,POOR,BEST,POOR,BEST,BEST,POOR,Logical_Mathematical,12.25,1.88,Average
59,Stock Broker,S2928,14,8,7,18,8,16,19,6,S2928,AVG,POOR,POOR,BEST,POOR,BEST,BEST,POOR,Intrapersonal,12.0,1.88,Average
59,Stock Broker,S2929,11,9,6,19,8,16,19,6,S2929,AVG,POOR,POOR,BEST,POOR,BEST,BEST,POOR,Logical_Mathematical,11.75,1.88,Average
59,Stock Broker,S2930,12,9,10,18,8,16,19,6,S2930,AVG,POOR,POOR,BEST,POOR,BEST,BEST,POOR,Intrapersonal,12.25,1.88,Average
59,Stock Broker,S2931,13,5,9,19,8,16,19,6,S2931,AVG,POOR,POOR,BEST,POOR,BEST,BEST,POOR,Logical_Mathematical,11.88,1.88,Average
59,Stock Broker,S2932,14,5,7,18,8,16,19,6,S2932,AVG,POOR,POOR,BEST,POOR,BEST,BEST,POOR,Intrapersonal,11.62,1.88,Average
59,Stock Broker,S2933,11,6,6,19,8,16,19,6,S2933,AVG,POOR,POOR,BEST,POOR,BEST,BEST,POOR,Logical_Mathematical,11.38,1.88,Average
59,Stock Broker,S2934,12,6,6,18,8,16,20,6,S2934,AVG,POOR,POOR,BEST,POOR,BEST,BEST,POOR,Intrapersonal,11.5,1.88,Average
59,Stock Broker,S2935,13,7,6,19,8,16,20,6,S2935,AVG,POOR,POOR,BEST,POOR,BEST,BEST,POOR,Intrapersonal,11.88,1.88,Average
59,Stock Broker,S2936,14,7,10,18,8,16,20,6,S2936,AVG,POOR,POOR,BEST,POOR,BEST,BEST,POOR,Intrapersonal,12.38,1.88,Average
59,Stock Broker,S2937,11,8,9,19,8,16,20,6,S2937,AVG,POOR,POOR,BEST,POOR,BEST,BEST,POOR,Intrapersonal,12.12,1.88,Average
59,Stock Broker,S2938,12,8,7,18,8,16,20,6,S2938,AVG,POOR,POOR,BEST,POOR,BEST,BEST,POOR,Intrapersonal,11.88,1.88,Average
59,Stock Broker,S2939,13,9,6,19,8,16,20,6,S2939,AVG,POOR,POOR,BEST,POOR,BEST,BEST,POOR,Intrapersonal,12.12,1.88,Average
59,Stock Broker,S2940,14,9,10,18,8,16,20,6,S2940,AVG,POOR,POOR,BEST,POOR,BEST,BEST,POOR,Intrapersonal,12.62,1.88,Average
59,Stock Broker,S2941,11,5,9,19,8,16,20,6,S2941,AVG,POOR,POOR,BEST,POOR,BEST,BEST,POOR,Intrapersonal,11.75,1.88,Average
59,Stock Broker,S2942,12,5,10,18,8,15,20,6,S2942,AVG,POOR,POOR,BEST,POOR,BEST,BEST,POOR,Intrapersonal,11.75,1.88,Average
59,Stock Broker,S2943,13,6,9,19,8,15,20,6,S2943,AVG,POOR,POOR,BEST,POOR,BEST,BEST,POOR,Intrapersonal,12.0,1.88,Average
59,Stock Broker,S2944,14,6,7,18,8,15,20,6,S2944,AVG,POOR,POOR,BEST,POOR,BEST,BEST,POOR,Intrapersonal,11.75,1.88,Average
59,Stock Broker,S2945,11,7,6,19,8,15,20,6,S2945,AVG,POOR,POOR,BEST,POOR,BEST,BEST,POOR,Intrapersonal,11.5,1.88,Average
59,Stock Broker,S2946,12,7,10,18,8,15,20,6,S2946,AVG,POOR,POOR,BEST,POOR,BEST,BEST,POOR,Intrapersonal,12.0,1.88,Average
59,Stock Broker,S2947,13,8,9,19,8,15,20,6,S2947,AVG,POOR,POOR,BEST,POOR,BEST,BEST,POOR,Intrapersonal,12.25,1.88,Average
59,Stock Broker,S2948,14,8,7,18,8,15,20,6,S2948,AVG,POOR,POOR,BEST,POOR,BEST,BEST,POOR,Intrapersonal,12.0,1.88,Average
59,Stock Broker,S2949,13,9,6,19,8,15,20,6,S2949,AVG,POOR,POOR,BEST,POOR,BEST,BEST,POOR,Intrapersonal,12.0,1.88,Average
59,Stock Broker,S2950,11,9,6,18,8,15,20,6,S2950,AVG,POOR,POOR,BEST,POOR,BEST,BEST,POOR,Intrapersonal,11.62,1.88,Average
60,Financial Advisor,S2951,19,7,11,16,12,17,17,7,S2951,BEST,POOR,AVG,BEST,AVG,BEST,BEST,POOR,Linguistic,13.25,2.25,Good
60,Financial Advisor,S2952,18,8,12,16,13,18,17,6,S2952,BEST,POOR,AVG,BEST,AVG,BEST,BEST,POOR,Linguistic,13.5,2.25,Good
60,Financial Advisor,S2953,17,6,13,16,12,19,17,8,S2953,BEST,POOR,AVG,BEST,AVG,BEST,BEST,POOR,Interpersonal,13.5,2.25,Good
60,Financial Advisor,S2954,16,8,14,16,13,18,17,7,S2954,BEST,POOR,AVG,BEST,AVG,BEST,BEST,POOR,Interpersonal,13.62,2.25,Good
60,Financial Advisor,S2955,15,7,13,16,12,20,17,6,S2955,BEST,POOR,AVG,BEST,AVG,BEST,BEST,POOR,Interpersonal,13.25,2.25,Good
60,Financial Advisor,S2956,20,8,12,16,13,19,17,8,S2956,BEST,POOR,AVG,BEST,AVG,BEST,BEST,POOR,Linguistic,14.12,2.25,Good
60,Financial Advisor,S2957,15,6,11,16,12,18,17,7,S2957,BEST,POOR,AVG,BEST,AVG,BEST,BEST,POOR,Interpersonal,12.75,2.25,Good
60,Financial Advisor,S2958,16,8,11,16,13,17,17,6,S2958,BEST,POOR,AVG,BEST,AVG,BEST,BEST,POOR,Interpersonal,13.0,2.25,Good
60,Financial Advisor,S2959,17,7,12,16,12,16,17,8,S2959,BEST,POOR,AVG,BEST,AVG,BEST,BEST,POOR,Linguistic,13.12,2.25,Good
60,Financial Advisor,S2960,18,8,13,16,13,15,17,7,S2960,BEST,POOR,AVG,BEST,AVG,BEST,BEST,POOR,Linguistic,13.38,2.25,Good
60,Financial Advisor,S2961,19,6,14,16,12,17,17,6,S2961,BEST,POOR,AVG,BEST,AVG,BEST,BEST,POOR,Linguistic,13.38,2.25,Good
60,Financial Advisor,S2962,20,8,13,16,13,18,17,8,S2962,BEST,POOR,AVG,BEST,AVG,BEST,BEST,POOR,Linguistic,14.12,2.25,Good
60,Financial Advisor,S2963,19,7,12,16,12,19,17,7,S2963,BEST,POOR,AVG,BEST,AVG,BEST,BEST,POOR,Linguistic,13.62,2.25,Good
60,Financial Advisor,S2964,18,8,11,16,13,18,17,6,S2964,BEST,POOR,AVG,BEST,AVG,BEST,BEST,POOR,Linguistic,13.38,2.25,Good
60,Financial Advisor,S2965,17,6,11,16,12,20,17,8,S2965,BEST,POOR,AVG,BEST,AVG,BEST,BEST,POOR,Interpersonal,13.38,2.25,Good
60,Financial Advisor,S2966,16,8,12,16,13,19,17,7,S2966,BEST,POOR,AVG,BEST,AVG,BEST,BEST,POOR,Interpersonal,13.5,2.25,Good
60,Financial Advisor,S2967,15,7,13,16,12,18,17,6,S2967,BEST,POOR,AVG,BEST,AVG,BEST,BEST,POOR,Interpersonal,13.0,2.25,Good
60,Financial Advisor,S2968,20,8,14,16,13,17,17,8,S2968,BEST,POOR,AVG,BEST,AVG,BEST,BEST,POOR,Linguistic,14.12,2.25,Good
60,Financial Advisor,S2969,15,6,13,15,12,16,17,7,S2969,BEST,POOR,AVG,BEST,AVG,BEST,BEST,POOR,Intrapersonal,12.62,2.25,Good
60,Financial Advisor,S2970,16,8,12,15,13,15,17,6,S2970,BEST,POOR,AVG,BEST,AVG,BEST,BEST,POOR,Intrapersonal,12.75,2.25,Good
60,Financial Advisor,S2971,17,7,11,15,12,18,17,8,S2971,BEST,POOR,AVG,BEST,AVG,BEST,BEST,POOR,Interpersonal,13.12,2.25,Good
60,Financial Advisor,S2972,18,8,11,15,13,17,17,7,S2972,BEST,POOR,AVG,BEST,AVG,BEST,BEST,POOR,Linguistic,13.25,2.25,Good
60,Financial Advisor,S2973,19,6,12,15,12,18,17,6,S2973,BEST,POOR,AVG,BEST,AVG,BEST,BEST,POOR,Linguistic,13.12,2.25,Good
60,Financial Advisor,S2974,20,8,13,15,13,19,17,8,S2974,BEST,POOR,AVG,BEST,AVG,BEST,BEST,POOR,Linguistic,14.12,2.25,Good
60,Financial Advisor,S2975,19,7,14,15,12,18,17,7,S2975,BEST,POOR,AVG,BEST,AVG,BEST,BEST,POOR,Linguistic,13.62,2.25,Good
60,Financial Advisor,S2976,18,8,13,15,13,20,17,6,S2976,BEST,POOR,AVG,BEST,AVG,BEST,BEST,POOR,Interpersonal,13.75,2.25,Good
60,Financial Advisor,S2977,17,6,12,15,12,19,17,8,S2977,BEST,POOR,AVG,BEST,AVG,BEST,BEST,POOR,Interpersonal,13.25,2.25,Good
60,Financial Advisor,S2978,16,8,11,15,13,18,17,7,S2978,BEST,POOR,AVG,BEST,AVG,BEST,BEST,POOR,Interpersonal,13.12,2.25,Good
60,Financial Advisor,S2979,15,7,11,15,12,17,17,6,S2979,BEST,POOR,AVG,BEST,AVG,BEST,BEST,POOR,Interpersonal,12.5,2.25,Good
60,Financial Advisor,S2980,20,8,12,15,13,16,17,8,S2980,BEST,POOR,AVG,BEST,AVG,BEST,BEST,POOR,Linguistic,13.62,2.25,Good
60,Financial Advisor,S2981,15,6,13,15,12,15,17,7,S2981,BEST,POOR,AVG,BEST,AVG,BEST,BEST,POOR,Intrapersonal,12.5,2.25,Good
60,Financial Advisor,S2982,16,8,14,15,13,17,17,6,S2982,BEST,POOR,AVG,BEST,AVG,BEST,BEST,POOR,Interpersonal,13.25,2.25,Good
60,Financial Advisor,S2983,17,7,13,15,12,18,17,8,S2983,BEST,POOR,AVG,BEST,AVG,BEST,BEST,POOR,Interpersonal,13.38,2.25,Good
60,Financial Advisor,S2984,18,8,12,15,13,19,17,7,S2984,BEST,POOR,AVG,BEST,AVG,BEST,BEST,POOR,Interpersonal,13.62,2.25,Good
60,Financial Advisor,S2985,19,6,11,15,12,18,17,6,S2985,BEST,POOR,AVG,BEST,AVG,BEST,BEST,POOR,Linguistic,13.0,2.25,Good
60,Financial Advisor,S2986,20,8,11,18,13,20,17,8,S2986,BEST,POOR,AVG,BEST,AVG,BEST,BEST,POOR,Linguistic,14.38,2.25,Good
60,Financial Advisor,S2987,19,7,12,18,12,19,17,7,S2987,BEST,POOR,AVG,BEST,AVG,BEST,BEST,POOR,Linguistic,13.88,2.25,Good
60,Financial Advisor,S2988,18,8,13,18,13,18,17,6,S2988,BEST,POOR,AVG,BEST,AVG,BEST,BEST,POOR,Linguistic,13.88,2.25,Good
60,Financial Advisor,S2989,17,6,14,18,12,17,17,8,S2989,BEST,POOR,AVG,BEST,AVG,BEST,BEST,POOR,Logical_Mathematical,13.62,2.25,Good
60,Financial Advisor,S2990,16,8,13,18,13,16,17,7,S2990,BEST,POOR,AVG,BEST,AVG,BEST,BEST,POOR,Logical_Mathematical,13.5,2.25,Good
60,Financial Advisor,S2991,15,7,12,18,12,15,17,6,S2991,BEST,POOR,AVG,BEST,AVG,BEST,BEST,POOR,Logical_Mathematical,12.75,2.25,Good
60,Financial Advisor,S2992,20,8,11,18,13,17,17,8,S2992,BEST,POOR,AVG,BEST,AVG,BEST,BEST,POOR,Linguistic,14.0,2.25,Good
60,Financial Advisor,S2993,15,6,12,18,12,18,17,7,S2993,BEST,POOR,AVG,BEST,AVG,BEST,BEST,POOR,Logical_Mathematical,13.12,2.25,Good
60,Financial Advisor,S2994,16,8,11,18,13,19,17,6,S2994,BEST,POOR,AVG,BEST,AVG,BEST,BEST,POOR,Interpersonal,13.5,2.25,Good
60,Financial Advisor,S2995,17,7,11,18,12,18,17,8,S2995,BEST,POOR,AVG,BEST,AVG,BEST,BEST,POOR,Logical_Mathematical,13.5,2.25,Good
60,Financial Advisor,S2996,18,8,12,18,13,20,17,7,S2996,BEST,POOR,AVG,BEST,AVG,BEST,BEST,POOR,Interpersonal,14.12,2.25,Good
60,Financial Advisor,S2997,19,6,13,18,12,19,17,6,S2997,BEST,POOR,AVG,BEST,AVG,BEST,BEST,POOR,Linguistic,13.75,2.25,Good
60,Financial Advisor,S2998,20,8,14,18,13,18,17,8,S2998,BEST,POOR,AVG,BEST,AVG,BEST,BEST,POOR,Linguistic,14.5,2.25,Good
60,Financial Advisor,S2999,16,9,13,18,14,17,17,9,S2999,BEST,POOR,AVG,BEST,AVG,BEST,BEST,POOR,Logical_Mathematical,14.12,2.25,Good
60,Financial Advisor,S3000,18,7,12,18,11,16,17,6,S3000,BEST,POOR,AVG,BEST,AVG,BEST,BEST,POOR,Linguistic,13.12,2.25,Good
61,Consultant,S3001,12,5,7,20,5,16,20,5,S3001,AVG,POOR,POOR,BEST,POOR,BEST,BEST,POOR,Logical_Mathematical,11.25,1.88,Average
61,Consultant,S3002,11,6,6,17,9,15,19,6,S3002,AVG,POOR,POOR,BEST,POOR,BEST,BEST,POOR,Intrapersonal,11.12,1.88,Average
61,Consultant,S3003,13,7,5,16,7,17,18,7,S3003,AVG,POOR,POOR,BEST,POOR,BEST,BEST,POOR,Intrapersonal,11.25,1.88,Average
61,Consultant,S3004,14,5,8,19,6,18,17,5,S3004,AVG,POOR,POOR,BEST,POOR,BEST,BEST,POOR,Logical_Mathematical,11.5,1.88,Average
61,Consultant,S3005,11,6,9,15,6,20,16,6,S3005,AVG,POOR,POOR,BEST,POOR,BEST,BEST,POOR,Interpersonal,11.12,1.88,Average
61,Consultant,S3006,12,7,6,18,7,16,15,7,S3006,AVG,POOR,POOR,BEST,POOR,BEST,BEST,POOR,Logical_Mathematical,11.0,1.88,Average
61,Consultant,S3007,11,5,5,19,5,15,20,5,S3007,AVG,POOR,POOR,BEST,POOR,BEST,BEST,POOR,Intrapersonal,10.62,1.88,Average
61,Consultant,S3008,13,6,9,16,9,17,19,6,S3008,AVG,POOR,POOR,BEST,POOR,BEST,BEST,POOR,Intrapersonal,11.88,1.88,Average
61,Consultant,S3009,14,7,7,17,7,18,18,7,S3009,AVG,POOR,POOR,BEST,POOR,BEST,BEST,POOR,Interpersonal,11.88,1.88,Average
61,Consultant,S3010,11,8,6,16,6,20,17,8,S3010,AVG,POOR,POOR,BEST,POOR,BEST,BEST,POOR,Interpersonal,11.5,1.88,Average
61,Consultant,S3011,12,9,5,19,6,16,16,9,S3011,AVG,POOR,POOR,BEST,POOR,BEST,BEST,POOR,Logical_Mathematical,11.5,1.88,Average
61,Consultant,S3012,11,10,9,15,7,15,15,10,S3012,AVG,POOR,POOR,BEST,POOR,BEST,BEST,POOR,Logical_Mathematical,11.5,1.88,Average
61,Consultant,S3013,13,8,6,18,5,17,20,8,S3013,AVG,POOR,POOR,BEST,POOR,BEST,BEST,POOR,Intrapersonal,11.88,1.88,Average
61,Consultant,S3014,14,9,5,19,9,18,19,9,S3014,AVG,POOR,POOR,BEST,POOR,BEST,BEST,POOR,Logical_Mathematical,12.75,1.88,Average
61,Consultant,S3015,11,10,9,16,7,20,18,10,S3015,AVG,POOR,POOR,BEST,POOR,BEST,BEST,POOR,Interpersonal,12.62,1.88,Average
61,Consultant,S3016,12,8,9,17,6,16,17,8,S3016,AVG,POOR,POOR,BEST,POOR,BEST,BEST,POOR,Logical_Mathematical,11.62,1.88,Average
61,Consultant,S3017,11,9,6,16,6,15,16,9,S3017,AVG,POOR,POOR,BEST,POOR,BEST,BEST,POOR,Logical_Mathematical,11.0,1.88,Average
61,Consultant,S3018,13,10,5,19,6,17,15,10,S3018,AVG,POOR,POOR,BEST,POOR,BEST,BEST,POOR,Logical_Mathematical,11.88,1.88,Average
61,Consultant,S3019,14,8,9,15,6,18,20,8,S3019,AVG,POOR,POOR,BEST,POOR,BEST,BEST,POOR,Intrapersonal,12.25,1.88,Average
61,Consultant,S3020,11,9,7,18,5,20,19,9,S3020,AVG,POOR,POOR,BEST,POOR,BEST,BEST,POOR,Interpersonal,12.25,1.88,Average
61,Consultant,S3021,12,10,6,19,9,16,18,10,S3021,AVG,POOR,POOR,BEST,POOR,BEST,BEST,POOR,Logical_Mathematical,12.5,1.88,Average
61,Consultant,S3022,11,6,6,16,7,15,17,6,S3022,AVG,POOR,POOR,BEST,POOR,BEST,BEST,POOR,Intrapersonal,10.5,1.88,Average
61,Consultant,S3023,13,6,9,17,6,17,16,6,S3023,AVG,POOR,POOR,BEST,POOR,BEST,BEST,POOR,Logical_Mathematical,11.25,1.88,Average
61,Consultant,S3024,14,6,6,16,6,18,15,6,S3024,AVG,POOR,POOR,BEST,POOR,BEST,BEST,POOR,Interpersonal,10.88,1.88,Average
61,Consultant,S3025,11,6,5,19,5,20,20,6,S3025,AVG,POOR,POOR,BEST,POOR,BEST,BEST,POOR,Interpersonal,11.5,1.88,Average
61,Consultant,S3026,12,6,9,15,9,16,19,6,S3026,AVG,POOR,POOR,BEST,POOR,BEST,BEST,POOR,Intrapersonal,11.5,1.88,Average
61,Consultant,S3027,11,6,7,18,7,15,18,6,S3027,AVG,POOR,POOR,BEST,POOR,BEST,BEST,POOR,Logical_Mathematical,11.0,1.88,Average
61,Consultant,S3028,13,6,6,19,6,17,17,6,S3028,AVG,POOR,POOR,BEST,POOR,BEST,BEST,POOR,Logical_Mathematical,11.25,1.88,Average
61,Consultant,S3029,14,6,6,16,6,18,16,6,S3029,AVG,POOR,POOR,BEST,POOR,BEST,BEST,POOR,Interpersonal,11.0,1.88,Average
61,Consultant,S3030,11,5,9,20,6,20,15,9,S3030,AVG,POOR,POOR,BEST,POOR,BEST,BEST,POOR,Logical_Mathematical,11.88,1.88,Average
61,Consultant,S3031,12,9,6,19,6,16,20,6,S3031,AVG,POOR,POOR,BEST,POOR,BEST,BEST,POOR,Intrapersonal,11.75,1.88,Average
61,Consultant,S3032,11,7,5,18,9,15,19,5,S3032,AVG,POOR,POOR,BEST,POOR,BEST,BEST,POOR,Intrapersonal,11.12,1.88,Average
61,Consultant,S3033,13,6,9,17,9,17,18,9,S3033,AVG,POOR,POOR,BEST,POOR,BEST,BEST,POOR,Intrapersonal,12.25,1.88,Average
61,Consultant,S3034,14,6,7,15,9,18,17,7,S3034,AVG,POOR,POOR,BEST,POOR,BEST,BEST,POOR,Interpersonal,11.62,1.88,Average
61,Consultant,S3035,11,7,9,16,9,20,16,7,S3035,AVG,POOR,POOR,BEST,POOR,BEST,BEST,POOR,Interpersonal,11.88,1.88,Average
61,Consultant,S3036,12,8,9,15,9,16,15,8,S3036,AVG,POOR,POOR,BEST,POOR,BEST,BEST,POOR,Interpersonal,11.5,1.88,Average
61,Consultant,S3037,11,8,9,20,9,15,20,8,S3037,AVG,POOR,POOR,BEST,POOR,BEST,BEST,POOR,Logical_Mathematical,12.5,1.88,Average
61,Consultant,S3038,13,8,9,19,9,17,19,8,S3038,AVG,POOR,POOR,BEST,POOR,BEST,BEST,POOR,Logical_Mathematical,12.75,1.88,Average
61,Consultant,S3039,14,8,6,18,9,18,18,8,S3039,AVG,POOR,POOR,BEST,POOR,BEST,BEST,POOR,Logical_Mathematical,12.38,1.88,Average
61,Consultant,S3040,11,8,5,17,9,20,17,8,S3040,AVG,POOR,POOR,BEST,POOR,BEST,BEST,POOR,Interpersonal,11.88,1.88,Average
61,Consultant,S3041,12,8,9,15,9,16,16,8,S3041,AVG,POOR,POOR,BEST,POOR,BEST,BEST,POOR,Interpersonal,11.62,1.88,Average
61,Consultant,S3042,11,8,7,16,9,15,15,8,S3042,AVG,POOR,POOR,BEST,POOR,BEST,BEST,POOR,Logical_Mathematical,11.12,1.88,Average
61,Consultant,S3043,13,8,8,15,10,17,20,8,S3043,AVG,POOR,POOR,BEST,POOR,BEST,BEST,POOR,Intrapersonal,12.38,1.88,Average
61,Consultant,S3044,14,9,7,20,8,18,19,9,S3044,AVG,POOR,POOR,BEST,POOR,BEST,BEST,POOR,Logical_Mathematical,13.0,1.88,Average
61,Consultant,S3045,11,9,6,19,7,20,18,9,S3045,AVG,POOR,POOR,BEST,POOR,BEST,BEST,POOR,Interpersonal,12.38,1.88,Average
61,Consultant,S3046,12,9,5,18,6,16,17,9,S3046,AVG,POOR,POOR,BEST,POOR,BEST,BEST,POOR,Logical_Mathematical,11.5,1.88,Average
61,Consultant,S3047,11,9,9,17,5,15,16,9,S3047,AVG,POOR,POOR,BEST,POOR,BEST,BEST,POOR,Logical_Mathematical,11.38,1.88,Average
61,Consultant,S3048,13,9,8,15,10,17,15,9,S3048,AVG,POOR,POOR,BEST,POOR,BEST,BEST,POOR,Interpersonal,12.0,1.88,Average
61,Consultant,S3049,14,9,7,16,9,18,17,9,S3049,AVG,POOR,POOR,BEST,POOR,BEST,BEST,POOR,Interpersonal,12.38,1.88,Average
61,Consultant,S3050,11,9,5,15,7,20,15,9,S3050,AVG,POOR,POOR,BEST,POOR,BEST,BEST,POOR,Interpersonal,11.38,1.88,Average
62,Archeologist,S3051,11,5,12,11,12,5,18,20,S3051,AVG,POOR,AVG,AVG,AVG,POOR,BEST,BEST,Naturalist,11.75,2.0,Good
62,Archeologist,S3052,12,6,12,12,12,6,19,20,S3052,AVG,POOR,AVG,AVG,AVG,POOR,BEST,BEST,Naturalist,12.38,2.0,Good
62,Archeologist,S3053,13,7,13,13,12,7,20,20,S3053,AVG,POOR,AVG,AVG,AVG,POOR,BEST,BEST,Intrapersonal,13.12,2.0,Good
62,Archeologist,S3054,14,5,13,14,12,8,17,15,S3054,AVG,POOR,AVG,AVG,AVG,POOR,BEST,BEST,Intrapersonal,12.25,2.0,Good
62,Archeologist,S3055,11,6,14,11,12,9,16,18,S3055,AVG,POOR,AVG,AVG,AVG,POOR,BEST,BEST,Naturalist,12.12,2.0,Good
62,Archeologist,S3056,12,7,14,11,12,10,15,19,S3056,AVG,POOR,AVG,AVG,AVG,POOR,BEST,BEST,Naturalist,12.5,2.0,Good
62,Archeologist,S3057,13,5,11,12,12,9,18,20,S3057,AVG,POOR,AVG,AVG,AVG,POOR,BEST,BEST,Naturalist,12.5,2.0,Good
62,Archeologist,S3058,14,6,11,12,12,8,19,17,S3058,AVG,POOR,AVG,AVG,AVG,POOR,BEST,BEST,Intrapersonal,12.38,2.0,Good
62,Archeologist,S3059,11,7,12,14,12,7,20,20,S3059,AVG,POOR,AVG,AVG,AVG,POOR,BEST,BEST,Intrapersonal,12.88,2.0,Good
62,Archeologist,S3060,12,8,12,11,12,6,17,15,S3060,AVG,POOR,AVG,AVG,AVG,POOR,BEST,BEST,Intrapersonal,11.62,2.0,Good
62,Archeologist,S3061,13,9,13,12,12,5,16,18,S3061,AVG,POOR,AVG,AVG,AVG,POOR,BEST,BEST,Naturalist,12.25,2.0,Good
62,Archeologist,S3062,14,10,13,11,12,5,15,19,S3062,AVG,POOR,AVG,AVG,AVG,POOR,BEST,BEST,Naturalist,12.38,2.0,Good
62,Archeologist,S3063,11,8,14,14,12,6,18,20,S3063,AVG,POOR,AVG,AVG,AVG,POOR,BEST,BEST,Naturalist,12.88,2.0,Good
62,Archeologist,S3064,12,9,14,11,12,7,19,17,S3064,AVG,POOR,AVG,AVG,AVG,POOR,BEST,BEST,Intrapersonal,12.62,2.0,Good
62,Archeologist,S3065,13,10,11,12,12,8,20,20,S3065,AVG,POOR,AVG,AVG,AVG,POOR,BEST,BEST,Intrapersonal,13.25,2.0,Good
62,Archeologist,S3066,14,8,11,11,12,9,17,15,S3066,AVG,POOR,AVG,AVG,AVG,POOR,BEST,BEST,Intrapersonal,12.12,2.0,Good
62,Archeologist,S3067,11,9,12,14,12,10,16,18,S3067,AVG,POOR,AVG,AVG,AVG,POOR,BEST,BEST,Naturalist,12.75,2.0,Good
62,Archeologist,S3068,12,10,12,11,12,9,15,19,S3068,AVG,POOR,AVG,AVG,AVG,POOR,BEST,BEST,Naturalist,12.5,2.0,Good
62,Archeologist,S3069,13,8,13,12,14,8,20,20,S3069,AVG,POOR,AVG,AVG,AVG,POOR,BEST,BEST,Intrapersonal,13.5,2.0,Good
62,Archeologist,S3070,14,9,13,11,14,7,15,17,S3070,AVG,POOR,AVG,AVG,AVG,POOR,BEST,BEST,Naturalist,12.5,2.0,Good
62,Archeologist,S3071,11,10,14,11,14,6,18,19,S3071,AVG,POOR,AVG,AVG,AVG,POOR,BEST,BEST,Naturalist,12.88,2.0,Good
62,Archeologist,S3072,12,6,14,11,14,5,19,15,S3072,AVG,POOR,AVG,AVG,AVG,POOR,BEST,BEST,Intrapersonal,12.0,2.0,Good
62,Archeologist,S3073,13,5,11,14,14,5,20,18,S3073,AVG,POOR,AVG,AVG,AVG,POOR,BEST,BEST,Intrapersonal,12.5,2.0,Good
62,Archeologist,S3074,14,5,11,11,14,6,17,19,S3074,AVG,POOR,AVG,AVG,AVG,POOR,BEST,BEST,Naturalist,12.12,2.0,Good
62,Archeologist,S3075,11,6,12,12,14,7,20,20,S3075,AVG,POOR,AVG,AVG,AVG,POOR,BEST,BEST,Intrapersonal,12.75,2.0,Good
62,Archeologist,S3076,12,7,12,12,14,8,15,17,S3076,AVG,POOR,AVG,AVG,AVG,POOR,BEST,BEST,Naturalist,12.12,2.0,Good
62,Archeologist,S3077,13,8,13,12,14,9,18,19,S3077,AVG,POOR,AVG,AVG,AVG,POOR,BEST,BEST,Naturalist,13.25,2.0,Good
62,Archeologist,S3078,14,6,13,12,14,10,19,15,S3078,AVG,POOR,AVG,AVG,AVG,POOR,BEST,BEST,Intrapersonal,12.88,2.0,Good
62,Archeologist,S3079,11,6,14,14,14,9,20,18,S3079,AVG,POOR,AVG,AVG,AVG,POOR,BEST,BEST,Intrapersonal,13.25,2.0,Good
62,Archeologist,S3080,12,6,14,11,14,8,17,19,S3080,AVG,POOR,AVG,AVG,AVG,POOR,BEST,BEST,Naturalist,12.62,2.0,Good
62,Archeologist,S3081,13,5,11,12,14,7,20,20,S3081,AVG,POOR,AVG,AVG,AVG,POOR,BEST,BEST,Intrapersonal,12.75,2.0,Good
62,Archeologist,S3082,14,5,11,12,11,6,15,17,S3082,AVG,POOR,AVG,AVG,AVG,POOR,BEST,BEST,Naturalist,11.38,2.0,Good
62,Archeologist,S3083,11,6,12,12,11,5,18,19,S3083,AVG,POOR,AVG,AVG,AVG,POOR,BEST,BEST,Naturalist,11.75,2.0,Good
62,Archeologist,S3084,12,7,12,12,11,5,19,15,S3084,AVG,POOR,AVG,AVG,AVG,POOR,BEST,BEST,Intrapersonal,11.62,2.0,Good
62,Archeologist,S3085,13,8,13,12,11,6,20,18,S3085,AVG,POOR,AVG,AVG,AVG,POOR,BEST,BEST,Intrapersonal,12.62,2.0,Good
62,Archeologist,S3086,14,8,13,12,11,7,17,19,S3086,AVG,POOR,AVG,AVG,AVG,POOR,BEST,BEST,Naturalist,12.62,2.0,Good
62,Archeologist,S3087,11,6,14,12,11,8,19,20,S3087,AVG,POOR,AVG,AVG,AVG,POOR,BEST,BEST,Naturalist,12.62,2.0,Good
62,Archeologist,S3088,12,5,14,12,11,9,15,17,S3088,AVG,POOR,AVG,AVG,AVG,POOR,BEST,BEST,Naturalist,11.88,2.0,Good
62,Archeologist,S3089,13,5,11,13,11,10,18,15,S3089,AVG,POOR,AVG,AVG,AVG,POOR,BEST,BEST,Intrapersonal,12.0,2.0,Good
62,Archeologist,S3090,14,6,11,13,11,9,19,15,S3090,AVG,POOR,AVG,AVG,AVG,POOR,BEST,BEST,Intrapersonal,12.25,2.0,Good
62,Archeologist,S3091,11,7,12,13,11,8,20,15,S3091,AVG,POOR,AVG,AVG,AVG,POOR,BEST,BEST,Intrapersonal,12.12,2.0,Good
62,Archeologist,S3092,12,8,12,13,11,7,17,18,S3092,AVG,POOR,AVG,AVG,AVG,POOR,BEST,BEST,Naturalist,12.25,2.0,Good
62,Archeologist,S3093,13,8,13,13,11,6,15,19,S3093,AVG,POOR,AVG,AVG,AVG,POOR,BEST,BEST,Naturalist,12.25,2.0,Good
62,Archeologist,S3094,14,9,13,13,11,5,18,20,S3094,AVG,POOR,AVG,AVG,AVG,POOR,BEST,BEST,Naturalist,12.88,2.0,Good
62,Archeologist,S3095,11,6,14,13,11,10,19,17,S3095,AVG,POOR,AVG,AVG,AVG,POOR,BEST,BEST,Intrapersonal,12.62,2.0,Good
62,Archeologist,S3096,12,5,14,13,11,9,20,15,S3096,AVG,POOR,AVG,AVG,AVG,POOR,BEST,BEST,Intrapersonal,12.38,2.0,Good
62,Archeologist,S3097,13,5,11,13,11,8,17,18,S3097,AVG,POOR,AVG,AVG,AVG,POOR,BEST,BEST,Naturalist,12.0,2.0,Good
62,Archeologist,S3098,14,6,11,13,11,7,19,19,S3098,AVG,POOR,AVG,AVG,AVG,POOR,BEST,BEST,Intrapersonal,12.5,2.0,Good
62,Archeologist,S3099,11,7,11,13,11,6,18,20,S3099,AVG,POOR,AVG,AVG,AVG,POOR,BEST,BEST,Naturalist,12.12,2.0,Good
62,Archeologist,S3100,12,8,11,13,11,5,16,17,S3100,AVG,POOR,AVG,AVG,AVG,POOR,BEST,BEST,Naturalist,11.62,2.0,Good
63,Pre Primary Teacher (2020 NEP and Mental Health),S3101,15,12,18,11,12,20,5,5,S3101,BEST,AVG,BEST,AVG,AVG,BEST,POOR,POOR,Interpersonal,12.25,2.12,Good
63,Pre Primary Teacher (2020 NEP and Mental Health),S3102,18,13,19,12,12,20,6,6,S3102,BEST,AVG,BEST,AVG,AVG,BEST,POOR,POOR,Interpersonal,13.25,2.12,Good
63,Pre Primary Teacher (2020 NEP and Mental Health),S3103,19,14,20,13,12,20,7,7,S3103,BEST,AVG,BEST,AVG,AVG,BEST,POOR,POOR,Bodily,14.0,2.12,Good
63,Pre Primary Teacher (2020 NEP and Mental Health),S3104,20,11,17,14,12,20,5,5,S3104,BEST,AVG,BEST,AVG,AVG,BEST,POOR,POOR,Linguistic,13.0,2.12,Good
63,Pre Primary Teacher (2020 NEP and Mental Health),S3105,17,12,16,13,12,20,6,6,S3105,BEST,AVG,BEST,AVG,AVG,BEST,POOR,POOR,Interpersonal,12.75,2.12,Good
63,Pre Primary Teacher (2020 NEP and Mental Health),S3106,20,13,15,12,12,20,8,7,S3106,BEST,AVG,BEST,AVG,AVG,BEST,POOR,POOR,Linguistic,13.38,2.12,Good
63,Pre Primary Teacher (2020 NEP and Mental Health),S3107,15,14,18,11,12,20,9,5,S3107,BEST,AVG,BEST,AVG,AVG,BEST,POOR,POOR,Interpersonal,13.0,2.12,Good
63,Pre Primary Teacher (2020 NEP and Mental Health),S3108,18,11,19,11,12,20,10,6,S3108,BEST,AVG,BEST,AVG,AVG,BEST,POOR,POOR,Interpersonal,13.38,2.12,Good
63,Pre Primary Teacher (2020 NEP and Mental Health),S3109,19,12,20,12,12,20,8,7,S3109,BEST,AVG,BEST,AVG,AVG,BEST,POOR,POOR,Bodily,13.75,2.12,Good
63,Pre Primary Teacher (2020 NEP and Mental Health),S3110,20,13,17,13,12,20,9,8,S3110,BEST,AVG,BEST,AVG,AVG,BEST,POOR,POOR,Linguistic,14.0,2.12,Good
63,Pre Primary Teacher (2020 NEP and Mental Health),S3111,17,14,16,14,12,20,10,9,S3111,BEST,AVG,BEST,AVG,AVG,BEST,POOR,POOR,Interpersonal,14.0,2.12,Good
63,Pre Primary Teacher (2020 NEP and Mental Health),S3112,15,11,15,13,12,20,8,10,S3112,BEST,AVG,BEST,AVG,AVG,BEST,POOR,POOR,Interpersonal,13.0,2.12,Good
63,Pre Primary Teacher (2020 NEP and Mental Health),S3113,18,12,18,12,12,20,9,8,S3113,BEST,AVG,BEST,AVG,AVG,BEST,POOR,POOR,Interpersonal,13.62,2.12,Good
63,Pre Primary Teacher (2020 NEP and Mental Health),S3114,19,13,19,11,12,20,10,9,S3114,BEST,AVG,BEST,AVG,AVG,BEST,POOR,POOR,Interpersonal,14.12,2.12,Good
63,Pre Primary Teacher (2020 NEP and Mental Health),S3115,20,14,20,11,12,20,8,10,S3115,BEST,AVG,BEST,AVG,AVG,BEST,POOR,POOR,Linguistic,14.38,2.12,Good
63,Pre Primary Teacher (2020 NEP and Mental Health),S3116,17,11,17,12,12,20,9,8,S3116,BEST,AVG,BEST,AVG,AVG,BEST,POOR,POOR,Interpersonal,13.25,2.12,Good
63,Pre Primary Teacher (2020 NEP and Mental Health),S3117,19,12,16,13,12,19,10,9,S3117,BEST,AVG,BEST,AVG,AVG,BEST,POOR,POOR,Linguistic,13.75,2.12,Good
63,Pre Primary Teacher (2020 NEP and Mental Health),S3118,19,13,15,14,12,19,8,10,S3118,BEST,AVG,BEST,AVG,AVG,BEST,POOR,POOR,Linguistic,13.75,2.12,Good
63,Pre Primary Teacher (2020 NEP and Mental Health),S3119,19,14,20,13,14,19,9,8,S3119,BEST,AVG,BEST,AVG,AVG,BEST,POOR,POOR,Bodily,14.5,2.12,Good
63,Pre Primary Teacher (2020 NEP and Mental Health),S3120,15,11,19,12,14,19,10,9,S3120,BEST,AVG,BEST,AVG,AVG,BEST,POOR,POOR,Bodily,13.62,2.12,Good
63,Pre Primary Teacher (2020 NEP and Mental Health),S3121,18,12,15,11,14,19,8,10,S3121,BEST,AVG,BEST,AVG,AVG,BEST,POOR,POOR,Interpersonal,13.38,2.12,Good
63,Pre Primary Teacher (2020 NEP and Mental Health),S3122,19,13,18,11,14,19,9,6,S3122,BEST,AVG,BEST,AVG,AVG,BEST,POOR,POOR,Linguistic,13.62,2.12,Good
63,Pre Primary Teacher (2020 NEP and Mental Health),S3123,20,14,19,12,14,19,10,6,S3123,BEST,AVG,BEST,AVG,AVG,BEST,POOR,POOR,Linguistic,14.25,2.12,Good
63,Pre Primary Teacher (2020 NEP and Mental Health),S3124,17,11,20,13,14,19,6,7,S3124,BEST,AVG,BEST,AVG,AVG,BEST,POOR,POOR,Bodily,13.38,2.12,Good
63,Pre Primary Teacher (2020 NEP and Mental Health),S3125,19,12,20,14,14,19,8,5,S3125,BEST,AVG,BEST,AVG,AVG,BEST,POOR,POOR,Bodily,13.88,2.12,Good
63,Pre Primary Teacher (2020 NEP and Mental Health),S3126,15,13,20,13,14,19,9,6,S3126,BEST,AVG,BEST,AVG,AVG,BEST,POOR,POOR,Bodily,13.62,2.12,Good
63,Pre Primary Teacher (2020 NEP and Mental Health),S3127,18,14,19,12,14,19,10,8,S3127,BEST,AVG,BEST,AVG,AVG,BEST,POOR,POOR,Bodily,14.25,2.12,Good
63,Pre Primary Teacher (2020 NEP and Mental Health),S3128,19,11,15,11,14,19,8,6,S3128,BEST,AVG,BEST,AVG,AVG,BEST,POOR,POOR,Linguistic,12.88,2.12,Good
63,Pre Primary Teacher (2020 NEP and Mental Health),S3129,20,12,18,11,14,19,9,5,S3129,BEST,AVG,BEST,AVG,AVG,BEST,POOR,POOR,Linguistic,13.5,2.12,Good
63,Pre Primary Teacher (2020 NEP and Mental Health),S3130,17,13,19,12,14,19,10,7,S3130,BEST,AVG,BEST,AVG,AVG,BEST,POOR,POOR,Bodily,13.88,2.12,Good
63,Pre Primary Teacher (2020 NEP and Mental Health),S3131,19,14,20,13,14,19,6,5,S3131,BEST,AVG,BEST,AVG,AVG,BEST,POOR,POOR,Bodily,13.75,2.12,Good
63,Pre Primary Teacher (2020 NEP and Mental Health),S3132,15,11,19,14,11,19,8,6,S3132,BEST,AVG,BEST,AVG,AVG,BEST,POOR,POOR,Bodily,12.88,2.12,Good
63,Pre Primary Teacher (2020 NEP and Mental Health),S3133,18,12,20,13,12,19,9,8,S3133,BEST,AVG,BEST,AVG,AVG,BEST,POOR,POOR,Bodily,13.88,2.12,Good
63,Pre Primary Teacher (2020 NEP and Mental Health),S3134,19,13,20,12,11,19,10,7,S3134,BEST,AVG,BEST,AVG,AVG,BEST,POOR,POOR,Bodily,13.88,2.12,Good
63,Pre Primary Teacher (2020 NEP and Mental Health),S3135,20,14,19,11,12,15,8,7,S3135,BEST,AVG,BEST,AVG,AVG,BEST,POOR,POOR,Linguistic,13.25,2.12,Good
63,Pre Primary Teacher (2020 NEP and Mental Health),S3136,17,11,19,11,11,15,9,5,S3136,BEST,AVG,BEST,AVG,AVG,BEST,POOR,POOR,Bodily,12.25,2.12,Good
63,Pre Primary Teacher (2020 NEP and Mental Health),S3137,15,12,19,12,13,15,10,6,S3137,BEST,AVG,BEST,AVG,AVG,BEST,POOR,POOR,Bodily,12.75,2.12,Good
63,Pre Primary Teacher (2020 NEP and Mental Health),S3138,15,13,19,13,11,15,9,8,S3138,BEST,AVG,BEST,AVG,AVG,BEST,POOR,POOR,Bodily,12.88,2.12,Good
63,Pre Primary Teacher (2020 NEP and Mental Health),S3139,15,14,19,14,11,15,9,7,S3139,BEST,AVG,BEST,AVG,AVG,BEST,POOR,POOR,Bodily,13.0,2.12,Good
63,Pre Primary Teacher (2020 NEP and Mental Health),S3140,15,11,15,13,14,15,9,5,S3140,BEST,AVG,BEST,AVG,AVG,BEST,POOR,POOR,Linguistic,12.12,2.12,Good
63,Pre Primary Teacher (2020 NEP and Mental Health),S3141,18,12,18,12,11,15,9,6,S3141,BEST,AVG,BEST,AVG,AVG,BEST,POOR,POOR,Linguistic,12.62,2.12,Good
63,Pre Primary Teacher (2020 NEP and Mental Health),S3142,19,13,18,11,11,15,9,8,S3142,BEST,AVG,BEST,AVG,AVG,BEST,POOR,POOR,Linguistic,13.0,2.12,Good
63,Pre Primary Teacher (2020 NEP and Mental Health),S3143,20,14,19,11,11,15,7,8,S3143,BEST,AVG,BEST,AVG,AVG,BEST,POOR,POOR,Linguistic,13.12,2.12,Good
63,Pre Primary Teacher (2020 NEP and Mental Health),S3144,17,11,19,12,13,15,5,9,S3144,BEST,AVG,BEST,AVG,AVG,BEST,POOR,POOR,Bodily,12.62,2.12,Good
63,Pre Primary Teacher (2020 NEP and Mental Health),S3145,15,12,19,13,11,15,6,7,S3145,BEST,AVG,BEST,AVG,AVG,BEST,POOR,POOR,Bodily,12.25,2.12,Good
63,Pre Primary Teacher (2020 NEP and Mental Health),S3146,18,13,15,14,11,15,7,5,S3146,BEST,AVG,BEST,AVG,AVG,BEST,POOR,POOR,Linguistic,12.25,2.12,Good
63,Pre Primary Teacher (2020 NEP and Mental Health),S3147,19,14,18,13,11,15,5,6,S3147,BEST,AVG,BEST,AVG,AVG,BEST,POOR,POOR,Linguistic,12.62,2.12,Good
63,Pre Primary Teacher (2020 NEP and Mental Health),S3148,20,11,19,12,11,15,6,8,S3148,BEST,AVG,BEST,AVG,AVG,BEST,POOR,POOR,Linguistic,12.75,2.12,Good
63,Pre Primary Teacher (2020 NEP and Mental Health),S3149,17,12,19,11,11,15,8,9,S3149,BEST,AVG,BEST,AVG,AVG,BEST,POOR,POOR,Bodily,12.75,2.12,Good
63,Pre Primary Teacher (2020 NEP and Mental Health),S3150,15,11,16,12,11,15,9,6,S3150,BEST,AVG,BEST,AVG,AVG,BEST,POOR,POOR,Bodily,11.88,2.12,Good
64,Primary Teacher,S3151,20,19,15,12,5,11,12,6,S3151,BEST,BEST,BEST,AVG,POOR,AVG,AVG,POOR,Linguistic,12.5,2.12,Good
64,Primary Teacher,S3152,19,19,16,11,6,11,12,7,S3152,BEST,BEST,BEST,AVG,POOR,AVG,AVG,POOR,Linguistic,12.62,2.12,Good
64,Primary Teacher,S3153,18,19,17,13,7,11,12,5,S3153,BEST,BEST,BEST,AVG,POOR,AVG,AVG,POOR,Musical,12.75,2.12,Good
64,Primary Teacher,S3154,17,19,18,14,5,11,12,6,S3154,BEST,BEST,BEST,AVG,POOR,AVG,AVG,POOR,Musical,12.75,2.12,Good
64,Primary Teacher,S3155,16,19,20,12,6,11,12,6,S3155,BEST,BEST,BEST,AVG,POOR,AVG,AVG,POOR,Bodily,12.75,2.12,Good
64,Primary Teacher,S3156,15,19,19,12,7,11,12,7,S3156,BEST,BEST,BEST,AVG,POOR,AVG,AVG,POOR,Musical,12.75,2.12,Good
64,Primary Teacher,S3157,19,19,16,12,5,11,12,5,S3157,BEST,BEST,BEST,AVG,POOR,AVG,AVG,POOR,Linguistic,12.38,2.12,Good
64,Primary Teacher,S3158,18,19,17,12,6,11,12,6,S3158,BEST,BEST,BEST,AVG,POOR,AVG,AVG,POOR,Musical,12.62,2.12,Good
64,Primary Teacher,S3159,17,19,18,12,7,11,12,6,S3159,BEST,BEST,BEST,AVG,POOR,AVG,AVG,POOR,Musical,12.75,2.12,Good
64,Primary Teacher,S3160,16,19,19,12,8,11,12,7,S3160,BEST,BEST,BEST,AVG,POOR,AVG,AVG,POOR,Musical,13.0,2.12,Good
64,Primary Teacher,S3161,20,19,15,12,9,11,12,5,S3161,BEST,BEST,BEST,AVG,POOR,AVG,AVG,POOR,Linguistic,12.88,2.12,Good
64,Primary Teacher,S3162,19,19,16,12,10,11,12,6,S3162,BEST,BEST,BEST,AVG,POOR,AVG,AVG,POOR,Linguistic,13.12,2.12,Good
64,Primary Teacher,S3163,18,19,17,12,8,11,12,7,S3163,BEST,BEST,BEST,AVG,POOR,AVG,AVG,POOR,Musical,13.0,2.12,Good
64,Primary Teacher,S3164,17,19,18,12,9,11,12,6,S3164,BEST,BEST,BEST,AVG,POOR,AVG,AVG,POOR,Musical,13.0,2.12,Good
64,Primary Teacher,S3165,16,19,20,12,10,11,12,7,S3165,BEST,BEST,BEST,AVG,POOR,AVG,AVG,POOR,Bodily,13.38,2.12,Good
64,Primary Teacher,S3166,15,19,19,12,8,11,12,5,S3166,BEST,BEST,BEST,AVG,POOR,AVG,AVG,POOR,Musical,12.62,2.12,Good
64,Primary Teacher,S3167,19,19,16,12,9,11,12,6,S3167,BEST,BEST,BEST,AVG,POOR,AVG,AVG,POOR,Linguistic,13.0,2.12,Good
64,Primary Teacher,S3168,18,19,17,12,10,11,12,6,S3168,BEST,BEST,BEST,AVG,POOR,AVG,AVG,POOR,Musical,13.12,2.12,Good
64,Primary Teacher,S3169,17,19,18,14,8,11,14,7,S3169,BEST,BEST,BEST,AVG,POOR,AVG,AVG,POOR,Musical,13.5,2.12,Good
64,Primary Teacher,S3170,16,19,19,14,9,11,14,5,S3170,BEST,BEST,BEST,AVG,POOR,AVG,AVG,POOR,Musical,13.38,2.12,Good
64,Primary Teacher,S3171,20,19,15,14,8,11,14,6,S3171,BEST,BEST,BEST,AVG,POOR,AVG,AVG,POOR,Linguistic,13.38,2.12,Good
64,Primary Teacher,S3172,19,17,16,14,9,11,14,10,S3172,BEST,BEST,BEST,AVG,POOR,AVG,AVG,POOR,Linguistic,13.75,2.12,Good
64,Primary Teacher,S3173,18,16,17,14,6,12,14,8,S3173,BEST,BEST,BEST,AVG,POOR,AVG,AVG,POOR,Linguistic,13.12,2.12,Good
64,Primary Teacher,S3174,17,15,18,14,10,12,14,9,S3174,BEST,BEST,BEST,AVG,POOR,AVG,AVG,POOR,Bodily,13.62,2.12,Good
64,Primary Teacher,S3175,16,20,20,14,8,12,14,6,S3175,BEST,BEST,BEST,AVG,POOR,AVG,AVG,POOR,Musical,13.75,2.12,Good
64,Primary Teacher,S3176,15,19,19,14,9,12,14,10,S3176,BEST,BEST,BEST,AVG,POOR,AVG,AVG,POOR,Musical,14.0,2.12,Good
64,Primary Teacher,S3177,19,19,16,14,6,12,14,8,S3177,BEST,BEST,BEST,AVG,POOR,AVG,AVG,POOR,Linguistic,13.5,2.12,Good
64,Primary Teacher,S3178,18,19,17,14,8,12,14,9,S3178,BEST,BEST,BEST,AVG,POOR,AVG,AVG,POOR,Musical,13.88,2.12,Good
64,Primary Teacher,S3179,17,19,18,14,9,12,14,10,S3179,BEST,BEST,BEST,AVG,POOR,AVG,AVG,POOR,Musical,14.12,2.12,Good
64,Primary Teacher,S3180,16,19,19,14,6,12,14,8,S3180,BEST,BEST,BEST,AVG,POOR,AVG,AVG,POOR,Musical,13.5,2.12,Good
64,Primary Teacher,S3181,20,17,15,14,10,12,14,9,S3181,BEST,BEST,BEST,AVG,POOR,AVG,AVG,POOR,Linguistic,13.88,2.12,Good
64,Primary Teacher,S3182,19,16,16,11,8,12,11,9,S3182,BEST,BEST,BEST,AVG,POOR,AVG,AVG,POOR,Linguistic,12.75,2.12,Good
64,Primary Teacher,S3183,18,15,17,11,9,12,11,10,S3183,BEST,BEST,BEST,AVG,POOR,AVG,AVG,POOR,Linguistic,12.88,2.12,Good
64,Primary Teacher,S3184,17,20,18,11,7,12,11,8,S3184,BEST,BEST,BEST,AVG,POOR,AVG,AVG,POOR,Musical,13.0,2.12,Good
64,Primary Teacher,S3185,16,19,20,11,7,12,11,9,S3185,BEST,BEST,BEST,AVG,POOR,AVG,AVG,POOR,Bodily,13.12,2.12,Good
64,Primary Teacher,S3186,15,19,19,11,8,12,11,10,S3186,BEST,BEST,BEST,AVG,POOR,AVG,AVG,POOR,Musical,13.12,2.12,Good
64,Primary Teacher,S3187,19,19,16,11,9,12,11,8,S3187,BEST,BEST,BEST,AVG,POOR,AVG,AVG,POOR,Linguistic,13.12,2.12,Good
64,Primary Teacher,S3188,18,19,17,11,6,12,11,9,S3188,BEST,BEST,BEST,AVG,POOR,AVG,AVG,POOR,Musical,12.88,2.12,Good
64,Primary Teacher,S3189,17,19,18,11,10,13,11,10,S3189,BEST,BEST,BEST,AVG,POOR,AVG,AVG,POOR,Musical,13.62,2.12,Good
64,Primary Teacher,S3190,16,17,19,11,8,13,11,8,S3190,BEST,BEST,BEST,AVG,POOR,AVG,AVG,POOR,Bodily,12.88,2.12,Good
64,Primary Teacher,S3191,20,16,15,11,9,13,11,9,S3191,BEST,BEST,BEST,AVG,POOR,AVG,AVG,POOR,Linguistic,13.0,2.12,Good
64,Primary Teacher,S3192,19,15,15,11,8,13,11,9,S3192,BEST,BEST,BEST,AVG,POOR,AVG,AVG,POOR,Linguistic,12.62,2.12,Good
64,Primary Teacher,S3193,18,20,16,11,8,13,11,8,S3193,BEST,BEST,BEST,AVG,POOR,AVG,AVG,POOR,Musical,13.12,2.12,Good
64,Primary Teacher,S3194,17,20,17,11,9,13,11,9,S3194,BEST,BEST,BEST,AVG,POOR,AVG,AVG,POOR,Musical,13.38,2.12,Good
64,Primary Teacher,S3195,16,20,18,11,6,13,11,6,S3195,BEST,BEST,BEST,AVG,POOR,AVG,AVG,POOR,Musical,12.62,2.12,Good
64,Primary Teacher,S3196,15,20,20,11,10,13,11,10,S3196,BEST,BEST,BEST,AVG,POOR,AVG,AVG,POOR,Musical,13.75,2.12,Good
64,Primary Teacher,S3197,19,20,19,11,8,13,11,8,S3197,BEST,BEST,BEST,AVG,POOR,AVG,AVG,POOR,Musical,13.62,2.12,Good
64,Primary Teacher,S3198,18,20,16,11,9,13,11,9,S3198,BEST,BEST,BEST,AVG,POOR,AVG,AVG,POOR,Musical,13.38,2.12,Good
64,Primary Teacher,S3199,17,20,17,11,7,13,11,10,S3199,BEST,BEST,BEST,AVG,POOR,AVG,AVG,POOR,Musical,13.25,2.12,Good
64,Primary Teacher,S3200,16,20,18,11,8,13,11,7,S3200,BEST,BEST,BEST,AVG,POOR,AVG,AVG,POOR,Musical,13.0,2.12,Good
65,"Middle, Higher School Teacher and Professors",S3201,12,14,11,17,7,15,20,5,S3201,AVG,AVG,AVG,BEST,POOR,BEST,BEST,POOR,Intrapersonal,12.62,2.12,Good
65,"Middle, Higher School Teacher and Professors",S3202,13,11,12,16,6,16,19,6,S3202,AVG,AVG,AVG,BEST,POOR,BEST,BEST,POOR,Intrapersonal,12.38,2.12,Good
65,"Middle, Higher School Teacher and Professors",S3203,14,13,13,20,5,17,18,7,S3203,AVG,AVG,AVG,BEST,POOR,BEST,BEST,POOR,Logical_Mathematical,13.38,2.12,Good
65,"Middle, Higher School Teacher and Professors",S3204,11,12,12,19,8,18,17,5,S3204,AVG,AVG,AVG,BEST,POOR,BEST,BEST,POOR,Logical_Mathematical,12.75,2.12,Good
65,"Middle, Higher School Teacher and Professors",S3205,12,13,13,18,9,19,16,6,S3205,AVG,AVG,AVG,BEST,POOR,BEST,BEST,POOR,Interpersonal,13.25,2.12,Good
65,"Middle, Higher School Teacher and Professors",S3206,13,12,14,17,10,20,20,7,S3206,AVG,AVG,AVG,BEST,POOR,BEST,BEST,POOR,Interpersonal,14.12,2.12,Good
65,"Middle, Higher School Teacher and Professors",S3207,12,11,11,16,9,15,15,5,S3207,AVG,AVG,AVG,BEST,POOR,BEST,BEST,POOR,Logical_Mathematical,11.75,2.12,Good
65,"Middle, Higher School Teacher and Professors",S3208,13,14,12,15,8,16,16,6,S3208,AVG,AVG,AVG,BEST,POOR,BEST,BEST,POOR,Interpersonal,12.5,2.12,Good
65,"Middle, Higher School Teacher and Professors",S3209,14,11,13,19,6,17,17,7,S3209,AVG,AVG,AVG,BEST,POOR,BEST,BEST,POOR,Logical_Mathematical,13.0,2.12,Good
65,"Middle, Higher School Teacher and Professors",S3210,11,13,12,18,7,18,18,8,S3210,AVG,AVG,AVG,BEST,POOR,BEST,BEST,POOR,Logical_Mathematical,13.12,2.12,Good
65,"Middle, Higher School Teacher and Professors",S3211,12,12,13,17,7,19,19,9,S3211,AVG,AVG,AVG,BEST,POOR,BEST,BEST,POOR,Interpersonal,13.5,2.12,Good
65,"Middle, Higher School Teacher and Professors",S3212,13,13,14,16,6,20,20,10,S3212,AVG,AVG,AVG,BEST,POOR,BEST,BEST,POOR,Interpersonal,14.0,2.12,Good
65,"Middle, Higher School Teacher and Professors",S3213,12,11,11,20,5,15,19,8,S3213,AVG,AVG,AVG,BEST,POOR,BEST,BEST,POOR,Logical_Mathematical,12.62,2.12,Good
65,"Middle, Higher School Teacher and Professors",S3214,13,14,12,19,8,16,18,9,S3214,AVG,AVG,AVG,BEST,POOR,BEST,BEST,POOR,Logical_Mathematical,13.62,2.12,Good
65,"Middle, Higher School Teacher and Professors",S3215,14,11,13,18,9,17,17,10,S3215,AVG,AVG,AVG,BEST,POOR,BEST,BEST,POOR,Logical_Mathematical,13.62,2.12,Good
65,"Middle, Higher School Teacher and Professors",S3216,11,13,12,17,10,18,16,8,S3216,AVG,AVG,AVG,BEST,POOR,BEST,BEST,POOR,Interpersonal,13.12,2.12,Good
65,"Middle, Higher School Teacher and Professors",S3217,12,12,13,16,9,19,20,9,S3217,AVG,AVG,AVG,BEST,POOR,BEST,BEST,POOR,Intrapersonal,13.75,2.12,Good
65,"Middle, Higher School Teacher and Professors",S3218,13,13,14,15,8,20,15,10,S3218,AVG,AVG,AVG,BEST,POOR,BEST,BEST,POOR,Interpersonal,13.5,2.12,Good
65,"Middle, Higher School Teacher and Professors",S3219,12,11,11,19,6,15,16,8,S3219,AVG,AVG,AVG,BEST,POOR,BEST,BEST,POOR,Logical_Mathematical,12.25,2.12,Good
65,"Middle, Higher School Teacher and Professors",S3220,13,14,12,18,7,16,17,9,S3220,AVG,AVG,AVG,BEST,POOR,BEST,BEST,POOR,Logical_Mathematical,13.25,2.12,Good
65,"Middle, Higher School Teacher and Professors",S3221,14,11,13,17,7,17,18,10,S3221,AVG,AVG,AVG,BEST,POOR,BEST,BEST,POOR,Intrapersonal,13.38,2.12,Good
65,"Middle, Higher School Teacher and Professors",S3222,11,13,12,16,6,18,19,8,S3222,AVG,AVG,AVG,BEST,POOR,BEST,BEST,POOR,Intrapersonal,12.88,2.12,Good
65,"Middle, Higher School Teacher and Professors",S3223,12,12,13,20,5,19,20,9,S3223,AVG,AVG,AVG,BEST,POOR,BEST,BEST,POOR,Logical_Mathematical,13.75,2.12,Good
65,"Middle, Higher School Teacher and Professors",S3224,13,13,14,19,8,20,19,10,S3224,AVG,AVG,AVG,BEST,POOR,BEST,BEST,POOR,Interpersonal,14.5,2.12,Good
65,"Middle, Higher School Teacher and Professors",S3225,12,12,11,18,9,15,18,8,S3225,AVG,AVG,AVG,BEST,POOR,BEST,BEST,POOR,Logical_Mathematical,12.88,2.12,Good
65,"Middle, Higher School Teacher and Professors",S3226,13,14,12,17,10,16,17,9,S3226,AVG,AVG,AVG,BEST,POOR,BEST,BEST,POOR,Logical_Mathematical,13.5,2.12,Good
65,"Middle, Higher School Teacher and Professors",S3227,14,11,13,16,9,17,16,6,S3227,AVG,AVG,AVG,BEST,POOR,BEST,BEST,POOR,Interpersonal,12.75,2.12,Good
65,"Middle, Higher School Teacher and Professors",S3228,11,13,12,15,8,18,20,6,S3228,AVG,AVG,AVG,BEST,POOR,BEST,BEST,POOR,Intrapersonal,12.88,2.12,Good
65,"Middle, Higher School Teacher and Professors",S3229,12,12,13,19,6,19,15,10,S3229,AVG,AVG,AVG,BEST,POOR,BEST,BEST,POOR,Logical_Mathematical,13.25,2.12,Good
65,"Middle, Higher School Teacher and Professors",S3230,13,13,14,18,7,20,16,8,S3230,AVG,AVG,AVG,BEST,POOR,BEST,BEST,POOR,Interpersonal,13.62,2.12,Good
65,"Middle, Higher School Teacher and Professors",S3231,12,14,11,17,7,15,17,9,S3231,AVG,AVG,AVG,BEST,POOR,BEST,BEST,POOR,Logical_Mathematical,12.75,2.12,Good
65,"Middle, Higher School Teacher and Professors",S3232,13,11,12,16,6,16,18,10,S3232,AVG,AVG,AVG,BEST,POOR,BEST,BEST,POOR,Intrapersonal,12.75,2.12,Good
65,"Middle, Higher School Teacher and Professors",S3233,14,13,13,20,5,17,19,8,S3233,AVG,AVG,AVG,BEST,POOR,BEST,BEST,POOR,Logical_Mathematical,13.62,2.12,Good
65,"Middle, Higher School Teacher and Professors",S3234,11,12,12,19,8,18,20,9,S3234,AVG,AVG,AVG,BEST,POOR,BEST,BEST,POOR,Intrapersonal,13.62,2.12,Good
65,"Middle, Higher School Teacher and Professors",S3235,12,13,13,18,9,19,19,7,S3235,AVG,AVG,AVG,BEST,POOR,BEST,BEST,POOR,Interpersonal,13.75,2.12,Good
65,"Middle, Higher School Teacher and Professors",S3236,13,12,14,17,10,20,18,10,S3236,AVG,AVG,AVG,BEST,POOR,BEST,BEST,POOR,Interpersonal,14.25,2.12,Good
65,"Middle, Higher School Teacher and Professors",S3237,12,14,11,16,9,15,17,8,S3237,AVG,AVG,AVG,BEST,POOR,BEST,BEST,POOR,Intrapersonal,12.75,2.12,Good
65,"Middle, Higher School Teacher and Professors",S3238,13,11,12,15,8,16,16,9,S3238,AVG,AVG,AVG,BEST,POOR,BEST,BEST,POOR,Interpersonal,12.5,2.12,Good
65,"Middle, Higher School Teacher and Professors",S3239,14,13,13,19,6,17,20,10,S3239,AVG,AVG,AVG,BEST,POOR,BEST,BEST,POOR,Intrapersonal,14.0,2.12,Good
65,"Middle, Higher School Teacher and Professors",S3240,11,12,12,18,7,18,15,8,S3240,AVG,AVG,AVG,BEST,POOR,BEST,BEST,POOR,Logical_Mathematical,12.62,2.12,Good
65,"Middle, Higher School Teacher and Professors",S3241,12,13,13,17,7,19,16,9,S3241,AVG,AVG,AVG,BEST,POOR,BEST,BEST,POOR,Interpersonal,13.25,2.12,Good
65,"Middle, Higher School Teacher and Professors",S3242,13,14,14,16,6,20,20,8,S3242,AVG,AVG,AVG,BEST,POOR,BEST,BEST,POOR,Interpersonal,13.88,2.12,Good
65,"Middle, Higher School Teacher and Professors",S3243,12,11,11,17,5,15,19,10,S3243,AVG,AVG,AVG,BEST,POOR,BEST,BEST,POOR,Intrapersonal,12.5,2.12,Good
65,"Middle, Higher School Teacher and Professors",S3244,13,13,12,16,8,16,18,8,S3244,AVG,AVG,AVG,BEST,POOR,BEST,BEST,POOR,Intrapersonal,13.0,2.12,Good
65,"Middle, Higher School Teacher and Professors",S3245,14,12,13,15,9,17,17,9,S3245,AVG,AVG,AVG,BEST,POOR,BEST,BEST,POOR,Interpersonal,13.25,2.12,Good
65,"Middle, Higher School Teacher and Professors",S3246,11,14,12,19,10,18,16,10,S3246,AVG,AVG,AVG,BEST,POOR,BEST,BEST,POOR,Logical_Mathematical,13.75,2.12,Good
65,"Middle, Higher School Teacher and Professors",S3247,12,11,13,18,9,19,20,8,S3247,AVG,AVG,AVG,BEST,POOR,BEST,BEST,POOR,Intrapersonal,13.75,2.12,Good
65,"Middle, Higher School Teacher and Professors",S3248,13,13,14,17,8,20,15,9,S3248,AVG,AVG,AVG,BEST,POOR,BEST,BEST,POOR,Interpersonal,13.62,2.12,Good
65,"Middle, Higher School Teacher and Professors",S3249,14,12,13,16,6,18,16,7,S3249,AVG,AVG,AVG,BEST,POOR,BEST,BEST,POOR,Interpersonal,12.75,2.12,Good
65,"Middle, Higher School Teacher and Professors",S3250,12,13,14,15,7,19,17,8,S3250,AVG,AVG,AVG,BEST,POOR,BEST,BEST,POOR,Interpersonal,13.12,2.12,Good
66,Data Scientist,S3251,11,5,7,18,15,7,19,12,S3251,AVG,POOR,POOR,BEST,BEST,POOR,BEST,AVG,Intrapersonal,11.75,2.0,Good
66,Data Scientist,S3252,13,6,7,19,16,7,19,13,S3252,AVG,POOR,POOR,BEST,BEST,POOR,BEST,AVG,Logical_Mathematical,12.5,2.0,Good
66,Data Scientist,S3253,14,7,8,20,17,7,20,14,S3253,AVG,POOR,POOR,BEST,BEST,POOR,BEST,AVG,Logical_Mathematical,13.38,2.0,Good
66,Data Scientist,S3254,12,8,9,17,18,7,17,11,S3254,AVG,POOR,POOR,BEST,BEST,POOR,BEST,AVG,Spatial_Visualization,12.38,2.0,Good
66,Data Scientist,S3255,13,9,10,16,19,7,16,12,S3255,AVG,POOR,POOR,BEST,BEST,POOR,BEST,AVG,Spatial_Visualization,12.75,2.0,Good
66,Data Scientist,S3256,11,8,6,15,20,7,15,13,S3256,AVG,POOR,POOR,BEST,BEST,POOR,BEST,AVG,Spatial_Visualization,11.88,2.0,Good
66,Data Scientist,S3257,13,7,7,18,15,7,18,12,S3257,AVG,POOR,POOR,BEST,BEST,POOR,BEST,AVG,Logical_Mathematical,12.12,2.0,Good
66,Data Scientist,S3258,14,6,8,19,16,7,19,13,S3258,AVG,POOR,POOR,BEST,BEST,POOR,BEST,AVG,Logical_Mathematical,12.75,2.0,Good
66,Data Scientist,S3259,12,5,9,20,17,7,20,14,S3259,AVG,POOR,POOR,BEST,BEST,POOR,BEST,AVG,Logical_Mathematical,13.0,2.0,Good
66,Data Scientist,S3260,13,5,7,17,18,7,17,11,S3260,AVG,POOR,POOR,BEST,BEST,POOR,BEST,AVG,Spatial_Visualization,11.88,2.0,Good
66,Data Scientist,S3261,11,6,8,16,19,7,16,12,S3261,AVG,POOR,POOR,BEST,BEST,POOR,BEST,AVG,Spatial_Visualization,11.88,2.0,Good
66,Data Scientist,S3262,13,7,9,15,20,7,15,13,S3262,AVG,POOR,POOR,BEST,BEST,POOR,BEST,AVG,Spatial_Visualization,12.38,2.0,Good
66,Data Scientist,S3263,14,8,10,18,15,7,18,12,S3263,AVG,POOR,POOR,BEST,BEST,POOR,BEST,AVG,Logical_Mathematical,12.75,2.0,Good
66,Data Scientist,S3264,12,9,6,19,16,7,19,13,S3264,AVG,POOR,POOR,BEST,BEST,POOR,BEST,AVG,Logical_Mathematical,12.62,2.0,Good
66,Data Scientist,S3265,13,8,7,20,17,7,20,14,S3265,AVG,POOR,POOR,BEST,BEST,POOR,BEST,AVG,Logical_Mathematical,13.25,2.0,Good
66,Data Scientist,S3266,11,7,8,17,18,7,17,11,S3266,AVG,POOR,POOR,BEST,BEST,POOR,BEST,AVG,Spatial_Visualization,12.0,2.0,Good
66,Data Scientist,S3267,13,6,9,16,19,7,16,12,S3267,AVG,POOR,POOR,BEST,BEST,POOR,BEST,AVG,Spatial_Visualization,12.25,2.0,Good
66,Data Scientist,S3268,14,5,7,15,20,6,15,13,S3268,AVG,POOR,POOR,BEST,BEST,POOR,BEST,AVG,Spatial_Visualization,11.88,2.0,Good
66,Data Scientist,S3269,12,5,8,17,15,6,20,12,S3269,AVG,POOR,POOR,BEST,BEST,POOR,BEST,AVG,Intrapersonal,11.88,2.0,Good
66,Data Scientist,S3270,13,6,9,16,16,6,16,13,S3270,AVG,POOR,POOR,BEST,BEST,POOR,BEST,AVG,Logical_Mathematical,11.88,2.0,Good
66,Data Scientist,S3271,11,7,10,15,17,6,15,14,S3271,AVG,POOR,POOR,BEST,BEST,POOR,BEST,AVG,Spatial_Visualization,11.88,2.0,Good
66,Data Scientist,S3272,13,8,6,18,18,6,19,11,S3272,AVG,POOR,POOR,BEST,BEST,POOR,BEST,AVG,Intrapersonal,12.38,2.0,Good
66,Data Scientist,S3273,14,9,7,19,19,6,17,12,S3273,AVG,POOR,POOR,BEST,BEST,POOR,BEST,AVG,Logical_Mathematical,12.88,2.0,Good
66,Data Scientist,S3274,12,8,8,20,20,6,20,13,S3274,AVG,POOR,POOR,BEST,BEST,POOR,BEST,AVG,Logical_Mathematical,13.38,2.0,Good
66,Data Scientist,S3275,13,7,9,17,15,6,16,12,S3275,AVG,POOR,POOR,BEST,BEST,POOR,BEST,AVG,Logical_Mathematical,11.88,2.0,Good
66,Data Scientist,S3276,11,6,7,16,16,6,15,13,S3276,AVG,POOR,POOR,BEST,BEST,POOR,BEST,AVG,Logical_Mathematical,11.25,2.0,Good
66,Data Scientist,S3277,13,5,8,15,17,6,19,14,S3277,AVG,POOR,POOR,BEST,BEST,POOR,BEST,AVG,Intrapersonal,12.12,2.0,Good
66,Data Scientist,S3278,14,5,9,17,18,6,17,11,S3278,AVG,POOR,POOR,BEST,BEST,POOR,BEST,AVG,Spatial_Visualization,12.12,2.0,Good
66,Data Scientist,S3279,12,6,10,16,19,6,20,12,S3279,AVG,POOR,POOR,BEST,BEST,POOR,BEST,AVG,Intrapersonal,12.62,2.0,Good
66,Data Scientist,S3280,13,7,6,15,20,6,16,13,S3280,AVG,POOR,POOR,BEST,BEST,POOR,BEST,AVG,Spatial_Visualization,12.0,2.0,Good
66,Data Scientist,S3281,11,8,7,18,15,6,15,12,S3281,AVG,POOR,POOR,BEST,BEST,POOR,BEST,AVG,Logical_Mathematical,11.5,2.0,Good
66,Data Scientist,S3282,13,9,8,19,16,9,19,13,S3282,AVG,POOR,POOR,BEST,BEST,POOR,BEST,AVG,Logical_Mathematical,13.25,2.0,Good
66,Data Scientist,S3283,14,8,9,20,17,9,17,14,S3283,AVG,POOR,POOR,BEST,BEST,POOR,BEST,AVG,Logical_Mathematical,13.5,2.0,Good
66,Data Scientist,S3284,12,7,7,17,18,9,16,11,S3284,AVG,POOR,POOR,BEST,BEST,POOR,BEST,AVG,Spatial_Visualization,12.12,2.0,Good
66,Data Scientist,S3285,13,6,8,16,19,9,15,12,S3285,AVG,POOR,POOR,BEST,BEST,POOR,BEST,AVG,Spatial_Visualization,12.25,2.0,Good
66,Data Scientist,S3286,11,5,9,15,20,9,19,13,S3286,AVG,POOR,POOR,BEST,BEST,POOR,BEST,AVG,Spatial_Visualization,12.62,2.0,Good
66,Data Scientist,S3287,13,9,10,19,15,9,17,12,S3287,AVG,POOR,POOR,BEST,BEST,POOR,BEST,AVG,Logical_Mathematical,13.0,2.0,Good
66,Data Scientist,S3288,14,5,6,17,16,9,19,13,S3288,AVG,POOR,POOR,BEST,BEST,POOR,BEST,AVG,Intrapersonal,12.38,2.0,Good
66,Data Scientist,S3289,12,6,7,16,17,9,19,14,S3289,AVG,POOR,POOR,BEST,BEST,POOR,BEST,AVG,Intrapersonal,12.5,2.0,Good
66,Data Scientist,S3290,13,7,8,15,18,9,19,11,S3290,AVG,POOR,POOR,BEST,BEST,POOR,BEST,AVG,Intrapersonal,12.5,2.0,Good
66,Data Scientist,S3291,11,8,9,18,19,9,16,12,S3291,AVG,POOR,POOR,BEST,BEST,POOR,BEST,AVG,Spatial_Visualization,12.75,2.0,Good
66,Data Scientist,S3292,13,9,7,19,20,9,15,13,S3292,AVG,POOR,POOR,BEST,BEST,POOR,BEST,AVG,Spatial_Visualization,13.12,2.0,Good
66,Data Scientist,S3293,14,8,8,20,15,10,19,12,S3293,AVG,POOR,POOR,BEST,BEST,POOR,BEST,AVG,Logical_Mathematical,13.25,2.0,Good
66,Data Scientist,S3294,12,7,9,17,16,10,17,13,S3294,AVG,POOR,POOR,BEST,BEST,POOR,BEST,AVG,Logical_Mathematical,12.62,2.0,Good
66,Data Scientist,S3295,13,6,10,16,17,10,19,14,S3295,AVG,POOR,POOR,BEST,BEST,POOR,BEST,AVG,Intrapersonal,13.12,2.0,Good
66,Data Scientist,S3296,11,8,6,15,18,10,16,11,S3296,AVG,POOR,POOR,BEST,BEST,POOR,BEST,AVG,Spatial_Visualization,11.88,2.0,Good
66,Data Scientist,S3297,13,7,7,16,19,10,15,12,S3297,AVG,POOR,POOR,BEST,BEST,POOR,BEST,AVG,Spatial_Visualization,12.38,2.0,Good
66,Data Scientist,S3298,14,6,8,15,15,10,19,13,S3298,AVG,POOR,POOR,BEST,BEST,POOR,BEST,AVG,Intrapersonal,12.5,2.0,Good
66,Data Scientist,S3299,12,5,9,19,19,10,17,14,S3299,AVG,POOR,POOR,BEST,BEST,POOR,BEST,AVG,Logical_Mathematical,13.12,2.0,Good
66,Data Scientist,S3300,13,10,10,17,20,10,19,12,S3300,AVG,POOR,POOR,BEST,BEST,POOR,BEST,AVG,Spatial_Visualization,13.88,2.0,Good
67,Medical,S3301,11,7,12,13,7,18,12,15,S3301,AVG,POOR,AVG,AVG,POOR,BEST,AVG,BEST,Interpersonal,11.88,2.0,Good
67,Medical,S3302,13,6,12,14,9,19,12,16,S3302,AVG,POOR,AVG,AVG,POOR,BEST,AVG,BEST,Interpersonal,12.62,2.0,Good
67,Medical,S3303,14,5,12,12,8,20,12,17,S3303,AVG,POOR,AVG,AVG,POOR,BEST,AVG,BEST,Interpersonal,12.5,2.0,Good
67,Medical,S3304,12,6,12,13,6,17,12,18,S3304,AVG,POOR,AVG,AVG,POOR,BEST,AVG,BEST,Naturalist,12.0,2.0,Good
67,Medical,S3305,13,7,12,11,5,16,12,19,S3305,AVG,POOR,AVG,AVG,POOR,BEST,AVG,BEST,Naturalist,11.88,2.0,Good
67,Medical,S3306,11,8,12,13,10,15,12,20,S3306,AVG,POOR,AVG,AVG,POOR,BEST,AVG,BEST,Naturalist,12.62,2.0,Good
67,Medical,S3307,13,9,12,14,7,18,12,15,S3307,AVG,POOR,AVG,AVG,POOR,BEST,AVG,BEST,Interpersonal,12.5,2.0,Good
67,Medical,S3308,14,8,12,13,5,19,12,16,S3308,AVG,POOR,AVG,AVG,POOR,BEST,AVG,BEST,Interpersonal,12.38,2.0,Good
67,Medical,S3309,12,7,12,14,8,20,12,17,S3309,AVG,POOR,AVG,AVG,POOR,BEST,AVG,BEST,Interpersonal,12.75,2.0,Good
67,Medical,S3310,13,6,13,12,9,17,13,18,S3310,AVG,POOR,AVG,AVG,POOR,BEST,AVG,BEST,Naturalist,12.62,2.0,Good
67,Medical,S3311,11,8,13,13,5,16,13,19,S3311,AVG,POOR,AVG,AVG,POOR,BEST,AVG,BEST,Naturalist,12.25,2.0,Good
67,Medical,S3312,13,7,13,11,8,15,13,20,S3312,AVG,POOR,AVG,AVG,POOR,BEST,AVG,BEST,Naturalist,12.5,2.0,Good
67,Medical,S3313,14,6,13,13,6,18,13,15,S3313,AVG,POOR,AVG,AVG,POOR,BEST,AVG,BEST,Interpersonal,12.25,2.0,Good
67,Medical,S3314,12,7,13,14,5,19,13,16,S3314,AVG,POOR,AVG,AVG,POOR,BEST,AVG,BEST,Interpersonal,12.38,2.0,Good
67,Medical,S3315,13,5,13,13,10,20,13,17,S3315,AVG,POOR,AVG,AVG,POOR,BEST,AVG,BEST,Interpersonal,13.0,2.0,Good
67,Medical,S3316,11,6,13,14,7,17,13,18,S3316,AVG,POOR,AVG,AVG,POOR,BEST,AVG,BEST,Naturalist,12.38,2.0,Good
67,Medical,S3317,13,7,13,12,5,16,13,19,S3317,AVG,POOR,AVG,AVG,POOR,BEST,AVG,BEST,Naturalist,12.25,2.0,Good
67,Medical,S3318,14,8,13,13,8,15,13,20,S3318,AVG,POOR,AVG,AVG,POOR,BEST,AVG,BEST,Naturalist,13.0,2.0,Good
67,Medical,S3319,12,9,13,11,6,20,13,15,S3319,AVG,POOR,AVG,AVG,POOR,BEST,AVG,BEST,Interpersonal,12.38,2.0,Good
67,Medical,S3320,13,8,14,13,5,20,14,16,S3320,AVG,POOR,AVG,AVG,POOR,BEST,AVG,BEST,Interpersonal,12.88,2.0,Good
67,Medical,S3321,11,7,14,14,10,15,14,17,S3321,AVG,POOR,AVG,AVG,POOR,BEST,AVG,BEST,Naturalist,12.75,2.0,Good
67,Medical,S3322,13,6,14,13,7,16,14,18,S3322,AVG,POOR,AVG,AVG,POOR,BEST,AVG,BEST,Naturalist,12.62,2.0,Good
67,Medical,S3323,12,8,14,14,5,17,14,19,S3323,AVG,POOR,AVG,AVG,POOR,BEST,AVG,BEST,Naturalist,12.88,2.0,Good
67,Medical,S3324,13,7,14,12,6,18,14,20,S3324,AVG,POOR,AVG,AVG,POOR,BEST,AVG,BEST,Naturalist,13.0,2.0,Good
67,Medical,S3325,14,6,14,13,8,19,14,15,S3325,AVG,POOR,AVG,AVG,POOR,BEST,AVG,BEST,Interpersonal,12.88,2.0,Good
67,Medical,S3326,12,6,14,11,6,20,14,16,S3326,AVG,POOR,AVG,AVG,POOR,BEST,AVG,BEST,Interpersonal,12.38,2.0,Good
67,Medical,S3327,13,5,14,13,5,20,14,17,S3327,AVG,POOR,AVG,AVG,POOR,BEST,AVG,BEST,Interpersonal,12.62,2.0,Good
67,Medical,S3328,11,6,14,14,10,15,14,18,S3328,AVG,POOR,AVG,AVG,POOR,BEST,AVG,BEST,Naturalist,12.75,2.0,Good
67,Medical,S3329,13,7,14,13,7,16,14,19,S3329,AVG,POOR,AVG,AVG,POOR,BEST,AVG,BEST,Naturalist,12.88,2.0,Good
67,Medical,S3330,14,8,14,14,5,17,14,20,S3330,AVG,POOR,AVG,AVG,POOR,BEST,AVG,BEST,Naturalist,13.25,2.0,Good
67,Medical,S3331,12,9,14,12,6,18,14,15,S3331,AVG,POOR,AVG,AVG,POOR,BEST,AVG,BEST,Interpersonal,12.5,2.0,Good
67,Medical,S3332,13,8,14,13,9,19,14,16,S3332,AVG,POOR,AVG,AVG,POOR,BEST,AVG,BEST,Interpersonal,13.25,2.0,Good
67,Medical,S3333,11,7,14,11,8,20,14,17,S3333,AVG,POOR,AVG,AVG,POOR,BEST,AVG,BEST,Interpersonal,12.75,2.0,Good
67,Medical,S3334,13,6,14,13,6,20,14,18,S3334,AVG,POOR,AVG,AVG,POOR,BEST,AVG,BEST,Interpersonal,13.0,2.0,Good
67,Medical,S3335,14,8,11,14,5,15,11,19,S3335,AVG,POOR,AVG,AVG,POOR,BEST,AVG,BEST,Naturalist,12.12,2.0,Good
67,Medical,S3336,12,7,11,13,10,16,11,20,S3336,AVG,POOR,AVG,AVG,POOR,BEST,AVG,BEST,Naturalist,12.5,2.0,Good
67,Medical,S3337,13,6,11,14,7,17,11,15,S3337,AVG,POOR,AVG,AVG,POOR,BEST,AVG,BEST,Interpersonal,11.75,2.0,Good
67,Medical,S3338,11,9,11,12,5,18,11,16,S3338,AVG,POOR,AVG,AVG,POOR,BEST,AVG,BEST,Interpersonal,11.62,2.0,Good
67,Medical,S3339,13,5,11,13,9,19,11,17,S3339,AVG,POOR,AVG,AVG,POOR,BEST,AVG,BEST,Interpersonal,12.25,2.0,Good
67,Medical,S3340,14,6,11,11,8,19,11,18,S3340,AVG,POOR,AVG,AVG,POOR,BEST,AVG,BEST,Interpersonal,12.25,2.0,Good
67,Medical,S3341,12,7,11,13,6,19,11,19,S3341,AVG,POOR,AVG,AVG,POOR,BEST,AVG,BEST,Interpersonal,12.25,2.0,Good
67,Medical,S3342,13,8,11,14,5,20,11,20,S3342,AVG,POOR,AVG,AVG,POOR,BEST,AVG,BEST,Interpersonal,12.75,2.0,Good
67,Medical,S3343,11,9,11,13,10,15,11,15,S3343,AVG,POOR,AVG,AVG,POOR,BEST,AVG,BEST,Interpersonal,11.88,2.0,Good
67,Medical,S3344,13,8,11,14,7,16,11,16,S3344,AVG,POOR,AVG,AVG,POOR,BEST,AVG,BEST,Interpersonal,12.0,2.0,Good
67,Medical,S3345,14,7,12,12,8,17,12,17,S3345,AVG,POOR,AVG,AVG,POOR,BEST,AVG,BEST,Interpersonal,12.38,2.0,Good
67,Medical,S3346,12,6,12,13,6,20,12,18,S3346,AVG,POOR,AVG,AVG,POOR,BEST,AVG,BEST,Interpersonal,12.38,2.0,Good
67,Medical,S3347,13,8,12,11,5,15,12,19,S3347,AVG,POOR,AVG,AVG,POOR,BEST,AVG,BEST,Naturalist,11.88,2.0,Good
67,Medical,S3348,11,7,12,13,10,16,12,20,S3348,AVG,POOR,AVG,AVG,POOR,BEST,AVG,BEST,Naturalist,12.62,2.0,Good
67,Medical,S3349,13,6,12,14,7,17,12,19,S3349,AVG,POOR,AVG,AVG,POOR,BEST,AVG,BEST,Naturalist,12.5,2.0,Good
67,Medical,S3350,11,10,12,13,5,18,12,20,S3350,AVG,POOR,AVG,AVG,POOR,BEST,AVG,BEST,Naturalist,12.62,2.0,Good
68,"Para Medical (physiotherapy, occupational theropy, audio and speech language theropy, nursing)",S3351,19,6,20,11,12,19,11,6,S3351,BEST,POOR,BEST,AVG,AVG,BEST,AVG,POOR,Bodily,13.0,2.12,Good
68,"Para Medical (physiotherapy, occupational theropy, audio and speech language theropy, nursing)",S3352,18,9,19,12,11,18,12,5,S3352,BEST,POOR,BEST,AVG,AVG,BEST,AVG,POOR,Bodily,13.0,2.12,Good
68,"Para Medical (physiotherapy, occupational theropy, audio and speech language theropy, nursing)",S3353,17,8,18,12,13,19,12,6,S3353,BEST,POOR,BEST,AVG,AVG,BEST,AVG,POOR,Interpersonal,13.12,2.12,Good
68,"Para Medical (physiotherapy, occupational theropy, audio and speech language theropy, nursing)",S3354,16,6,17,11,14,18,11,9,S3354,BEST,POOR,BEST,AVG,AVG,BEST,AVG,POOR,Interpersonal,12.75,2.12,Good
68,"Para Medical (physiotherapy, occupational theropy, audio and speech language theropy, nursing)",S3355,15,5,16,14,12,17,14,8,S3355,BEST,POOR,BEST,AVG,AVG,BEST,AVG,POOR,Interpersonal,12.62,2.12,Good
68,"Para Medical (physiotherapy, occupational theropy, audio and speech language theropy, nursing)",S3356,20,6,15,13,13,16,13,6,S3356,BEST,POOR,BEST,AVG,AVG,BEST,AVG,POOR,Linguistic,12.75,2.12,Good
68,"Para Medical (physiotherapy, occupational theropy, audio and speech language theropy, nursing)",S3357,19,9,20,11,11,19,11,5,S3357,BEST,POOR,BEST,AVG,AVG,BEST,AVG,POOR,Bodily,13.12,2.12,Good
68,"Para Medical (physiotherapy, occupational theropy, audio and speech language theropy, nursing)",S3358,18,8,19,12,13,18,12,6,S3358,BEST,POOR,BEST,AVG,AVG,BEST,AVG,POOR,Bodily,13.25,2.12,Good
68,"Para Medical (physiotherapy, occupational theropy, audio and speech language theropy, nursing)",S3359,19,6,18,12,14,19,12,9,S3359,BEST,POOR,BEST,AVG,AVG,BEST,AVG,POOR,Linguistic,13.62,2.12,Good
68,"Para Medical (physiotherapy, occupational theropy, audio and speech language theropy, nursing)",S3360,18,5,17,11,12,18,11,8,S3360,BEST,POOR,BEST,AVG,AVG,BEST,AVG,POOR,Linguistic,12.5,2.12,Good
68,"Para Medical (physiotherapy, occupational theropy, audio and speech language theropy, nursing)",S3361,17,6,16,14,13,17,14,6,S3361,BEST,POOR,BEST,AVG,AVG,BEST,AVG,POOR,Linguistic,12.88,2.12,Good
68,"Para Medical (physiotherapy, occupational theropy, audio and speech language theropy, nursing)",S3362,16,9,15,13,11,16,13,5,S3362,BEST,POOR,BEST,AVG,AVG,BEST,AVG,POOR,Linguistic,12.25,2.12,Good
68,"Para Medical (physiotherapy, occupational theropy, audio and speech language theropy, nursing)",S3363,15,8,20,11,13,19,11,6,S3363,BEST,POOR,BEST,AVG,AVG,BEST,AVG,POOR,Bodily,12.88,2.12,Good
68,"Para Medical (physiotherapy, occupational theropy, audio and speech language theropy, nursing)",S3364,20,6,19,12,14,18,12,9,S3364,BEST,POOR,BEST,AVG,AVG,BEST,AVG,POOR,Linguistic,13.75,2.12,Good
68,"Para Medical (physiotherapy, occupational theropy, audio and speech language theropy, nursing)",S3365,19,5,18,12,12,19,12,8,S3365,BEST,POOR,BEST,AVG,AVG,BEST,AVG,POOR,Linguistic,13.12,2.12,Good
68,"Para Medical (physiotherapy, occupational theropy, audio and speech language theropy, nursing)",S3366,18,6,17,11,13,18,11,6,S3366,BEST,POOR,BEST,AVG,AVG,BEST,AVG,POOR,Linguistic,12.5,2.12,Good
68,"Para Medical (physiotherapy, occupational theropy, audio and speech language theropy, nursing)",S3367,19,9,16,14,11,17,14,5,S3367,BEST,POOR,BEST,AVG,AVG,BEST,AVG,POOR,Linguistic,13.12,2.12,Good
68,"Para Medical (physiotherapy, occupational theropy, audio and speech language theropy, nursing)",S3368,18,8,15,13,13,16,13,6,S3368,BEST,POOR,BEST,AVG,AVG,BEST,AVG,POOR,Linguistic,12.75,2.12,Good
68,"Para Medical (physiotherapy, occupational theropy, audio and speech language theropy, nursing)",S3369,17,6,20,11,14,20,11,9,S3369,BEST,POOR,BEST,AVG,AVG,BEST,AVG,POOR,Bodily,13.5,2.12,Good
68,"Para Medical (physiotherapy, occupational theropy, audio and speech language theropy, nursing)",S3370,16,6,19,12,12,19,12,8,S3370,BEST,POOR,BEST,AVG,AVG,BEST,AVG,POOR,Bodily,13.0,2.12,Good
68,"Para Medical (physiotherapy, occupational theropy, audio and speech language theropy, nursing)",S3371,15,9,18,12,13,18,12,6,S3371,BEST,POOR,BEST,AVG,AVG,BEST,AVG,POOR,Bodily,12.88,2.12,Good
68,"Para Medical (physiotherapy, occupational theropy, audio and speech language theropy, nursing)",S3372,20,8,17,11,11,19,11,5,S3372,BEST,POOR,BEST,AVG,AVG,BEST,AVG,POOR,Linguistic,12.75,2.12,Good
68,"Para Medical (physiotherapy, occupational theropy, audio and speech language theropy, nursing)",S3373,19,6,16,14,13,18,14,6,S3373,BEST,POOR,BEST,AVG,AVG,BEST,AVG,POOR,Linguistic,13.25,2.12,Good
68,"Para Medical (physiotherapy, occupational theropy, audio and speech language theropy, nursing)",S3374,18,5,15,13,12,17,13,9,S3374,BEST,POOR,BEST,AVG,AVG,BEST,AVG,POOR,Linguistic,12.75,2.12,Good
68,"Para Medical (physiotherapy, occupational theropy, audio and speech language theropy, nursing)",S3375,19,6,20,11,13,16,11,8,S3375,BEST,POOR,BEST,AVG,AVG,BEST,AVG,POOR,Bodily,13.0,2.12,Good
68,"Para Medical (physiotherapy, occupational theropy, audio and speech language theropy, nursing)",S3376,18,9,19,12,14,19,12,7,S3376,BEST,POOR,BEST,AVG,AVG,BEST,AVG,POOR,Bodily,13.75,2.12,Good
68,"Para Medical (physiotherapy, occupational theropy, audio and speech language theropy, nursing)",S3377,17,8,18,12,12,18,12,6,S3377,BEST,POOR,BEST,AVG,AVG,BEST,AVG,POOR,Bodily,12.88,2.12,Good
68,"Para Medical (physiotherapy, occupational theropy, audio and speech language theropy, nursing)",S3378,16,6,17,11,13,19,11,5,S3378,BEST,POOR,BEST,AVG,AVG,BEST,AVG,POOR,Interpersonal,12.25,2.12,Good
68,"Para Medical (physiotherapy, occupational theropy, audio and speech language theropy, nursing)",S3379,15,5,16,14,11,18,14,6,S3379,BEST,POOR,BEST,AVG,AVG,BEST,AVG,POOR,Interpersonal,12.38,2.12,Good
68,"Para Medical (physiotherapy, occupational theropy, audio and speech language theropy, nursing)",S3380,20,6,15,13,13,17,13,9,S3380,BEST,POOR,BEST,AVG,AVG,BEST,AVG,POOR,Linguistic,13.25,2.12,Good
68,"Para Medical (physiotherapy, occupational theropy, audio and speech language theropy, nursing)",S3381,19,9,20,11,14,16,11,8,S3381,BEST,POOR,BEST,AVG,AVG,BEST,AVG,POOR,Bodily,13.5,2.12,Good
68,"Para Medical (physiotherapy, occupational theropy, audio and speech language theropy, nursing)",S3382,18,8,19,12,12,19,12,9,S3382,BEST,POOR,BEST,AVG,AVG,BEST,AVG,POOR,Bodily,13.62,2.12,Good
68,"Para Medical (physiotherapy, occupational theropy, audio and speech language theropy, nursing)",S3383,19,6,18,12,13,18,12,6,S3383,BEST,POOR,BEST,AVG,AVG,BEST,AVG,POOR,Linguistic,13.0,2.12,Good
68,"Para Medical (physiotherapy, occupational theropy, audio and speech language theropy, nursing)",S3384,18,5,17,11,11,19,11,5,S3384,BEST,POOR,BEST,AVG,AVG,BEST,AVG,POOR,Interpersonal,12.12,2.12,Good
68,"Para Medical (physiotherapy, occupational theropy, audio and speech language theropy, nursing)",S3385,17,6,16,14,13,18,14,6,S3385,BEST,POOR,BEST,AVG,AVG,BEST,AVG,POOR,Interpersonal,13.0,2.12,Good
68,"Para Medical (physiotherapy, occupational theropy, audio and speech language theropy, nursing)",S3386,16,9,15,13,14,17,13,9,S3386,BEST,POOR,BEST,AVG,AVG,BEST,AVG,POOR,Interpersonal,13.25,2.12,Good
68,"Para Medical (physiotherapy, occupational theropy, audio and speech language theropy, nursing)",S3387,15,8,20,11,12,16,11,8,S3387,BEST,POOR,BEST,AVG,AVG,BEST,AVG,POOR,Bodily,12.62,2.12,Good
68,"Para Medical (physiotherapy, occupational theropy, audio and speech language theropy, nursing)",S3388,20,6,19,12,13,19,12,9,S3388,BEST,POOR,BEST,AVG,AVG,BEST,AVG,POOR,Linguistic,13.75,2.12,Good
68,"Para Medical (physiotherapy, occupational theropy, audio and speech language theropy, nursing)",S3389,19,8,18,12,11,18,12,6,S3389,BEST,POOR,BEST,AVG,AVG,BEST,AVG,POOR,Linguistic,13.0,2.12,Good
68,"Para Medical (physiotherapy, occupational theropy, audio and speech language theropy, nursing)",S3390,18,6,17,11,13,19,11,5,S3390,BEST,POOR,BEST,AVG,AVG,BEST,AVG,POOR,Interpersonal,12.5,2.12,Good
68,"Para Medical (physiotherapy, occupational theropy, audio and speech language theropy, nursing)",S3391,19,5,16,14,14,18,14,6,S3391,BEST,POOR,BEST,AVG,AVG,BEST,AVG,POOR,Linguistic,13.25,2.12,Good
68,"Para Medical (physiotherapy, occupational theropy, audio and speech language theropy, nursing)",S3392,18,6,15,13,12,17,13,9,S3392,BEST,POOR,BEST,AVG,AVG,BEST,AVG,POOR,Linguistic,12.88,2.12,Good
68,"Para Medical (physiotherapy, occupational theropy, audio and speech language theropy, nursing)",S3393,17,9,20,11,13,16,11,8,S3393,BEST,POOR,BEST,AVG,AVG,BEST,AVG,POOR,Bodily,13.12,2.12,Good
68,"Para Medical (physiotherapy, occupational theropy, audio and speech language theropy, nursing)",S3394,16,8,19,12,11,19,12,6,S3394,BEST,POOR,BEST,AVG,AVG,BEST,AVG,POOR,Bodily,12.88,2.12,Good
68,"Para Medical (physiotherapy, occupational theropy, audio and speech language theropy, nursing)",S3395,15,6,18,12,13,18,12,5,S3395,BEST,POOR,BEST,AVG,AVG,BEST,AVG,POOR,Bodily,12.38,2.12,Good
68,"Para Medical (physiotherapy, occupational theropy, audio and speech language theropy, nursing)",S3396,20,8,17,11,14,19,11,6,S3396,BEST,POOR,BEST,AVG,AVG,BEST,AVG,POOR,Linguistic,13.25,2.12,Good
68,"Para Medical (physiotherapy, occupational theropy, audio and speech language theropy, nursing)",S3397,19,7,16,14,12,18,14,9,S3397,BEST,POOR,BEST,AVG,AVG,BEST,AVG,POOR,Linguistic,13.62,2.12,Good
68,"Para Medical (physiotherapy, occupational theropy, audio and speech language theropy, nursing)",S3398,16,7,15,13,13,17,13,8,S3398,BEST,POOR,BEST,AVG,AVG,BEST,AVG,POOR,Interpersonal,12.75,2.12,Good
68,"Para Medical (physiotherapy, occupational theropy, audio and speech language theropy, nursing)",S3399,18,7,17,12,11,16,12,5,S3399,BEST,POOR,BEST,AVG,AVG,BEST,AVG,POOR,Linguistic,12.25,2.12,Good
68,"Para Medical (physiotherapy, occupational theropy, audio and speech language theropy, nursing)",S3400,17,7,16,13,13,15,13,6,S3400,BEST,POOR,BEST,AVG,AVG,BEST,AVG,POOR,Linguistic,12.5,2.12,Good
69,Militry,S3401,5,5,20,17,12,19,11,11,S3401,POOR,POOR,BEST,BEST,AVG,BEST,AVG,AVG,Bodily,12.5,2.12,Good
69,Militry,S3402,6,5,19,18,11,17,12,13,S3402,POOR,POOR,BEST,BEST,AVG,BEST,AVG,AVG,Bodily,12.62,2.12,Good
69,Militry,S3403,9,6,18,20,13,18,12,14,S3403,POOR,POOR,BEST,BEST,AVG,BEST,AVG,AVG,Logical_Mathematical,13.75,2.12,Good
69,Militry,S3404,8,9,17,19,14,20,11,11,S3404,POOR,POOR,BEST,BEST,AVG,BEST,AVG,AVG,Interpersonal,13.62,2.12,Good
69,Militry,S3405,5,8,16,18,11,17,14,12,S3405,POOR,POOR,BEST,BEST,AVG,BEST,AVG,AVG,Logical_Mathematical,12.62,2.12,Good
69,Militry,S3406,6,7,15,17,12,18,13,11,S3406,POOR,POOR,BEST,BEST,AVG,BEST,AVG,AVG,Interpersonal,12.38,2.12,Good
69,Militry,S3407,9,6,20,16,11,20,11,13,S3407,POOR,POOR,BEST,BEST,AVG,BEST,AVG,AVG,Bodily,13.25,2.12,Good
69,Militry,S3408,8,5,19,15,13,19,12,14,S3408,POOR,POOR,BEST,BEST,AVG,BEST,AVG,AVG,Bodily,13.12,2.12,Good
69,Militry,S3409,6,6,18,20,14,17,12,11,S3409,POOR,POOR,BEST,BEST,AVG,BEST,AVG,AVG,Logical_Mathematical,13.0,2.12,Good
69,Militry,S3410,5,8,17,19,11,18,11,12,S3410,POOR,POOR,BEST,BEST,AVG,BEST,AVG,AVG,Logical_Mathematical,12.62,2.12,Good
69,Militry,S3411,5,8,16,18,12,20,14,11,S3411,POOR,POOR,BEST,BEST,AVG,BEST,AVG,AVG,Interpersonal,13.0,2.12,Good
69,Militry,S3412,6,8,15,17,11,17,13,13,S3412,POOR,POOR,BEST,BEST,AVG,BEST,AVG,AVG,Logical_Mathematical,12.5,2.12,Good
69,Militry,S3413,9,5,20,16,13,18,11,14,S3413,POOR,POOR,BEST,BEST,AVG,BEST,AVG,AVG,Bodily,13.25,2.12,Good
69,Militry,S3414,8,6,19,15,14,20,12,11,S3414,POOR,POOR,BEST,BEST,AVG,BEST,AVG,AVG,Interpersonal,13.12,2.12,Good
69,Militry,S3415,5,9,18,20,11,19,12,12,S3415,POOR,POOR,BEST,BEST,AVG,BEST,AVG,AVG,Logical_Mathematical,13.25,2.12,Good
69,Militry,S3416,5,8,17,19,12,17,11,13,S3416,POOR,POOR,BEST,BEST,AVG,BEST,AVG,AVG,Logical_Mathematical,12.75,2.12,Good
69,Militry,S3417,6,6,16,18,11,18,14,11,S3417,POOR,POOR,BEST,BEST,AVG,BEST,AVG,AVG,Logical_Mathematical,12.5,2.12,Good
69,Militry,S3418,9,5,15,17,13,20,13,13,S3418,POOR,POOR,BEST,BEST,AVG,BEST,AVG,AVG,Interpersonal,13.12,2.12,Good
69,Militry,S3419,5,5,20,16,14,17,11,14,S3419,POOR,POOR,BEST,BEST,AVG,BEST,AVG,AVG,Bodily,12.75,2.12,Good
69,Militry,S3420,6,6,19,15,11,18,12,11,S3420,POOR,POOR,BEST,BEST,AVG,BEST,AVG,AVG,Bodily,12.25,2.12,Good
69,Militry,S3421,9,9,18,20,12,20,12,12,S3421,POOR,POOR,BEST,BEST,AVG,BEST,AVG,AVG,Logical_Mathematical,14.0,2.12,Good
69,Militry,S3422,8,8,17,19,11,19,11,14,S3422,POOR,POOR,BEST,BEST,AVG,BEST,AVG,AVG,Logical_Mathematical,13.38,2.12,Good
69,Militry,S3423,7,6,16,18,13,17,14,11,S3423,POOR,POOR,BEST,BEST,AVG,BEST,AVG,AVG,Logical_Mathematical,12.75,2.12,Good
69,Militry,S3424,6,5,15,17,14,18,13,13,S3424,POOR,POOR,BEST,BEST,AVG,BEST,AVG,AVG,Interpersonal,12.62,2.12,Good
69,Militry,S3425,5,10,20,16,11,20,11,14,S3425,POOR,POOR,BEST,BEST,AVG,BEST,AVG,AVG,Bodily,13.38,2.12,Good
69,Militry,S3426,6,5,19,15,12,17,12,11,S3426,POOR,POOR,BEST,BEST,AVG,BEST,AVG,AVG,Bodily,12.12,2.12,Good
69,Militry,S3427,5,6,18,20,11,18,12,12,S3427,POOR,POOR,BEST,BEST,AVG,BEST,AVG,AVG,Logical_Mathematical,12.75,2.12,Good
69,Militry,S3428,6,9,17,19,13,20,11,14,S3428,POOR,POOR,BEST,BEST,AVG,BEST,AVG,AVG,Interpersonal,13.62,2.12,Good
69,Militry,S3429,9,8,16,18,14,19,14,11,S3429,POOR,POOR,BEST,BEST,AVG,BEST,AVG,AVG,Interpersonal,13.62,2.12,Good
69,Militry,S3430,8,6,15,17,11,17,13,13,S3430,POOR,POOR,BEST,BEST,AVG,BEST,AVG,AVG,Logical_Mathematical,12.5,2.12,Good
69,Militry,S3431,7,5,20,16,12,18,11,14,S3431,POOR,POOR,BEST,BEST,AVG,BEST,AVG,AVG,Bodily,12.88,2.12,Good
69,Militry,S3432,6,5,19,15,11,20,12,11,S3432,POOR,POOR,BEST,BEST,AVG,BEST,AVG,AVG,Interpersonal,12.38,2.12,Good
69,Militry,S3433,5,6,18,20,13,17,12,12,S3433,POOR,POOR,BEST,BEST,AVG,BEST,AVG,AVG,Logical_Mathematical,12.88,2.12,Good
69,Militry,S3434,6,9,17,19,14,18,11,14,S3434,POOR,POOR,BEST,BEST,AVG,BEST,AVG,AVG,Logical_Mathematical,13.5,2.12,Good
69,Militry,S3435,5,8,16,18,11,20,14,11,S3435,POOR,POOR,BEST,BEST,AVG,BEST,AVG,AVG,Interpersonal,12.88,2.12,Good
69,Militry,S3436,6,6,15,17,12,19,13,13,S3436,POOR,POOR,BEST,BEST,AVG,BEST,AVG,AVG,Interpersonal,12.62,2.12,Good
69,Militry,S3437,9,5,20,16,11,17,11,14,S3437,POOR,POOR,BEST,BEST,AVG,BEST,AVG,AVG,Bodily,12.88,2.12,Good
69,Militry,S3438,8,9,19,15,13,18,12,11,S3438,POOR,POOR,BEST,BEST,AVG,BEST,AVG,AVG,Bodily,13.12,2.12,Good
69,Militry,S3439,7,6,18,20,14,20,12,12,S3439,POOR,POOR,BEST,BEST,AVG,BEST,AVG,AVG,Logical_Mathematical,13.62,2.12,Good
69,Militry,S3440,6,9,17,19,11,17,11,11,S3440,POOR,POOR,BEST,BEST,AVG,BEST,AVG,AVG,Logical_Mathematical,12.62,2.12,Good
69,Militry,S3441,5,8,16,18,12,18,14,11,S3441,POOR,POOR,BEST,BEST,AVG,BEST,AVG,AVG,Logical_Mathematical,12.75,2.12,Good
69,Militry,S3442,6,6,15,17,11,20,13,13,S3442,POOR,POOR,BEST,BEST,AVG,BEST,AVG,AVG,Interpersonal,12.62,2.12,Good
69,Militry,S3443,5,5,20,16,13,19,11,14,S3443,POOR,POOR,BEST,BEST,AVG,BEST,AVG,AVG,Bodily,12.88,2.12,Good
69,Militry,S3444,6,9,19,15,14,17,12,11,S3444,POOR,POOR,BEST,BEST,AVG,BEST,AVG,AVG,Bodily,12.88,2.12,Good
69,Militry,S3445,9,9,18,20,11,18,12,11,S3445,POOR,POOR,BEST,BEST,AVG,BEST,AVG,AVG,Logical_Mathematical,13.5,2.12,Good
69,Militry,S3446,8,8,17,19,12,20,11,13,S3446,POOR,POOR,BEST,BEST,AVG,BEST,AVG,AVG,Interpersonal,13.5,2.12,Good
69,Militry,S3447,7,6,16,18,11,17,14,14,S3447,POOR,POOR,BEST,BEST,AVG,BEST,AVG,AVG,Logical_Mathematical,12.88,2.12,Good
69,Militry,S3448,6,5,15,17,13,18,13,11,S3448,POOR,POOR,BEST,BEST,AVG,BEST,AVG,AVG,Interpersonal,12.25,2.12,Good
69,Militry,S3449,5,9,17,16,14,20,12,12,S3449,POOR,POOR,BEST,BEST,AVG,BEST,AVG,AVG,Interpersonal,13.12,2.12,Good
69,Militry,S3450,6,5,16,15,11,17,13,14,S3450,POOR,POOR,BEST,BEST,AVG,BEST,AVG,AVG,Interpersonal,12.12,2.12,Good
70,Para Militry (https://en.wikipedia.org/wiki/Paramilitary_forces_of_India),S3451,7,6,20,20,11,19,11,11,S3451,POOR,POOR,BEST,BEST,AVG,BEST,AVG,AVG,Bodily,13.12,2.12,Good
70,Para Militry (https://en.wikipedia.org/wiki/Paramilitary_forces_of_India),S3452,6,7,19,19,12,19,13,12,S3452,POOR,POOR,BEST,BEST,AVG,BEST,AVG,AVG,Bodily,13.38,2.12,Good
70,Para Militry (https://en.wikipedia.org/wiki/Paramilitary_forces_of_India),S3453,5,6,18,18,12,18,14,12,S3453,POOR,POOR,BEST,BEST,AVG,BEST,AVG,AVG,Bodily,12.88,2.12,Good
70,Para Militry (https://en.wikipedia.org/wiki/Paramilitary_forces_of_India),S3454,6,5,17,17,11,18,11,11,S3454,POOR,POOR,BEST,BEST,AVG,BEST,AVG,AVG,Interpersonal,12.0,2.12,Good
70,Para Militry (https://en.wikipedia.org/wiki/Paramilitary_forces_of_India),S3455,5,8,16,16,14,17,12,14,S3455,POOR,POOR,BEST,BEST,AVG,BEST,AVG,AVG,Interpersonal,12.75,2.12,Good
70,Para Militry (https://en.wikipedia.org/wiki/Paramilitary_forces_of_India),S3456,6,9,15,15,13,17,11,13,S3456,POOR,POOR,BEST,BEST,AVG,BEST,AVG,AVG,Interpersonal,12.38,2.12,Good
70,Para Militry (https://en.wikipedia.org/wiki/Paramilitary_forces_of_India),S3457,9,7,20,20,11,16,13,11,S3457,POOR,POOR,BEST,BEST,AVG,BEST,AVG,AVG,Bodily,13.38,2.12,Good
70,Para Militry (https://en.wikipedia.org/wiki/Paramilitary_forces_of_India),S3458,8,6,19,19,12,16,14,12,S3458,POOR,POOR,BEST,BEST,AVG,BEST,AVG,AVG,Bodily,13.25,2.12,Good
70,Para Militry (https://en.wikipedia.org/wiki/Paramilitary_forces_of_India),S3459,7,5,20,18,12,15,11,12,S3459,POOR,POOR,BEST,BEST,AVG,BEST,AVG,AVG,Bodily,12.5,2.12,Good
70,Para Militry (https://en.wikipedia.org/wiki/Paramilitary_forces_of_India),S3460,6,8,19,17,11,15,11,11,S3460,POOR,POOR,BEST,BEST,AVG,BEST,AVG,AVG,Bodily,12.25,2.12,Good
70,Para Militry (https://en.wikipedia.org/wiki/Paramilitary_forces_of_India),S3461,5,9,18,16,14,19,13,14,S3461,POOR,POOR,BEST,BEST,AVG,BEST,AVG,AVG,Interpersonal,13.5,2.12,Good
70,Para Militry (https://en.wikipedia.org/wiki/Paramilitary_forces_of_India),S3462,6,7,17,15,13,19,14,13,S3462,POOR,POOR,BEST,BEST,AVG,BEST,AVG,AVG,Interpersonal,13.0,2.12,Good
70,Para Militry (https://en.wikipedia.org/wiki/Paramilitary_forces_of_India),S3463,5,6,16,20,11,18,11,11,S3463,POOR,POOR,BEST,BEST,AVG,BEST,AVG,AVG,Logical_Mathematical,12.25,2.12,Good
70,Para Militry (https://en.wikipedia.org/wiki/Paramilitary_forces_of_India),S3464,6,5,15,19,12,18,12,12,S3464,POOR,POOR,BEST,BEST,AVG,BEST,AVG,AVG,Logical_Mathematical,12.38,2.12,Good
70,Para Militry (https://en.wikipedia.org/wiki/Paramilitary_forces_of_India),S3465,9,8,20,18,12,17,11,12,S3465,POOR,POOR,BEST,BEST,AVG,BEST,AVG,AVG,Bodily,13.38,2.12,Good
70,Para Militry (https://en.wikipedia.org/wiki/Paramilitary_forces_of_India),S3466,8,9,20,17,11,17,13,11,S3466,POOR,POOR,BEST,BEST,AVG,BEST,AVG,AVG,Bodily,13.25,2.12,Good
70,Para Militry (https://en.wikipedia.org/wiki/Paramilitary_forces_of_India),S3467,7,7,19,16,14,16,14,14,S3467,POOR,POOR,BEST,BEST,AVG,BEST,AVG,AVG,Bodily,13.38,2.12,Good
70,Para Militry (https://en.wikipedia.org/wiki/Paramilitary_forces_of_India),S3468,6,6,18,15,13,16,11,13,S3468,POOR,POOR,BEST,BEST,AVG,BEST,AVG,AVG,Bodily,12.25,2.12,Good
70,Para Militry (https://en.wikipedia.org/wiki/Paramilitary_forces_of_India),S3469,5,5,17,20,11,15,11,11,S3469,POOR,POOR,BEST,BEST,AVG,BEST,AVG,AVG,Logical_Mathematical,11.88,2.12,Good
70,Para Militry (https://en.wikipedia.org/wiki/Paramilitary_forces_of_India),S3470,6,8,16,19,12,15,13,12,S3470,POOR,POOR,BEST,BEST,AVG,BEST,AVG,AVG,Logical_Mathematical,12.62,2.12,Good
70,Para Militry (https://en.wikipedia.org/wiki/Paramilitary_forces_of_India),S3471,5,9,15,18,12,19,14,12,S3471,POOR,POOR,BEST,BEST,AVG,BEST,AVG,AVG,Interpersonal,13.0,2.12,Good
70,Para Militry (https://en.wikipedia.org/wiki/Paramilitary_forces_of_India),S3472,6,7,20,17,11,19,11,11,S3472,POOR,POOR,BEST,BEST,AVG,BEST,AVG,AVG,Bodily,12.75,2.12,Good
70,Para Militry (https://en.wikipedia.org/wiki/Paramilitary_forces_of_India),S3473,9,6,20,16,14,18,12,14,S3473,POOR,POOR,BEST,BEST,AVG,BEST,AVG,AVG,Bodily,13.62,2.12,Good
70,Para Militry (https://en.wikipedia.org/wiki/Paramilitary_forces_of_India),S3474,8,5,19,15,13,18,11,13,S3474,POOR,POOR,BEST,BEST,AVG,BEST,AVG,AVG,Bodily,12.75,2.12,Good
70,Para Militry (https://en.wikipedia.org/wiki/Paramilitary_forces_of_India),S3475,7,8,18,20,11,17,13,11,S3475,POOR,POOR,BEST,BEST,AVG,BEST,AVG,AVG,Logical_Mathematical,13.12,2.12,Good
70,Para Militry (https://en.wikipedia.org/wiki/Paramilitary_forces_of_India),S3476,6,9,17,19,12,17,14,12,S3476,POOR,POOR,BEST,BEST,AVG,BEST,AVG,AVG,Logical_Mathematical,13.25,2.12,Good
70,Para Militry (https://en.wikipedia.org/wiki/Paramilitary_forces_of_India),S3477,5,7,16,18,12,16,11,12,S3477,POOR,POOR,BEST,BEST,AVG,BEST,AVG,AVG,Logical_Mathematical,12.12,2.12,Good
70,Para Militry (https://en.wikipedia.org/wiki/Paramilitary_forces_of_India),S3478,6,6,15,17,11,16,11,11,S3478,POOR,POOR,BEST,BEST,AVG,BEST,AVG,AVG,Logical_Mathematical,11.62,2.12,Good
70,Para Militry (https://en.wikipedia.org/wiki/Paramilitary_forces_of_India),S3479,5,5,20,16,14,15,13,14,S3479,POOR,POOR,BEST,BEST,AVG,BEST,AVG,AVG,Bodily,12.75,2.12,Good
70,Para Militry (https://en.wikipedia.org/wiki/Paramilitary_forces_of_India),S3480,6,8,20,15,13,15,14,13,S3480,POOR,POOR,BEST,BEST,AVG,BEST,AVG,AVG,Bodily,13.0,2.12,Good
70,Para Militry (https://en.wikipedia.org/wiki/Paramilitary_forces_of_India),S3481,9,9,19,20,11,19,11,11,S3481,POOR,POOR,BEST,BEST,AVG,BEST,AVG,AVG,Logical_Mathematical,13.62,2.12,Good
70,Para Militry (https://en.wikipedia.org/wiki/Paramilitary_forces_of_India),S3482,8,7,18,19,12,19,12,12,S3482,POOR,POOR,BEST,BEST,AVG,BEST,AVG,AVG,Logical_Mathematical,13.38,2.12,Good
70,Para Militry (https://en.wikipedia.org/wiki/Paramilitary_forces_of_India),S3483,7,6,17,18,12,18,11,12,S3483,POOR,POOR,BEST,BEST,AVG,BEST,AVG,AVG,Logical_Mathematical,12.62,2.12,Good
70,Para Militry (https://en.wikipedia.org/wiki/Paramilitary_forces_of_India),S3484,6,5,16,17,11,18,13,11,S3484,POOR,POOR,BEST,BEST,AVG,BEST,AVG,AVG,Interpersonal,12.12,2.12,Good
70,Para Militry (https://en.wikipedia.org/wiki/Paramilitary_forces_of_India),S3485,5,8,15,16,14,17,14,14,S3485,POOR,POOR,BEST,BEST,AVG,BEST,AVG,AVG,Interpersonal,12.88,2.12,Good
70,Para Militry (https://en.wikipedia.org/wiki/Paramilitary_forces_of_India),S3486,6,9,20,15,13,17,11,13,S3486,POOR,POOR,BEST,BEST,AVG,BEST,AVG,AVG,Bodily,13.0,2.12,Good
70,Para Militry (https://en.wikipedia.org/wiki/Paramilitary_forces_of_India),S3487,5,7,20,20,11,19,11,11,S3487,POOR,POOR,BEST,BEST,AVG,BEST,AVG,AVG,Bodily,13.0,2.12,Good
70,Para Militry (https://en.wikipedia.org/wiki/Paramilitary_forces_of_India),S3488,6,6,20,19,12,19,13,12,S3488,POOR,POOR,BEST,BEST,AVG,BEST,AVG,AVG,Bodily,13.38,2.12,Good
70,Para Militry (https://en.wikipedia.org/wiki/Paramilitary_forces_of_India),S3489,9,5,19,18,12,18,14,12,S3489,POOR,POOR,BEST,BEST,AVG,BEST,AVG,AVG,Bodily,13.38,2.12,Good
70,Para Militry (https://en.wikipedia.org/wiki/Paramilitary_forces_of_India),S3490,8,8,18,17,11,18,11,11,S3490,POOR,POOR,BEST,BEST,AVG,BEST,AVG,AVG,Bodily,12.75,2.12,Good
70,Para Militry (https://en.wikipedia.org/wiki/Paramilitary_forces_of_India),S3491,7,9,17,16,14,17,12,14,S3491,POOR,POOR,BEST,BEST,AVG,BEST,AVG,AVG,Bodily,13.25,2.12,Good
70,Para Militry (https://en.wikipedia.org/wiki/Paramilitary_forces_of_India),S3492,6,7,16,15,13,17,11,13,S3492,POOR,POOR,BEST,BEST,AVG,BEST,AVG,AVG,Interpersonal,12.25,2.12,Good
70,Para Militry (https://en.wikipedia.org/wiki/Paramilitary_forces_of_India),S3493,5,6,15,20,11,16,13,11,S3493,POOR,POOR,BEST,BEST,AVG,BEST,AVG,AVG,Logical_Mathematical,12.12,2.12,Good
70,Para Militry (https://en.wikipedia.org/wiki/Paramilitary_forces_of_India),S3494,6,5,20,19,12,16,14,12,S3494,POOR,POOR,BEST,BEST,AVG,BEST,AVG,AVG,Bodily,13.0,2.12,Good
70,Para Militry (https://en.wikipedia.org/wiki/Paramilitary_forces_of_India),S3495,5,8,20,18,12,15,12,12,S3495,POOR,POOR,BEST,BEST,AVG,BEST,AVG,AVG,Bodily,12.75,2.12,Good
70,Para Militry (https://en.wikipedia.org/wiki/Paramilitary_forces_of_India),S3496,6,9,19,17,11,15,11,11,S3496,POOR,POOR,BEST,BEST,AVG,BEST,AVG,AVG,Bodily,12.38,2.12,Good
70,Para Militry (https://en.wikipedia.org/wiki/Paramilitary_forces_of_India),S3497,9,8,18,16,14,19,13,14,S3497,POOR,POOR,BEST,BEST,AVG,BEST,AVG,AVG,Interpersonal,13.88,2.12,Good
70,Para Militry (https://en.wikipedia.org/wiki/Paramilitary_forces_of_India),S3498,8,5,17,15,13,19,14,13,S3498,POOR,POOR,BEST,BEST,AVG,BEST,AVG,AVG,Interpersonal,13.0,2.12,Good
70,Para Militry (https://en.wikipedia.org/wiki/Paramilitary_forces_of_India),S3499,5,9,16,17,12,18,12,12,S3499,POOR,POOR,BEST,BEST,AVG,BEST,AVG,AVG,Interpersonal,12.62,2.12,Good
70,Para Militry (https://en.wikipedia.org/wiki/Paramilitary_forces_of_India),S3500,7,8,15,16,13,18,13,13,S3500,POOR,POOR,BEST,BEST,AVG,BEST,AVG,AVG,Interpersonal,12.88,2.12,Good
71,"Police Force (Spies, CBI officials, CID, Detectives)",S3501,5,9,19,20,12,17,11,12,S3501,POOR,POOR,BEST,BEST,AVG,BEST,AVG,AVG,Logical_Mathematical,13.12,2.12,Good
71,"Police Force (Spies, CBI officials, CID, Detectives)",S3502,8,8,18,19,12,20,12,12,S3502,POOR,POOR,BEST,BEST,AVG,BEST,AVG,AVG,Interpersonal,13.62,2.12,Good
71,"Police Force (Spies, CBI officials, CID, Detectives)",S3503,9,7,17,18,12,20,12,12,S3503,POOR,POOR,BEST,BEST,AVG,BEST,AVG,AVG,Interpersonal,13.38,2.12,Good
71,"Police Force (Spies, CBI officials, CID, Detectives)",S3504,8,6,16,17,12,20,11,12,S3504,POOR,POOR,BEST,BEST,AVG,BEST,AVG,AVG,Interpersonal,12.75,2.12,Good
71,"Police Force (Spies, CBI officials, CID, Detectives)",S3505,5,5,15,16,12,20,14,12,S3505,POOR,POOR,BEST,BEST,AVG,BEST,AVG,AVG,Interpersonal,12.38,2.12,Good
71,"Police Force (Spies, CBI officials, CID, Detectives)",S3506,9,6,20,15,12,20,13,12,S3506,POOR,POOR,BEST,BEST,AVG,BEST,AVG,AVG,Bodily,13.38,2.12,Good
71,"Police Force (Spies, CBI officials, CID, Detectives)",S3507,8,5,19,20,12,20,11,12,S3507,POOR,POOR,BEST,BEST,AVG,BEST,AVG,AVG,Logical_Mathematical,13.38,2.12,Good
71,"Police Force (Spies, CBI officials, CID, Detectives)",S3508,6,6,18,19,12,20,12,12,S3508,POOR,POOR,BEST,BEST,AVG,BEST,AVG,AVG,Interpersonal,13.12,2.12,Good
71,"Police Force (Spies, CBI officials, CID, Detectives)",S3509,9,8,17,18,12,20,12,12,S3509,POOR,POOR,BEST,BEST,AVG,BEST,AVG,AVG,Interpersonal,13.5,2.12,Good
71,"Police Force (Spies, CBI officials, CID, Detectives)",S3510,8,9,19,17,13,20,11,13,S3510,POOR,POOR,BEST,BEST,AVG,BEST,AVG,AVG,Interpersonal,13.75,2.12,Good
71,"Police Force (Spies, CBI officials, CID, Detectives)",S3511,7,8,19,16,13,20,14,13,S3511,POOR,POOR,BEST,BEST,AVG,BEST,AVG,AVG,Interpersonal,13.75,2.12,Good
71,"Police Force (Spies, CBI officials, CID, Detectives)",S3512,6,5,18,15,13,20,13,13,S3512,POOR,POOR,BEST,BEST,AVG,BEST,AVG,AVG,Interpersonal,12.88,2.12,Good
71,"Police Force (Spies, CBI officials, CID, Detectives)",S3513,5,9,17,20,13,20,11,13,S3513,POOR,POOR,BEST,BEST,AVG,BEST,AVG,AVG,Logical_Mathematical,13.5,2.12,Good
71,"Police Force (Spies, CBI officials, CID, Detectives)",S3514,6,8,16,19,13,20,12,13,S3514,POOR,POOR,BEST,BEST,AVG,BEST,AVG,AVG,Interpersonal,13.38,2.12,Good
71,"Police Force (Spies, CBI officials, CID, Detectives)",S3515,5,9,15,18,13,20,12,13,S3515,POOR,POOR,BEST,BEST,AVG,BEST,AVG,AVG,Interpersonal,13.12,2.12,Good
71,"Police Force (Spies, CBI officials, CID, Detectives)",S3516,6,8,20,17,13,20,11,13,S3516,POOR,POOR,BEST,BEST,AVG,BEST,AVG,AVG,Bodily,13.5,2.12,Good
71,"Police Force (Spies, CBI officials, CID, Detectives)",S3517,9,7,19,16,13,20,14,13,S3517,POOR,POOR,BEST,BEST,AVG,BEST,AVG,AVG,Interpersonal,13.88,2.12,Good
71,"Police Force (Spies, CBI officials, CID, Detectives)",S3518,8,6,18,15,13,20,13,13,S3518,POOR,POOR,BEST,BEST,AVG,BEST,AVG,AVG,Interpersonal,13.25,2.12,Good
71,"Police Force (Spies, CBI officials, CID, Detectives)",S3519,5,5,17,20,13,20,11,13,S3519,POOR,POOR,BEST,BEST,AVG,BEST,AVG,AVG,Logical_Mathematical,13.0,2.12,Good
71,"Police Force (Spies, CBI officials, CID, Detectives)",S3520,9,6,19,19,14,20,12,14,S3520,POOR,POOR,BEST,BEST,AVG,BEST,AVG,AVG,Interpersonal,14.12,2.12,Good
71,"Police Force (Spies, CBI officials, CID, Detectives)",S3521,8,5,18,18,14,18,12,14,S3521,POOR,POOR,BEST,BEST,AVG,BEST,AVG,AVG,Bodily,13.38,2.12,Good
71,"Police Force (Spies, CBI officials, CID, Detectives)",S3522,5,6,17,17,14,18,11,14,S3522,POOR,POOR,BEST,BEST,AVG,BEST,AVG,AVG,Interpersonal,12.75,2.12,Good
71,"Police Force (Spies, CBI officials, CID, Detectives)",S3523,5,8,16,16,14,18,14,14,S3523,POOR,POOR,BEST,BEST,AVG,BEST,AVG,AVG,Interpersonal,13.12,2.12,Good
71,"Police Force (Spies, CBI officials, CID, Detectives)",S3524,5,9,15,15,14,18,13,14,S3524,POOR,POOR,BEST,BEST,AVG,BEST,AVG,AVG,Interpersonal,12.88,2.12,Good
71,"Police Force (Spies, CBI officials, CID, Detectives)",S3525,5,8,20,20,14,18,11,14,S3525,POOR,POOR,BEST,BEST,AVG,BEST,AVG,AVG,Bodily,13.75,2.12,Good
71,"Police Force (Spies, CBI officials, CID, Detectives)",S3526,8,5,19,19,14,18,12,14,S3526,POOR,POOR,BEST,BEST,AVG,BEST,AVG,AVG,Bodily,13.62,2.12,Good
71,"Police Force (Spies, CBI officials, CID, Detectives)",S3527,8,9,18,18,14,18,12,14,S3527,POOR,POOR,BEST,BEST,AVG,BEST,AVG,AVG,Bodily,13.88,2.12,Good
71,"Police Force (Spies, CBI officials, CID, Detectives)",S3528,8,8,17,17,14,18,11,14,S3528,POOR,POOR,BEST,BEST,AVG,BEST,AVG,AVG,Interpersonal,13.38,2.12,Good
71,"Police Force (Spies, CBI officials, CID, Detectives)",S3529,5,9,19,16,14,18,14,14,S3529,POOR,POOR,BEST,BEST,AVG,BEST,AVG,AVG,Bodily,13.62,2.12,Good
71,"Police Force (Spies, CBI officials, CID, Detectives)",S3530,8,8,19,15,14,18,13,14,S3530,POOR,POOR,BEST,BEST,AVG,BEST,AVG,AVG,Bodily,13.62,2.12,Good
71,"Police Force (Spies, CBI officials, CID, Detectives)",S3531,9,7,18,20,14,18,11,14,S3531,POOR,POOR,BEST,BEST,AVG,BEST,AVG,AVG,Logical_Mathematical,13.88,2.12,Good
71,"Police Force (Spies, CBI officials, CID, Detectives)",S3532,8,6,17,19,14,15,12,14,S3532,POOR,POOR,BEST,BEST,AVG,BEST,AVG,AVG,Logical_Mathematical,13.12,2.12,Good
71,"Police Force (Spies, CBI officials, CID, Detectives)",S3533,5,5,16,18,14,15,12,14,S3533,POOR,POOR,BEST,BEST,AVG,BEST,AVG,AVG,Logical_Mathematical,12.38,2.12,Good
71,"Police Force (Spies, CBI officials, CID, Detectives)",S3534,9,6,15,17,14,15,11,14,S3534,POOR,POOR,BEST,BEST,AVG,BEST,AVG,AVG,Logical_Mathematical,12.62,2.12,Good
71,"Police Force (Spies, CBI officials, CID, Detectives)",S3535,8,5,20,16,11,15,14,11,S3535,POOR,POOR,BEST,BEST,AVG,BEST,AVG,AVG,Bodily,12.5,2.12,Good
71,"Police Force (Spies, CBI officials, CID, Detectives)",S3536,9,6,19,15,11,15,13,11,S3536,POOR,POOR,BEST,BEST,AVG,BEST,AVG,AVG,Bodily,12.38,2.12,Good
71,"Police Force (Spies, CBI officials, CID, Detectives)",S3537,8,8,18,20,11,15,11,11,S3537,POOR,POOR,BEST,BEST,AVG,BEST,AVG,AVG,Logical_Mathematical,12.75,2.12,Good
71,"Police Force (Spies, CBI officials, CID, Detectives)",S3538,7,9,17,19,11,16,12,11,S3538,POOR,POOR,BEST,BEST,AVG,BEST,AVG,AVG,Logical_Mathematical,12.75,2.12,Good
71,"Police Force (Spies, CBI officials, CID, Detectives)",S3539,6,8,19,18,11,16,12,11,S3539,POOR,POOR,BEST,BEST,AVG,BEST,AVG,AVG,Bodily,12.62,2.12,Good
71,"Police Force (Spies, CBI officials, CID, Detectives)",S3540,5,5,18,17,11,16,11,11,S3540,POOR,POOR,BEST,BEST,AVG,BEST,AVG,AVG,Bodily,11.75,2.12,Good
71,"Police Force (Spies, CBI officials, CID, Detectives)",S3541,6,9,17,16,11,16,14,11,S3541,POOR,POOR,BEST,BEST,AVG,BEST,AVG,AVG,Bodily,12.5,2.12,Good
71,"Police Force (Spies, CBI officials, CID, Detectives)",S3542,5,8,16,15,11,16,13,11,S3542,POOR,POOR,BEST,BEST,AVG,BEST,AVG,AVG,Bodily,11.88,2.12,Good
71,"Police Force (Spies, CBI officials, CID, Detectives)",S3543,6,9,15,20,11,16,11,11,S3543,POOR,POOR,BEST,BEST,AVG,BEST,AVG,AVG,Logical_Mathematical,12.38,2.12,Good
71,"Police Force (Spies, CBI officials, CID, Detectives)",S3544,8,8,20,19,11,16,12,11,S3544,POOR,POOR,BEST,BEST,AVG,BEST,AVG,AVG,Bodily,13.12,2.12,Good
71,"Police Force (Spies, CBI officials, CID, Detectives)",S3545,9,7,19,18,12,16,12,12,S3545,POOR,POOR,BEST,BEST,AVG,BEST,AVG,AVG,Bodily,13.12,2.12,Good
71,"Police Force (Spies, CBI officials, CID, Detectives)",S3546,8,6,18,17,12,16,11,12,S3546,POOR,POOR,BEST,BEST,AVG,BEST,AVG,AVG,Bodily,12.5,2.12,Good
71,"Police Force (Spies, CBI officials, CID, Detectives)",S3547,5,5,17,16,12,16,14,12,S3547,POOR,POOR,BEST,BEST,AVG,BEST,AVG,AVG,Bodily,12.12,2.12,Good
71,"Police Force (Spies, CBI officials, CID, Detectives)",S3548,9,6,18,15,12,16,13,12,S3548,POOR,POOR,BEST,BEST,AVG,BEST,AVG,AVG,Bodily,12.62,2.12,Good
71,"Police Force (Spies, CBI officials, CID, Detectives)",S3549,8,5,17,17,12,16,12,12,S3549,POOR,POOR,BEST,BEST,AVG,BEST,AVG,AVG,Bodily,12.38,2.12,Good
71,"Police Force (Spies, CBI officials, CID, Detectives)",S3550,7,6,20,16,12,16,13,12,S3550,POOR,POOR,BEST,BEST,AVG,BEST,AVG,AVG,Bodily,12.75,2.12,Good
72,Software Engineer,S3551,5,5,20,11,12,15,13,12,S3551,POOR,POOR,BEST,AVG,AVG,BEST,AVG,AVG,Bodily,11.62,2.0,Good
72,Software Engineer,S3552,6,5,19,12,14,16,11,12,S3552,POOR,POOR,BEST,AVG,AVG,BEST,AVG,AVG,Bodily,11.88,2.0,Good
72,Software Engineer,S3553,7,6,17,11,13,17,12,12,S3553,POOR,POOR,BEST,AVG,AVG,BEST,AVG,AVG,Bodily,11.88,2.0,Good
72,Software Engineer,S3554,8,6,19,12,11,18,14,12,S3554,POOR,POOR,BEST,AVG,AVG,BEST,AVG,AVG,Bodily,12.5,2.0,Good
72,Software Engineer,S3555,9,7,20,11,12,19,13,13,S3555,POOR,POOR,BEST,AVG,AVG,BEST,AVG,AVG,Bodily,13.0,2.0,Good
72,Software Engineer,S3556,10,7,19,12,14,15,13,11,S3556,POOR,POOR,BEST,AVG,AVG,BEST,AVG,AVG,Bodily,12.62,2.0,Good
72,Software Engineer,S3557,5,8,17,13,13,16,13,12,S3557,POOR,POOR,BEST,AVG,AVG,BEST,AVG,AVG,Bodily,12.12,2.0,Good
72,Software Engineer,S3558,6,8,19,14,11,17,13,14,S3558,POOR,POOR,BEST,AVG,AVG,BEST,AVG,AVG,Bodily,12.75,2.0,Good
72,Software Engineer,S3559,7,9,20,11,12,18,13,12,S3559,POOR,POOR,BEST,AVG,AVG,BEST,AVG,AVG,Bodily,12.75,2.0,Good
72,Software Engineer,S3560,8,9,19,12,14,19,11,12,S3560,POOR,POOR,BEST,AVG,AVG,BEST,AVG,AVG,Bodily,13.0,2.0,Good
72,Software Engineer,S3561,9,5,17,11,13,15,12,12,S3561,POOR,POOR,BEST,AVG,AVG,BEST,AVG,AVG,Bodily,11.75,2.0,Good
72,Software Engineer,S3562,10,5,19,12,11,16,14,12,S3562,POOR,POOR,BEST,AVG,AVG,BEST,AVG,AVG,Bodily,12.38,2.0,Good
72,Software Engineer,S3563,5,6,20,13,12,17,11,13,S3563,POOR,POOR,BEST,AVG,AVG,BEST,AVG,AVG,Bodily,12.12,2.0,Good
72,Software Engineer,S3564,6,6,19,14,14,18,11,11,S3564,POOR,POOR,BEST,AVG,AVG,BEST,AVG,AVG,Bodily,12.38,2.0,Good
72,Software Engineer,S3565,7,7,17,11,13,19,11,12,S3565,POOR,POOR,BEST,AVG,AVG,BEST,AVG,AVG,Interpersonal,12.12,2.0,Good
72,Software Engineer,S3566,8,7,19,12,11,15,11,14,S3566,POOR,POOR,BEST,AVG,AVG,BEST,AVG,AVG,Bodily,12.12,2.0,Good
72,Software Engineer,S3567,9,8,15,11,12,16,13,13,S3567,POOR,POOR,BEST,AVG,AVG,BEST,AVG,AVG,Interpersonal,12.12,2.0,Good
72,Software Engineer,S3568,10,8,16,12,14,17,11,13,S3568,POOR,POOR,BEST,AVG,AVG,BEST,AVG,AVG,Interpersonal,12.62,2.0,Good
72,Software Engineer,S3569,5,9,17,13,13,18,12,13,S3569,POOR,POOR,BEST,AVG,AVG,BEST,AVG,AVG,Interpersonal,12.5,2.0,Good
72,Software Engineer,S3570,6,9,18,14,11,19,14,13,S3570,POOR,POOR,BEST,AVG,AVG,BEST,AVG,AVG,Interpersonal,13.0,2.0,Good
72,Software Engineer,S3571,7,5,15,11,12,15,12,13,S3571,POOR,POOR,BEST,AVG,AVG,BEST,AVG,AVG,Bodily,11.25,2.0,Good
72,Software Engineer,S3572,8,5,16,12,14,16,12,11,S3572,POOR,POOR,BEST,AVG,AVG,BEST,AVG,AVG,Bodily,11.75,2.0,Good
72,Software Engineer,S3573,9,6,17,11,13,17,12,12,S3573,POOR,POOR,BEST,AVG,AVG,BEST,AVG,AVG,Bodily,12.12,2.0,Good
72,Software Engineer,S3574,10,6,18,12,11,18,12,14,S3574,POOR,POOR,BEST,AVG,AVG,BEST,AVG,AVG,Bodily,12.62,2.0,Good
72,Software Engineer,S3575,5,7,15,13,12,19,13,11,S3575,POOR,POOR,BEST,AVG,AVG,BEST,AVG,AVG,Interpersonal,11.88,2.0,Good
72,Software Engineer,S3576,6,7,16,14,14,15,11,11,S3576,POOR,POOR,BEST,AVG,AVG,BEST,AVG,AVG,Bodily,11.75,2.0,Good
72,Software Engineer,S3577,7,8,17,11,13,16,12,11,S3577,POOR,POOR,BEST,AVG,AVG,BEST,AVG,AVG,Bodily,11.88,2.0,Good
72,Software Engineer,S3578,8,8,18,12,11,17,14,11,S3578,POOR,POOR,BEST,AVG,AVG,BEST,AVG,AVG,Bodily,12.38,2.0,Good
72,Software Engineer,S3579,9,9,15,11,12,18,12,13,S3579,POOR,POOR,BEST,AVG,AVG,BEST,AVG,AVG,Interpersonal,12.38,2.0,Good
72,Software Engineer,S3580,10,9,16,12,14,19,12,11,S3580,POOR,POOR,BEST,AVG,AVG,BEST,AVG,AVG,Interpersonal,12.88,2.0,Good
72,Software Engineer,S3581,5,5,17,13,13,15,12,12,S3581,POOR,POOR,BEST,AVG,AVG,BEST,AVG,AVG,Bodily,11.5,2.0,Good
72,Software Engineer,S3582,6,5,18,14,11,16,12,14,S3582,POOR,POOR,BEST,AVG,AVG,BEST,AVG,AVG,Bodily,12.0,2.0,Good
72,Software Engineer,S3583,7,6,15,11,12,17,13,12,S3583,POOR,POOR,BEST,AVG,AVG,BEST,AVG,AVG,Interpersonal,11.62,2.0,Good
72,Software Engineer,S3584,8,6,16,12,14,18,11,12,S3584,POOR,POOR,BEST,AVG,AVG,BEST,AVG,AVG,Interpersonal,12.12,2.0,Good
72,Software Engineer,S3585,9,7,17,11,13,19,12,12,S3585,POOR,POOR,BEST,AVG,AVG,BEST,AVG,AVG,Interpersonal,12.5,2.0,Good
72,Software Engineer,S3586,10,7,18,12,11,15,14,12,S3586,POOR,POOR,BEST,AVG,AVG,BEST,AVG,AVG,Bodily,12.38,2.0,Good
72,Software Engineer,S3587,5,8,15,13,12,16,11,13,S3587,POOR,POOR,BEST,AVG,AVG,BEST,AVG,AVG,Interpersonal,11.62,2.0,Good
72,Software Engineer,S3588,6,8,16,14,14,17,11,11,S3588,POOR,POOR,BEST,AVG,AVG,BEST,AVG,AVG,Interpersonal,12.12,2.0,Good
72,Software Engineer,S3589,7,9,17,11,13,18,11,12,S3589,POOR,POOR,BEST,AVG,AVG,BEST,AVG,AVG,Interpersonal,12.25,2.0,Good
72,Software Engineer,S3590,8,9,18,12,11,19,11,14,S3590,POOR,POOR,BEST,AVG,AVG,BEST,AVG,AVG,Interpersonal,12.75,2.0,Good
72,Software Engineer,S3591,9,5,18,11,12,15,13,12,S3591,POOR,POOR,BEST,AVG,AVG,BEST,AVG,AVG,Bodily,11.88,2.0,Good
72,Software Engineer,S3592,10,5,15,12,14,16,11,12,S3592,POOR,POOR,BEST,AVG,AVG,BEST,AVG,AVG,Interpersonal,11.88,2.0,Good
72,Software Engineer,S3593,5,6,16,13,13,17,12,12,S3593,POOR,POOR,BEST,AVG,AVG,BEST,AVG,AVG,Interpersonal,11.75,2.0,Good
72,Software Engineer,S3594,6,6,17,14,11,18,14,12,S3594,POOR,POOR,BEST,AVG,AVG,BEST,AVG,AVG,Interpersonal,12.25,2.0,Good
72,Software Engineer,S3595,7,7,18,11,12,19,14,13,S3595,POOR,POOR,BEST,AVG,AVG,BEST,AVG,AVG,Interpersonal,12.62,2.0,Good
72,Software Engineer,S3596,8,7,15,12,14,15,14,11,S3596,POOR,POOR,BEST,AVG,AVG,BEST,AVG,AVG,Bodily,12.0,2.0,Good
72,Software Engineer,S3597,9,8,16,11,13,16,14,12,S3597,POOR,POOR,BEST,AVG,AVG,BEST,AVG,AVG,Bodily,12.38,2.0,Good
72,Software Engineer,S3598,10,8,17,12,11,17,14,14,S3598,POOR,POOR,BEST,AVG,AVG,BEST,AVG,AVG,Bodily,12.88,2.0,Good
72,Software Engineer,S3599,6,9,19,13,13,18,13,11,S3599,POOR,POOR,BEST,AVG,AVG,BEST,AVG,AVG,Bodily,12.75,2.0,Good
72,Software Engineer,S3600,8,9,18,14,14,19,14,11,S3600,POOR,POOR,BEST,AVG,AVG,BEST,AVG,AVG,Interpersonal,13.38,2.0,Good
